TimeQuest Timing Analyzer report for top_cerradura
Mon Apr 06 17:26:34 2026
Quartus II 64-Bit Version 13.1.0 Build 162 10/23/2013 SJ Web Edition


---------------------
; Table of Contents ;
---------------------
  1. Legal Notice
  2. TimeQuest Timing Analyzer Summary
  3. Parallel Compilation
  4. Clocks
  5. Slow 1200mV 85C Model Fmax Summary
  6. Timing Closure Recommendations
  7. Slow 1200mV 85C Model Setup Summary
  8. Slow 1200mV 85C Model Hold Summary
  9. Slow 1200mV 85C Model Recovery Summary
 10. Slow 1200mV 85C Model Removal Summary
 11. Slow 1200mV 85C Model Minimum Pulse Width Summary
 12. Slow 1200mV 85C Model Setup: 'divisorfrec:U2|clk1'
 13. Slow 1200mV 85C Model Setup: 'confirmar'
 14. Slow 1200mV 85C Model Setup: 'CLOCK_50'
 15. Slow 1200mV 85C Model Setup: 'Clock_reg'
 16. Slow 1200mV 85C Model Hold: 'divisorfrec:U2|clk1'
 17. Slow 1200mV 85C Model Hold: 'CLOCK_50'
 18. Slow 1200mV 85C Model Hold: 'confirmar'
 19. Slow 1200mV 85C Model Hold: 'Clock_reg'
 20. Slow 1200mV 85C Model Minimum Pulse Width: 'CLOCK_50'
 21. Slow 1200mV 85C Model Minimum Pulse Width: 'Clock_reg'
 22. Slow 1200mV 85C Model Minimum Pulse Width: 'confirmar'
 23. Slow 1200mV 85C Model Minimum Pulse Width: 'divisorfrec:U2|clk1'
 24. Setup Times
 25. Hold Times
 26. Clock to Output Times
 27. Minimum Clock to Output Times
 28. Slow 1200mV 85C Model Metastability Report
 29. Slow 1200mV 0C Model Fmax Summary
 30. Slow 1200mV 0C Model Setup Summary
 31. Slow 1200mV 0C Model Hold Summary
 32. Slow 1200mV 0C Model Recovery Summary
 33. Slow 1200mV 0C Model Removal Summary
 34. Slow 1200mV 0C Model Minimum Pulse Width Summary
 35. Slow 1200mV 0C Model Setup: 'divisorfrec:U2|clk1'
 36. Slow 1200mV 0C Model Setup: 'confirmar'
 37. Slow 1200mV 0C Model Setup: 'CLOCK_50'
 38. Slow 1200mV 0C Model Setup: 'Clock_reg'
 39. Slow 1200mV 0C Model Hold: 'divisorfrec:U2|clk1'
 40. Slow 1200mV 0C Model Hold: 'CLOCK_50'
 41. Slow 1200mV 0C Model Hold: 'confirmar'
 42. Slow 1200mV 0C Model Hold: 'Clock_reg'
 43. Slow 1200mV 0C Model Minimum Pulse Width: 'CLOCK_50'
 44. Slow 1200mV 0C Model Minimum Pulse Width: 'Clock_reg'
 45. Slow 1200mV 0C Model Minimum Pulse Width: 'confirmar'
 46. Slow 1200mV 0C Model Minimum Pulse Width: 'divisorfrec:U2|clk1'
 47. Setup Times
 48. Hold Times
 49. Clock to Output Times
 50. Minimum Clock to Output Times
 51. Slow 1200mV 0C Model Metastability Report
 52. Fast 1200mV 0C Model Setup Summary
 53. Fast 1200mV 0C Model Hold Summary
 54. Fast 1200mV 0C Model Recovery Summary
 55. Fast 1200mV 0C Model Removal Summary
 56. Fast 1200mV 0C Model Minimum Pulse Width Summary
 57. Fast 1200mV 0C Model Setup: 'divisorfrec:U2|clk1'
 58. Fast 1200mV 0C Model Setup: 'confirmar'
 59. Fast 1200mV 0C Model Setup: 'CLOCK_50'
 60. Fast 1200mV 0C Model Setup: 'Clock_reg'
 61. Fast 1200mV 0C Model Hold: 'divisorfrec:U2|clk1'
 62. Fast 1200mV 0C Model Hold: 'CLOCK_50'
 63. Fast 1200mV 0C Model Hold: 'confirmar'
 64. Fast 1200mV 0C Model Hold: 'Clock_reg'
 65. Fast 1200mV 0C Model Minimum Pulse Width: 'CLOCK_50'
 66. Fast 1200mV 0C Model Minimum Pulse Width: 'Clock_reg'
 67. Fast 1200mV 0C Model Minimum Pulse Width: 'confirmar'
 68. Fast 1200mV 0C Model Minimum Pulse Width: 'divisorfrec:U2|clk1'
 69. Setup Times
 70. Hold Times
 71. Clock to Output Times
 72. Minimum Clock to Output Times
 73. Fast 1200mV 0C Model Metastability Report
 74. Multicorner Timing Analysis Summary
 75. Setup Times
 76. Hold Times
 77. Clock to Output Times
 78. Minimum Clock to Output Times
 79. Board Trace Model Assignments
 80. Input Transition Times
 81. Slow Corner Signal Integrity Metrics
 82. Fast Corner Signal Integrity Metrics
 83. Setup Transfers
 84. Hold Transfers
 85. Report TCCS
 86. Report RSKM
 87. Unconstrained Paths
 88. TimeQuest Timing Analyzer Messages



----------------
; Legal Notice ;
----------------
Copyright (C) 1991-2013 Altera Corporation
Your use of Altera Corporation's design tools, logic functions 
and other software and tools, and its AMPP partner logic 
functions, and any output files from any of the foregoing 
(including device programming or simulation files), and any 
associated documentation or information are expressly subject 
to the terms and conditions of the Altera Program License 
Subscription Agreement, Altera MegaCore Function License 
Agreement, or other applicable license agreement, including, 
without limitation, that your use is for the sole purpose of 
programming logic devices manufactured by Altera and sold by 
Altera or its authorized distributors.  Please refer to the 
applicable agreement for further details.



+-------------------------------------------------------------------------+
; TimeQuest Timing Analyzer Summary                                       ;
+--------------------+----------------------------------------------------+
; Quartus II Version ; Version 13.1.0 Build 162 10/23/2013 SJ Web Edition ;
; Revision Name      ; top_cerradura                                      ;
; Device Family      ; Cyclone III                                        ;
; Device Name        ; EP3C16F484C6                                       ;
; Timing Models      ; Final                                              ;
; Delay Model        ; Combined                                           ;
; Rise/Fall Delays   ; Enabled                                            ;
+--------------------+----------------------------------------------------+


+------------------------------------------+
; Parallel Compilation                     ;
+----------------------------+-------------+
; Processors                 ; Number      ;
+----------------------------+-------------+
; Number detected on machine ; 8           ;
; Maximum allowed            ; 4           ;
;                            ;             ;
; Average used               ; 1.00        ;
; Maximum used               ; 4           ;
;                            ;             ;
; Usage by Processor         ; % Time Used ;
;     Processor 1            ; 100.0%      ;
;     Processors 2-4         ; < 0.1%      ;
;     Processors 5-8         ;   0.0%      ;
+----------------------------+-------------+


+----------------------------------------------------------------------------------------------------------------------------------------------------------------------------------------------------------+
; Clocks                                                                                                                                                                                                   ;
+---------------------+------+--------+------------+-------+-------+------------+-----------+-------------+-------+--------+-----------+------------+----------+--------+--------+-------------------------+
; Clock Name          ; Type ; Period ; Frequency  ; Rise  ; Fall  ; Duty Cycle ; Divide by ; Multiply by ; Phase ; Offset ; Edge List ; Edge Shift ; Inverted ; Master ; Source ; Targets                 ;
+---------------------+------+--------+------------+-------+-------+------------+-----------+-------------+-------+--------+-----------+------------+----------+--------+--------+-------------------------+
; CLOCK_50            ; Base ; 1.000  ; 1000.0 MHz ; 0.000 ; 0.500 ;            ;           ;             ;       ;        ;           ;            ;          ;        ;        ; { CLOCK_50 }            ;
; Clock_reg           ; Base ; 1.000  ; 1000.0 MHz ; 0.000 ; 0.500 ;            ;           ;             ;       ;        ;           ;            ;          ;        ;        ; { Clock_reg }           ;
; confirmar           ; Base ; 1.000  ; 1000.0 MHz ; 0.000 ; 0.500 ;            ;           ;             ;       ;        ;           ;            ;          ;        ;        ; { confirmar }           ;
; divisorfrec:U2|clk1 ; Base ; 1.000  ; 1000.0 MHz ; 0.000 ; 0.500 ;            ;           ;             ;       ;        ;           ;            ;          ;        ;        ; { divisorfrec:U2|clk1 } ;
+---------------------+------+--------+------------+-------+-------+------------+-----------+-------------+-------+--------+-----------+------------+----------+--------+--------+-------------------------+


+--------------------------------------------------------------------------------------------------------------------+
; Slow 1200mV 85C Model Fmax Summary                                                                                 ;
+------------+-----------------+---------------------+---------------------------------------------------------------+
; Fmax       ; Restricted Fmax ; Clock Name          ; Note                                                          ;
+------------+-----------------+---------------------+---------------------------------------------------------------+
; 233.43 MHz ; 233.43 MHz      ; divisorfrec:U2|clk1 ;                                                               ;
; 273.82 MHz ; 250.0 MHz       ; CLOCK_50            ; limit due to minimum period restriction (max I/O toggle rate) ;
; 746.83 MHz ; 250.0 MHz       ; confirmar           ; limit due to minimum period restriction (max I/O toggle rate) ;
; 802.57 MHz ; 250.0 MHz       ; Clock_reg           ; limit due to minimum period restriction (max I/O toggle rate) ;
+------------+-----------------+---------------------+---------------------------------------------------------------+
This panel reports FMAX for every clock in the design, regardless of the user-specified clock periods.  FMAX is only computed for paths where the source and destination registers or ports are driven by the same clock.  Paths of different clocks, including generated clocks, are ignored.  For paths between a clock and its inversion, FMAX is computed as if the rising and falling edges are scaled along with FMAX, such that the duty cycle (in terms of a percentage) is maintained. Altera recommends that you always use clock constraints and other slack reports for sign-off analysis.


----------------------------------
; Timing Closure Recommendations ;
----------------------------------
HTML report is unavailable in plain text report export.


+----------------------------------------------+
; Slow 1200mV 85C Model Setup Summary          ;
+---------------------+--------+---------------+
; Clock               ; Slack  ; End Point TNS ;
+---------------------+--------+---------------+
; divisorfrec:U2|clk1 ; -4.208 ; -31.529       ;
; confirmar           ; -3.339 ; -6.606        ;
; CLOCK_50            ; -2.652 ; -37.899       ;
; Clock_reg           ; -0.246 ; -0.263        ;
+---------------------+--------+---------------+


+----------------------------------------------+
; Slow 1200mV 85C Model Hold Summary           ;
+---------------------+--------+---------------+
; Clock               ; Slack  ; End Point TNS ;
+---------------------+--------+---------------+
; divisorfrec:U2|clk1 ; -0.374 ; -0.374        ;
; CLOCK_50            ; -0.125 ; -0.125        ;
; confirmar           ; 0.381  ; 0.000         ;
; Clock_reg           ; 0.396  ; 0.000         ;
+---------------------+--------+---------------+


------------------------------------------
; Slow 1200mV 85C Model Recovery Summary ;
------------------------------------------
No paths to report.


-----------------------------------------
; Slow 1200mV 85C Model Removal Summary ;
-----------------------------------------
No paths to report.


+---------------------------------------------------+
; Slow 1200mV 85C Model Minimum Pulse Width Summary ;
+---------------------+--------+--------------------+
; Clock               ; Slack  ; End Point TNS      ;
+---------------------+--------+--------------------+
; CLOCK_50            ; -3.000 ; -29.000            ;
; Clock_reg           ; -3.000 ; -19.000            ;
; confirmar           ; -3.000 ; -5.000             ;
; divisorfrec:U2|clk1 ; -1.000 ; -12.000            ;
+---------------------+--------+--------------------+


+----------------------------------------------------------------------------------------------------------------------------------------------------------+
; Slow 1200mV 85C Model Setup: 'divisorfrec:U2|clk1'                                                                                                       ;
+--------+-------------------------+----------------------------------+---------------------+---------------------+--------------+------------+------------+
; Slack  ; From Node               ; To Node                          ; Launch Clock        ; Latch Clock         ; Relationship ; Clock Skew ; Data Delay ;
+--------+-------------------------+----------------------------------+---------------------+---------------------+--------------+------------+------------+
; -4.208 ; shift_register:U1|D0[1] ; temporizador_open:U6|contador[1] ; Clock_reg           ; divisorfrec:U2|clk1 ; 0.500        ; 0.251      ; 4.944      ;
; -4.208 ; shift_register:U1|D0[1] ; temporizador_open:U6|contador[0] ; Clock_reg           ; divisorfrec:U2|clk1 ; 0.500        ; 0.251      ; 4.944      ;
; -4.208 ; shift_register:U1|D0[1] ; temporizador_open:U6|contador[2] ; Clock_reg           ; divisorfrec:U2|clk1 ; 0.500        ; 0.251      ; 4.944      ;
; -4.163 ; shift_register:U1|D2[2] ; temporizador_open:U6|contador[1] ; Clock_reg           ; divisorfrec:U2|clk1 ; 0.500        ; 0.263      ; 4.911      ;
; -4.163 ; shift_register:U1|D2[2] ; temporizador_open:U6|contador[0] ; Clock_reg           ; divisorfrec:U2|clk1 ; 0.500        ; 0.263      ; 4.911      ;
; -4.163 ; shift_register:U1|D2[2] ; temporizador_open:U6|contador[2] ; Clock_reg           ; divisorfrec:U2|clk1 ; 0.500        ; 0.263      ; 4.911      ;
; -4.124 ; shift_register:U1|D3[0] ; temporizador_open:U6|contador[1] ; Clock_reg           ; divisorfrec:U2|clk1 ; 0.500        ; 0.251      ; 4.860      ;
; -4.124 ; shift_register:U1|D3[0] ; temporizador_open:U6|contador[0] ; Clock_reg           ; divisorfrec:U2|clk1 ; 0.500        ; 0.251      ; 4.860      ;
; -4.124 ; shift_register:U1|D3[0] ; temporizador_open:U6|contador[2] ; Clock_reg           ; divisorfrec:U2|clk1 ; 0.500        ; 0.251      ; 4.860      ;
; -4.012 ; shift_register:U1|D1[1] ; temporizador_open:U6|contador[1] ; Clock_reg           ; divisorfrec:U2|clk1 ; 0.500        ; 0.251      ; 4.748      ;
; -4.012 ; shift_register:U1|D1[1] ; temporizador_open:U6|contador[0] ; Clock_reg           ; divisorfrec:U2|clk1 ; 0.500        ; 0.251      ; 4.748      ;
; -4.012 ; shift_register:U1|D1[1] ; temporizador_open:U6|contador[2] ; Clock_reg           ; divisorfrec:U2|clk1 ; 0.500        ; 0.251      ; 4.748      ;
; -3.976 ; shift_register:U1|D0[2] ; temporizador_open:U6|contador[1] ; Clock_reg           ; divisorfrec:U2|clk1 ; 0.500        ; 0.263      ; 4.724      ;
; -3.976 ; shift_register:U1|D0[2] ; temporizador_open:U6|contador[0] ; Clock_reg           ; divisorfrec:U2|clk1 ; 0.500        ; 0.263      ; 4.724      ;
; -3.976 ; shift_register:U1|D0[2] ; temporizador_open:U6|contador[2] ; Clock_reg           ; divisorfrec:U2|clk1 ; 0.500        ; 0.263      ; 4.724      ;
; -3.938 ; shift_register:U1|D0[1] ; temporizador_open:U6|contando    ; Clock_reg           ; divisorfrec:U2|clk1 ; 0.500        ; 0.251      ; 4.674      ;
; -3.926 ; shift_register:U1|D3[2] ; temporizador_open:U6|contador[1] ; Clock_reg           ; divisorfrec:U2|clk1 ; 0.500        ; 0.263      ; 4.674      ;
; -3.926 ; shift_register:U1|D3[2] ; temporizador_open:U6|contador[0] ; Clock_reg           ; divisorfrec:U2|clk1 ; 0.500        ; 0.263      ; 4.674      ;
; -3.926 ; shift_register:U1|D3[2] ; temporizador_open:U6|contador[2] ; Clock_reg           ; divisorfrec:U2|clk1 ; 0.500        ; 0.263      ; 4.674      ;
; -3.890 ; shift_register:U1|D0[3] ; temporizador_open:U6|contador[1] ; Clock_reg           ; divisorfrec:U2|clk1 ; 0.500        ; 0.251      ; 4.626      ;
; -3.890 ; shift_register:U1|D0[3] ; temporizador_open:U6|contador[0] ; Clock_reg           ; divisorfrec:U2|clk1 ; 0.500        ; 0.251      ; 4.626      ;
; -3.890 ; shift_register:U1|D0[3] ; temporizador_open:U6|contador[2] ; Clock_reg           ; divisorfrec:U2|clk1 ; 0.500        ; 0.251      ; 4.626      ;
; -3.883 ; shift_register:U1|D1[0] ; temporizador_open:U6|contador[1] ; Clock_reg           ; divisorfrec:U2|clk1 ; 0.500        ; 0.251      ; 4.619      ;
; -3.883 ; shift_register:U1|D1[0] ; temporizador_open:U6|contador[0] ; Clock_reg           ; divisorfrec:U2|clk1 ; 0.500        ; 0.251      ; 4.619      ;
; -3.883 ; shift_register:U1|D1[0] ; temporizador_open:U6|contador[2] ; Clock_reg           ; divisorfrec:U2|clk1 ; 0.500        ; 0.251      ; 4.619      ;
; -3.876 ; shift_register:U1|D1[2] ; temporizador_open:U6|contador[1] ; Clock_reg           ; divisorfrec:U2|clk1 ; 0.500        ; 0.263      ; 4.624      ;
; -3.876 ; shift_register:U1|D1[2] ; temporizador_open:U6|contador[0] ; Clock_reg           ; divisorfrec:U2|clk1 ; 0.500        ; 0.263      ; 4.624      ;
; -3.876 ; shift_register:U1|D1[2] ; temporizador_open:U6|contador[2] ; Clock_reg           ; divisorfrec:U2|clk1 ; 0.500        ; 0.263      ; 4.624      ;
; -3.861 ; shift_register:U1|D2[2] ; temporizador_open:U6|contando    ; Clock_reg           ; divisorfrec:U2|clk1 ; 0.500        ; 0.263      ; 4.609      ;
; -3.854 ; shift_register:U1|D3[0] ; temporizador_open:U6|contando    ; Clock_reg           ; divisorfrec:U2|clk1 ; 0.500        ; 0.251      ; 4.590      ;
; -3.834 ; shift_register:U1|D2[0] ; temporizador_open:U6|contador[1] ; Clock_reg           ; divisorfrec:U2|clk1 ; 0.500        ; 0.251      ; 4.570      ;
; -3.834 ; shift_register:U1|D2[0] ; temporizador_open:U6|contador[0] ; Clock_reg           ; divisorfrec:U2|clk1 ; 0.500        ; 0.251      ; 4.570      ;
; -3.834 ; shift_register:U1|D2[0] ; temporizador_open:U6|contador[2] ; Clock_reg           ; divisorfrec:U2|clk1 ; 0.500        ; 0.251      ; 4.570      ;
; -3.781 ; shift_register:U1|D1[3] ; temporizador_open:U6|contador[1] ; Clock_reg           ; divisorfrec:U2|clk1 ; 0.500        ; 0.251      ; 4.517      ;
; -3.781 ; shift_register:U1|D1[3] ; temporizador_open:U6|contador[0] ; Clock_reg           ; divisorfrec:U2|clk1 ; 0.500        ; 0.251      ; 4.517      ;
; -3.781 ; shift_register:U1|D1[3] ; temporizador_open:U6|contador[2] ; Clock_reg           ; divisorfrec:U2|clk1 ; 0.500        ; 0.251      ; 4.517      ;
; -3.761 ; shift_register:U1|D0[0] ; temporizador_open:U6|contador[1] ; Clock_reg           ; divisorfrec:U2|clk1 ; 0.500        ; 0.251      ; 4.497      ;
; -3.761 ; shift_register:U1|D0[0] ; temporizador_open:U6|contador[0] ; Clock_reg           ; divisorfrec:U2|clk1 ; 0.500        ; 0.251      ; 4.497      ;
; -3.761 ; shift_register:U1|D0[0] ; temporizador_open:U6|contador[2] ; Clock_reg           ; divisorfrec:U2|clk1 ; 0.500        ; 0.251      ; 4.497      ;
; -3.743 ; shift_register:U1|D2[3] ; temporizador_open:U6|contador[1] ; Clock_reg           ; divisorfrec:U2|clk1 ; 0.500        ; 0.251      ; 4.479      ;
; -3.743 ; shift_register:U1|D2[3] ; temporizador_open:U6|contador[0] ; Clock_reg           ; divisorfrec:U2|clk1 ; 0.500        ; 0.251      ; 4.479      ;
; -3.743 ; shift_register:U1|D2[3] ; temporizador_open:U6|contador[2] ; Clock_reg           ; divisorfrec:U2|clk1 ; 0.500        ; 0.251      ; 4.479      ;
; -3.733 ; shift_register:U1|D3[1] ; temporizador_open:U6|contador[1] ; Clock_reg           ; divisorfrec:U2|clk1 ; 0.500        ; 0.251      ; 4.469      ;
; -3.733 ; shift_register:U1|D3[1] ; temporizador_open:U6|contador[0] ; Clock_reg           ; divisorfrec:U2|clk1 ; 0.500        ; 0.251      ; 4.469      ;
; -3.733 ; shift_register:U1|D3[1] ; temporizador_open:U6|contador[2] ; Clock_reg           ; divisorfrec:U2|clk1 ; 0.500        ; 0.251      ; 4.469      ;
; -3.725 ; shift_register:U1|D2[1] ; temporizador_open:U6|contador[1] ; Clock_reg           ; divisorfrec:U2|clk1 ; 0.500        ; 0.251      ; 4.461      ;
; -3.725 ; shift_register:U1|D2[1] ; temporizador_open:U6|contador[0] ; Clock_reg           ; divisorfrec:U2|clk1 ; 0.500        ; 0.251      ; 4.461      ;
; -3.725 ; shift_register:U1|D2[1] ; temporizador_open:U6|contador[2] ; Clock_reg           ; divisorfrec:U2|clk1 ; 0.500        ; 0.251      ; 4.461      ;
; -3.710 ; shift_register:U1|D1[1] ; temporizador_open:U6|contando    ; Clock_reg           ; divisorfrec:U2|clk1 ; 0.500        ; 0.251      ; 4.446      ;
; -3.674 ; shift_register:U1|D0[2] ; temporizador_open:U6|contando    ; Clock_reg           ; divisorfrec:U2|clk1 ; 0.500        ; 0.263      ; 4.422      ;
; -3.624 ; shift_register:U1|D3[2] ; temporizador_open:U6|contando    ; Clock_reg           ; divisorfrec:U2|clk1 ; 0.500        ; 0.263      ; 4.372      ;
; -3.620 ; shift_register:U1|D0[3] ; temporizador_open:U6|contando    ; Clock_reg           ; divisorfrec:U2|clk1 ; 0.500        ; 0.251      ; 4.356      ;
; -3.613 ; shift_register:U1|D1[0] ; temporizador_open:U6|contando    ; Clock_reg           ; divisorfrec:U2|clk1 ; 0.500        ; 0.251      ; 4.349      ;
; -3.574 ; shift_register:U1|D1[2] ; temporizador_open:U6|contando    ; Clock_reg           ; divisorfrec:U2|clk1 ; 0.500        ; 0.263      ; 4.322      ;
; -3.544 ; shift_register:U1|D2[0] ; temporizador_open:U6|contando    ; Clock_reg           ; divisorfrec:U2|clk1 ; 0.500        ; 0.251      ; 4.280      ;
; -3.525 ; shift_register:U1|D3[3] ; temporizador_open:U6|contador[1] ; Clock_reg           ; divisorfrec:U2|clk1 ; 0.500        ; 0.251      ; 4.261      ;
; -3.525 ; shift_register:U1|D3[3] ; temporizador_open:U6|contador[0] ; Clock_reg           ; divisorfrec:U2|clk1 ; 0.500        ; 0.251      ; 4.261      ;
; -3.525 ; shift_register:U1|D3[3] ; temporizador_open:U6|contador[2] ; Clock_reg           ; divisorfrec:U2|clk1 ; 0.500        ; 0.251      ; 4.261      ;
; -3.511 ; shift_register:U1|D1[3] ; temporizador_open:U6|contando    ; Clock_reg           ; divisorfrec:U2|clk1 ; 0.500        ; 0.251      ; 4.247      ;
; -3.473 ; shift_register:U1|D2[3] ; temporizador_open:U6|contando    ; Clock_reg           ; divisorfrec:U2|clk1 ; 0.500        ; 0.251      ; 4.209      ;
; -3.471 ; shift_register:U1|D0[0] ; temporizador_open:U6|contando    ; Clock_reg           ; divisorfrec:U2|clk1 ; 0.500        ; 0.251      ; 4.207      ;
; -3.431 ; shift_register:U1|D3[1] ; temporizador_open:U6|contando    ; Clock_reg           ; divisorfrec:U2|clk1 ; 0.500        ; 0.251      ; 4.167      ;
; -3.423 ; shift_register:U1|D2[1] ; temporizador_open:U6|contando    ; Clock_reg           ; divisorfrec:U2|clk1 ; 0.500        ; 0.251      ; 4.159      ;
; -3.284 ; count18O:U3|CNT_int[3]  ; temporizador_open:U6|contador[1] ; divisorfrec:U2|clk1 ; divisorfrec:U2|clk1 ; 1.000        ; -0.062     ; 4.217      ;
; -3.284 ; count18O:U3|CNT_int[3]  ; temporizador_open:U6|contador[0] ; divisorfrec:U2|clk1 ; divisorfrec:U2|clk1 ; 1.000        ; -0.062     ; 4.217      ;
; -3.284 ; count18O:U3|CNT_int[3]  ; temporizador_open:U6|contador[2] ; divisorfrec:U2|clk1 ; divisorfrec:U2|clk1 ; 1.000        ; -0.062     ; 4.217      ;
; -3.255 ; shift_register:U1|D3[3] ; temporizador_open:U6|contando    ; Clock_reg           ; divisorfrec:U2|clk1 ; 0.500        ; 0.251      ; 3.991      ;
; -3.202 ; count18O:U3|CNT_int[5]  ; temporizador_open:U6|contador[1] ; divisorfrec:U2|clk1 ; divisorfrec:U2|clk1 ; 1.000        ; -0.062     ; 4.135      ;
; -3.202 ; count18O:U3|CNT_int[5]  ; temporizador_open:U6|contador[0] ; divisorfrec:U2|clk1 ; divisorfrec:U2|clk1 ; 1.000        ; -0.062     ; 4.135      ;
; -3.202 ; count18O:U3|CNT_int[5]  ; temporizador_open:U6|contador[2] ; divisorfrec:U2|clk1 ; divisorfrec:U2|clk1 ; 1.000        ; -0.062     ; 4.135      ;
; -3.131 ; count18O:U3|CNT_int[1]  ; temporizador_open:U6|contador[1] ; divisorfrec:U2|clk1 ; divisorfrec:U2|clk1 ; 1.000        ; -0.062     ; 4.064      ;
; -3.131 ; count18O:U3|CNT_int[1]  ; temporizador_open:U6|contador[0] ; divisorfrec:U2|clk1 ; divisorfrec:U2|clk1 ; 1.000        ; -0.062     ; 4.064      ;
; -3.131 ; count18O:U3|CNT_int[1]  ; temporizador_open:U6|contador[2] ; divisorfrec:U2|clk1 ; divisorfrec:U2|clk1 ; 1.000        ; -0.062     ; 4.064      ;
; -3.071 ; count18O:U3|CNT_int[4]  ; temporizador_open:U6|contador[1] ; divisorfrec:U2|clk1 ; divisorfrec:U2|clk1 ; 1.000        ; -0.062     ; 4.004      ;
; -3.071 ; count18O:U3|CNT_int[4]  ; temporizador_open:U6|contador[0] ; divisorfrec:U2|clk1 ; divisorfrec:U2|clk1 ; 1.000        ; -0.062     ; 4.004      ;
; -3.071 ; count18O:U3|CNT_int[4]  ; temporizador_open:U6|contador[2] ; divisorfrec:U2|clk1 ; divisorfrec:U2|clk1 ; 1.000        ; -0.062     ; 4.004      ;
; -3.022 ; count18O:U3|CNT_int[2]  ; temporizador_open:U6|contador[1] ; divisorfrec:U2|clk1 ; divisorfrec:U2|clk1 ; 1.000        ; -0.062     ; 3.955      ;
; -3.022 ; count18O:U3|CNT_int[2]  ; temporizador_open:U6|contador[0] ; divisorfrec:U2|clk1 ; divisorfrec:U2|clk1 ; 1.000        ; -0.062     ; 3.955      ;
; -3.022 ; count18O:U3|CNT_int[2]  ; temporizador_open:U6|contador[2] ; divisorfrec:U2|clk1 ; divisorfrec:U2|clk1 ; 1.000        ; -0.062     ; 3.955      ;
; -3.014 ; count18O:U3|CNT_int[3]  ; temporizador_open:U6|contando    ; divisorfrec:U2|clk1 ; divisorfrec:U2|clk1 ; 1.000        ; -0.062     ; 3.947      ;
; -2.942 ; count18O:U3|CNT_int[6]  ; temporizador_open:U6|contador[1] ; divisorfrec:U2|clk1 ; divisorfrec:U2|clk1 ; 1.000        ; -0.062     ; 3.875      ;
; -2.942 ; count18O:U3|CNT_int[6]  ; temporizador_open:U6|contador[0] ; divisorfrec:U2|clk1 ; divisorfrec:U2|clk1 ; 1.000        ; -0.062     ; 3.875      ;
; -2.942 ; count18O:U3|CNT_int[6]  ; temporizador_open:U6|contador[2] ; divisorfrec:U2|clk1 ; divisorfrec:U2|clk1 ; 1.000        ; -0.062     ; 3.875      ;
; -2.932 ; count18O:U3|CNT_int[5]  ; temporizador_open:U6|contando    ; divisorfrec:U2|clk1 ; divisorfrec:U2|clk1 ; 1.000        ; -0.062     ; 3.865      ;
; -2.851 ; count18O:U3|CNT_int[1]  ; temporizador_open:U6|contando    ; divisorfrec:U2|clk1 ; divisorfrec:U2|clk1 ; 1.000        ; -0.062     ; 3.784      ;
; -2.845 ; count18O:U3|CNT_int[0]  ; temporizador_open:U6|contador[1] ; divisorfrec:U2|clk1 ; divisorfrec:U2|clk1 ; 1.000        ; -0.062     ; 3.778      ;
; -2.845 ; count18O:U3|CNT_int[0]  ; temporizador_open:U6|contador[0] ; divisorfrec:U2|clk1 ; divisorfrec:U2|clk1 ; 1.000        ; -0.062     ; 3.778      ;
; -2.845 ; count18O:U3|CNT_int[0]  ; temporizador_open:U6|contador[2] ; divisorfrec:U2|clk1 ; divisorfrec:U2|clk1 ; 1.000        ; -0.062     ; 3.778      ;
; -2.801 ; count18O:U3|CNT_int[4]  ; temporizador_open:U6|contando    ; divisorfrec:U2|clk1 ; divisorfrec:U2|clk1 ; 1.000        ; -0.062     ; 3.734      ;
; -2.752 ; count18O:U3|CNT_int[2]  ; temporizador_open:U6|contando    ; divisorfrec:U2|clk1 ; divisorfrec:U2|clk1 ; 1.000        ; -0.062     ; 3.685      ;
; -2.672 ; count18O:U3|CNT_int[6]  ; temporizador_open:U6|contando    ; divisorfrec:U2|clk1 ; divisorfrec:U2|clk1 ; 1.000        ; -0.062     ; 3.605      ;
; -2.568 ; count18O:U3|CNT_int[0]  ; temporizador_open:U6|contando    ; divisorfrec:U2|clk1 ; divisorfrec:U2|clk1 ; 1.000        ; -0.062     ; 3.501      ;
; -2.559 ; count18O:U3|CNT_int[7]  ; temporizador_open:U6|contador[1] ; divisorfrec:U2|clk1 ; divisorfrec:U2|clk1 ; 1.000        ; -0.062     ; 3.492      ;
; -2.559 ; count18O:U3|CNT_int[7]  ; temporizador_open:U6|contador[0] ; divisorfrec:U2|clk1 ; divisorfrec:U2|clk1 ; 1.000        ; -0.062     ; 3.492      ;
; -2.559 ; count18O:U3|CNT_int[7]  ; temporizador_open:U6|contador[2] ; divisorfrec:U2|clk1 ; divisorfrec:U2|clk1 ; 1.000        ; -0.062     ; 3.492      ;
; -2.289 ; count18O:U3|CNT_int[7]  ; temporizador_open:U6|contando    ; divisorfrec:U2|clk1 ; divisorfrec:U2|clk1 ; 1.000        ; -0.062     ; 3.222      ;
; -2.087 ; count18O:U3|CNT_int[1]  ; count18O:U3|CNT_int[2]           ; divisorfrec:U2|clk1 ; divisorfrec:U2|clk1 ; 1.000        ; -0.061     ; 3.021      ;
; -2.037 ; count18O:U3|CNT_int[1]  ; count18O:U3|CNT_int[7]           ; divisorfrec:U2|clk1 ; divisorfrec:U2|clk1 ; 1.000        ; -0.062     ; 2.970      ;
; -1.992 ; count18O:U3|CNT_int[1]  ; count18O:U3|CNT_int[6]           ; divisorfrec:U2|clk1 ; divisorfrec:U2|clk1 ; 1.000        ; -0.061     ; 2.926      ;
; -1.918 ; count18O:U3|CNT_int[0]  ; count18O:U3|CNT_int[6]           ; divisorfrec:U2|clk1 ; divisorfrec:U2|clk1 ; 1.000        ; -0.061     ; 2.852      ;
+--------+-------------------------+----------------------------------+---------------------+---------------------+--------------+------------+------------+


+-----------------------------------------------------------------------------------------------------------------------------------------------------------+
; Slow 1200mV 85C Model Setup: 'confirmar'                                                                                                                  ;
+--------+----------------------------------+----------------------------------+---------------------+-------------+--------------+------------+------------+
; Slack  ; From Node                        ; To Node                          ; Launch Clock        ; Latch Clock ; Relationship ; Clock Skew ; Data Delay ;
+--------+----------------------------------+----------------------------------+---------------------+-------------+--------------+------------+------------+
; -3.339 ; count18O:U3|CNT_int[3]           ; contador_intentos:U5|cont_int[0] ; divisorfrec:U2|clk1 ; confirmar   ; 0.500        ; -0.378     ; 3.446      ;
; -3.267 ; count18O:U3|CNT_int[3]           ; contador_intentos:U5|cont_int[1] ; divisorfrec:U2|clk1 ; confirmar   ; 0.500        ; -0.383     ; 3.369      ;
; -3.257 ; count18O:U3|CNT_int[5]           ; contador_intentos:U5|cont_int[0] ; divisorfrec:U2|clk1 ; confirmar   ; 0.500        ; -0.378     ; 3.364      ;
; -3.185 ; count18O:U3|CNT_int[5]           ; contador_intentos:U5|cont_int[1] ; divisorfrec:U2|clk1 ; confirmar   ; 0.500        ; -0.383     ; 3.287      ;
; -3.126 ; count18O:U3|CNT_int[4]           ; contador_intentos:U5|cont_int[0] ; divisorfrec:U2|clk1 ; confirmar   ; 0.500        ; -0.378     ; 3.233      ;
; -3.121 ; count18O:U3|CNT_int[1]           ; contador_intentos:U5|cont_int[1] ; divisorfrec:U2|clk1 ; confirmar   ; 0.500        ; -0.383     ; 3.223      ;
; -3.104 ; shift_register:U1|D0[1]          ; contador_intentos:U5|cont_int[1] ; Clock_reg           ; confirmar   ; 1.000        ; 0.006      ; 4.095      ;
; -3.067 ; shift_register:U1|D2[2]          ; contador_intentos:U5|cont_int[1] ; Clock_reg           ; confirmar   ; 1.000        ; 0.018      ; 4.070      ;
; -3.054 ; count18O:U3|CNT_int[4]           ; contador_intentos:U5|cont_int[1] ; divisorfrec:U2|clk1 ; confirmar   ; 0.500        ; -0.383     ; 3.156      ;
; -3.023 ; count18O:U3|CNT_int[2]           ; contador_intentos:U5|cont_int[0] ; divisorfrec:U2|clk1 ; confirmar   ; 0.500        ; -0.378     ; 3.130      ;
; -3.016 ; shift_register:U1|D3[0]          ; contador_intentos:U5|cont_int[1] ; Clock_reg           ; confirmar   ; 1.000        ; 0.006      ; 4.007      ;
; -3.000 ; count18O:U3|CNT_int[2]           ; contador_intentos:U5|cont_int[1] ; divisorfrec:U2|clk1 ; confirmar   ; 0.500        ; -0.383     ; 3.102      ;
; -2.925 ; count18O:U3|CNT_int[6]           ; contador_intentos:U5|cont_int[1] ; divisorfrec:U2|clk1 ; confirmar   ; 0.500        ; -0.383     ; 3.027      ;
; -2.916 ; shift_register:U1|D1[1]          ; contador_intentos:U5|cont_int[1] ; Clock_reg           ; confirmar   ; 1.000        ; 0.006      ; 3.907      ;
; -2.883 ; count18O:U3|CNT_int[6]           ; contador_intentos:U5|cont_int[0] ; divisorfrec:U2|clk1 ; confirmar   ; 0.500        ; -0.378     ; 2.990      ;
; -2.880 ; shift_register:U1|D0[2]          ; contador_intentos:U5|cont_int[1] ; Clock_reg           ; confirmar   ; 1.000        ; 0.018      ; 3.883      ;
; -2.835 ; count18O:U3|CNT_int[0]           ; contador_intentos:U5|cont_int[1] ; divisorfrec:U2|clk1 ; confirmar   ; 0.500        ; -0.383     ; 2.937      ;
; -2.830 ; shift_register:U1|D3[2]          ; contador_intentos:U5|cont_int[1] ; Clock_reg           ; confirmar   ; 1.000        ; 0.018      ; 3.833      ;
; -2.786 ; count18O:U3|CNT_int[1]           ; contador_intentos:U5|cont_int[0] ; divisorfrec:U2|clk1 ; confirmar   ; 0.500        ; -0.378     ; 2.893      ;
; -2.782 ; shift_register:U1|D0[3]          ; contador_intentos:U5|cont_int[1] ; Clock_reg           ; confirmar   ; 1.000        ; 0.006      ; 3.773      ;
; -2.780 ; shift_register:U1|D1[2]          ; contador_intentos:U5|cont_int[1] ; Clock_reg           ; confirmar   ; 1.000        ; 0.018      ; 3.783      ;
; -2.777 ; shift_register:U1|D1[0]          ; contador_intentos:U5|cont_int[1] ; Clock_reg           ; confirmar   ; 1.000        ; 0.006      ; 3.768      ;
; -2.769 ; shift_register:U1|D0[1]          ; contador_intentos:U5|cont_int[0] ; Clock_reg           ; confirmar   ; 1.000        ; 0.011      ; 3.765      ;
; -2.738 ; shift_register:U1|D2[0]          ; contador_intentos:U5|cont_int[1] ; Clock_reg           ; confirmar   ; 1.000        ; 0.006      ; 3.729      ;
; -2.732 ; shift_register:U1|D2[2]          ; contador_intentos:U5|cont_int[0] ; Clock_reg           ; confirmar   ; 1.000        ; 0.023      ; 3.740      ;
; -2.674 ; shift_register:U1|D1[3]          ; contador_intentos:U5|cont_int[1] ; Clock_reg           ; confirmar   ; 1.000        ; 0.006      ; 3.665      ;
; -2.666 ; shift_register:U1|D3[0]          ; contador_intentos:U5|cont_int[0] ; Clock_reg           ; confirmar   ; 1.000        ; 0.011      ; 3.662      ;
; -2.665 ; shift_register:U1|D0[0]          ; contador_intentos:U5|cont_int[1] ; Clock_reg           ; confirmar   ; 1.000        ; 0.006      ; 3.656      ;
; -2.637 ; shift_register:U1|D3[1]          ; contador_intentos:U5|cont_int[1] ; Clock_reg           ; confirmar   ; 1.000        ; 0.006      ; 3.628      ;
; -2.635 ; shift_register:U1|D2[3]          ; contador_intentos:U5|cont_int[1] ; Clock_reg           ; confirmar   ; 1.000        ; 0.006      ; 3.626      ;
; -2.629 ; shift_register:U1|D2[1]          ; contador_intentos:U5|cont_int[1] ; Clock_reg           ; confirmar   ; 1.000        ; 0.006      ; 3.620      ;
; -2.581 ; shift_register:U1|D1[1]          ; contador_intentos:U5|cont_int[0] ; Clock_reg           ; confirmar   ; 1.000        ; 0.011      ; 3.577      ;
; -2.545 ; shift_register:U1|D0[2]          ; contador_intentos:U5|cont_int[0] ; Clock_reg           ; confirmar   ; 1.000        ; 0.023      ; 3.553      ;
; -2.537 ; count18O:U3|CNT_int[7]           ; contador_intentos:U5|cont_int[1] ; divisorfrec:U2|clk1 ; confirmar   ; 0.500        ; -0.383     ; 2.639      ;
; -2.500 ; count18O:U3|CNT_int[0]           ; contador_intentos:U5|cont_int[0] ; divisorfrec:U2|clk1 ; confirmar   ; 0.500        ; -0.378     ; 2.607      ;
; -2.495 ; shift_register:U1|D3[2]          ; contador_intentos:U5|cont_int[0] ; Clock_reg           ; confirmar   ; 1.000        ; 0.023      ; 3.503      ;
; -2.445 ; shift_register:U1|D1[2]          ; contador_intentos:U5|cont_int[0] ; Clock_reg           ; confirmar   ; 1.000        ; 0.023      ; 3.453      ;
; -2.442 ; shift_register:U1|D0[3]          ; contador_intentos:U5|cont_int[0] ; Clock_reg           ; confirmar   ; 1.000        ; 0.011      ; 3.438      ;
; -2.442 ; shift_register:U1|D1[0]          ; contador_intentos:U5|cont_int[0] ; Clock_reg           ; confirmar   ; 1.000        ; 0.011      ; 3.438      ;
; -2.417 ; shift_register:U1|D3[3]          ; contador_intentos:U5|cont_int[1] ; Clock_reg           ; confirmar   ; 1.000        ; 0.006      ; 3.408      ;
; -2.409 ; shift_register:U1|D3[1]          ; contador_intentos:U5|cont_int[0] ; Clock_reg           ; confirmar   ; 1.000        ; 0.011      ; 3.405      ;
; -2.403 ; shift_register:U1|D2[0]          ; contador_intentos:U5|cont_int[0] ; Clock_reg           ; confirmar   ; 1.000        ; 0.011      ; 3.399      ;
; -2.339 ; shift_register:U1|D1[3]          ; contador_intentos:U5|cont_int[0] ; Clock_reg           ; confirmar   ; 1.000        ; 0.011      ; 3.335      ;
; -2.330 ; shift_register:U1|D0[0]          ; contador_intentos:U5|cont_int[0] ; Clock_reg           ; confirmar   ; 1.000        ; 0.011      ; 3.326      ;
; -2.294 ; shift_register:U1|D2[1]          ; contador_intentos:U5|cont_int[0] ; Clock_reg           ; confirmar   ; 1.000        ; 0.011      ; 3.290      ;
; -2.285 ; shift_register:U1|D2[3]          ; contador_intentos:U5|cont_int[0] ; Clock_reg           ; confirmar   ; 1.000        ; 0.011      ; 3.281      ;
; -2.187 ; count18O:U3|CNT_int[7]           ; contador_intentos:U5|cont_int[0] ; divisorfrec:U2|clk1 ; confirmar   ; 0.500        ; -0.378     ; 2.294      ;
; -2.131 ; shift_register:U1|D3[3]          ; contador_intentos:U5|cont_int[0] ; Clock_reg           ; confirmar   ; 1.000        ; 0.011      ; 3.127      ;
; -0.339 ; contador_intentos:U5|cont_int[0] ; contador_intentos:U5|cont_int[1] ; confirmar           ; confirmar   ; 1.000        ; -0.073     ; 1.281      ;
; -0.248 ; contador_intentos:U5|cont_int[1] ; contador_intentos:U5|cont_int[0] ; confirmar           ; confirmar   ; 1.000        ; -0.063     ; 1.200      ;
; -0.232 ; contador_intentos:U5|cont_int[0] ; contador_intentos:U5|cont_int[0] ; confirmar           ; confirmar   ; 1.000        ; -0.068     ; 1.179      ;
; 0.339  ; contador_intentos:U5|cont_int[1] ; contador_intentos:U5|cont_int[1] ; confirmar           ; confirmar   ; 1.000        ; -0.039     ; 0.637      ;
+--------+----------------------------------+----------------------------------+---------------------+-------------+--------------+------------+------------+


+--------------------------------------------------------------------------------------------------------------------------------------+
; Slow 1200mV 85C Model Setup: 'CLOCK_50'                                                                                              ;
+--------+---------------------------+---------------------------+--------------+-------------+--------------+------------+------------+
; Slack  ; From Node                 ; To Node                   ; Launch Clock ; Latch Clock ; Relationship ; Clock Skew ; Data Delay ;
+--------+---------------------------+---------------------------+--------------+-------------+--------------+------------+------------+
; -2.652 ; divisorfrec:U2|count1[16] ; divisorfrec:U2|clk1       ; CLOCK_50     ; CLOCK_50    ; 1.000        ; -0.062     ; 3.585      ;
; -2.648 ; divisorfrec:U2|count1[21] ; divisorfrec:U2|clk1       ; CLOCK_50     ; CLOCK_50    ; 1.000        ; -0.062     ; 3.581      ;
; -2.600 ; divisorfrec:U2|count1[24] ; divisorfrec:U2|clk1       ; CLOCK_50     ; CLOCK_50    ; 1.000        ; -0.061     ; 3.534      ;
; -2.591 ; divisorfrec:U2|count1[10] ; divisorfrec:U2|clk1       ; CLOCK_50     ; CLOCK_50    ; 1.000        ; -0.064     ; 3.522      ;
; -2.575 ; divisorfrec:U2|count1[1]  ; divisorfrec:U2|clk1       ; CLOCK_50     ; CLOCK_50    ; 1.000        ; -0.064     ; 3.506      ;
; -2.543 ; divisorfrec:U2|count1[2]  ; divisorfrec:U2|clk1       ; CLOCK_50     ; CLOCK_50    ; 1.000        ; -0.064     ; 3.474      ;
; -2.536 ; divisorfrec:U2|count1[9]  ; divisorfrec:U2|clk1       ; CLOCK_50     ; CLOCK_50    ; 1.000        ; -0.064     ; 3.467      ;
; -2.535 ; divisorfrec:U2|count1[4]  ; divisorfrec:U2|clk1       ; CLOCK_50     ; CLOCK_50    ; 1.000        ; -0.064     ; 3.466      ;
; -2.511 ; divisorfrec:U2|count1[11] ; divisorfrec:U2|clk1       ; CLOCK_50     ; CLOCK_50    ; 1.000        ; -0.064     ; 3.442      ;
; -2.492 ; divisorfrec:U2|count1[22] ; divisorfrec:U2|clk1       ; CLOCK_50     ; CLOCK_50    ; 1.000        ; -0.061     ; 3.426      ;
; -2.484 ; divisorfrec:U2|count1[23] ; divisorfrec:U2|clk1       ; CLOCK_50     ; CLOCK_50    ; 1.000        ; -0.062     ; 3.417      ;
; -2.483 ; divisorfrec:U2|count1[20] ; divisorfrec:U2|clk1       ; CLOCK_50     ; CLOCK_50    ; 1.000        ; -0.061     ; 3.417      ;
; -2.472 ; divisorfrec:U2|count1[17] ; divisorfrec:U2|clk1       ; CLOCK_50     ; CLOCK_50    ; 1.000        ; -0.062     ; 3.405      ;
; -2.471 ; divisorfrec:U2|count1[19] ; divisorfrec:U2|clk1       ; CLOCK_50     ; CLOCK_50    ; 1.000        ; -0.061     ; 3.405      ;
; -2.435 ; divisorfrec:U2|count1[3]  ; divisorfrec:U2|clk1       ; CLOCK_50     ; CLOCK_50    ; 1.000        ; -0.064     ; 3.366      ;
; -2.378 ; divisorfrec:U2|count1[6]  ; divisorfrec:U2|clk1       ; CLOCK_50     ; CLOCK_50    ; 1.000        ; -0.064     ; 3.309      ;
; -2.360 ; divisorfrec:U2|count1[7]  ; divisorfrec:U2|clk1       ; CLOCK_50     ; CLOCK_50    ; 1.000        ; -0.064     ; 3.291      ;
; -2.353 ; divisorfrec:U2|count1[8]  ; divisorfrec:U2|clk1       ; CLOCK_50     ; CLOCK_50    ; 1.000        ; -0.064     ; 3.284      ;
; -2.345 ; divisorfrec:U2|count1[14] ; divisorfrec:U2|clk1       ; CLOCK_50     ; CLOCK_50    ; 1.000        ; -0.061     ; 3.279      ;
; -2.338 ; divisorfrec:U2|count1[18] ; divisorfrec:U2|clk1       ; CLOCK_50     ; CLOCK_50    ; 1.000        ; -0.061     ; 3.272      ;
; -2.320 ; divisorfrec:U2|count1[1]  ; divisorfrec:U2|count1[24] ; CLOCK_50     ; CLOCK_50    ; 1.000        ; -0.064     ; 3.251      ;
; -2.298 ; divisorfrec:U2|count1[15] ; divisorfrec:U2|clk1       ; CLOCK_50     ; CLOCK_50    ; 1.000        ; -0.062     ; 3.231      ;
; -2.238 ; divisorfrec:U2|count1[0]  ; divisorfrec:U2|count1[24] ; CLOCK_50     ; CLOCK_50    ; 1.000        ; -0.064     ; 3.169      ;
; -2.229 ; divisorfrec:U2|count1[1]  ; divisorfrec:U2|count1[20] ; CLOCK_50     ; CLOCK_50    ; 1.000        ; -0.064     ; 3.160      ;
; -2.226 ; divisorfrec:U2|count1[13] ; divisorfrec:U2|clk1       ; CLOCK_50     ; CLOCK_50    ; 1.000        ; -0.062     ; 3.159      ;
; -2.220 ; divisorfrec:U2|count1[12] ; divisorfrec:U2|clk1       ; CLOCK_50     ; CLOCK_50    ; 1.000        ; -0.061     ; 3.154      ;
; -2.207 ; divisorfrec:U2|count1[1]  ; divisorfrec:U2|count1[22] ; CLOCK_50     ; CLOCK_50    ; 1.000        ; -0.064     ; 3.138      ;
; -2.207 ; divisorfrec:U2|count1[3]  ; divisorfrec:U2|count1[24] ; CLOCK_50     ; CLOCK_50    ; 1.000        ; -0.064     ; 3.138      ;
; -2.171 ; divisorfrec:U2|count1[5]  ; divisorfrec:U2|clk1       ; CLOCK_50     ; CLOCK_50    ; 1.000        ; -0.064     ; 3.102      ;
; -2.167 ; divisorfrec:U2|count1[0]  ; divisorfrec:U2|clk1       ; CLOCK_50     ; CLOCK_50    ; 1.000        ; -0.064     ; 3.098      ;
; -2.147 ; divisorfrec:U2|count1[0]  ; divisorfrec:U2|count1[20] ; CLOCK_50     ; CLOCK_50    ; 1.000        ; -0.064     ; 3.078      ;
; -2.139 ; divisorfrec:U2|count1[16] ; divisorfrec:U2|count1[11] ; CLOCK_50     ; CLOCK_50    ; 1.000        ; -0.059     ; 3.075      ;
; -2.135 ; divisorfrec:U2|count1[21] ; divisorfrec:U2|count1[11] ; CLOCK_50     ; CLOCK_50    ; 1.000        ; -0.059     ; 3.071      ;
; -2.125 ; divisorfrec:U2|count1[0]  ; divisorfrec:U2|count1[22] ; CLOCK_50     ; CLOCK_50    ; 1.000        ; -0.064     ; 3.056      ;
; -2.119 ; divisorfrec:U2|count1[2]  ; divisorfrec:U2|count1[24] ; CLOCK_50     ; CLOCK_50    ; 1.000        ; -0.064     ; 3.050      ;
; -2.118 ; divisorfrec:U2|count1[10] ; divisorfrec:U2|count1[11] ; CLOCK_50     ; CLOCK_50    ; 1.000        ; -0.061     ; 3.052      ;
; -2.116 ; divisorfrec:U2|count1[3]  ; divisorfrec:U2|count1[20] ; CLOCK_50     ; CLOCK_50    ; 1.000        ; -0.064     ; 3.047      ;
; -2.094 ; divisorfrec:U2|count1[3]  ; divisorfrec:U2|count1[22] ; CLOCK_50     ; CLOCK_50    ; 1.000        ; -0.064     ; 3.025      ;
; -2.087 ; divisorfrec:U2|count1[24] ; divisorfrec:U2|count1[11] ; CLOCK_50     ; CLOCK_50    ; 1.000        ; -0.058     ; 3.024      ;
; -2.081 ; divisorfrec:U2|count1[5]  ; divisorfrec:U2|count1[24] ; CLOCK_50     ; CLOCK_50    ; 1.000        ; -0.064     ; 3.012      ;
; -2.066 ; divisorfrec:U2|count1[9]  ; divisorfrec:U2|count1[11] ; CLOCK_50     ; CLOCK_50    ; 1.000        ; -0.061     ; 3.000      ;
; -2.062 ; divisorfrec:U2|count1[1]  ; divisorfrec:U2|count1[11] ; CLOCK_50     ; CLOCK_50    ; 1.000        ; -0.061     ; 2.996      ;
; -2.030 ; divisorfrec:U2|count1[2]  ; divisorfrec:U2|count1[11] ; CLOCK_50     ; CLOCK_50    ; 1.000        ; -0.061     ; 2.964      ;
; -2.028 ; divisorfrec:U2|count1[2]  ; divisorfrec:U2|count1[20] ; CLOCK_50     ; CLOCK_50    ; 1.000        ; -0.064     ; 2.959      ;
; -2.022 ; divisorfrec:U2|count1[4]  ; divisorfrec:U2|count1[11] ; CLOCK_50     ; CLOCK_50    ; 1.000        ; -0.061     ; 2.956      ;
; -2.006 ; divisorfrec:U2|count1[2]  ; divisorfrec:U2|count1[22] ; CLOCK_50     ; CLOCK_50    ; 1.000        ; -0.064     ; 2.937      ;
; -1.999 ; divisorfrec:U2|count1[4]  ; divisorfrec:U2|count1[24] ; CLOCK_50     ; CLOCK_50    ; 1.000        ; -0.064     ; 2.930      ;
; -1.998 ; divisorfrec:U2|count1[11] ; divisorfrec:U2|count1[11] ; CLOCK_50     ; CLOCK_50    ; 1.000        ; -0.061     ; 2.932      ;
; -1.990 ; divisorfrec:U2|count1[5]  ; divisorfrec:U2|count1[20] ; CLOCK_50     ; CLOCK_50    ; 1.000        ; -0.064     ; 2.921      ;
; -1.979 ; divisorfrec:U2|count1[22] ; divisorfrec:U2|count1[11] ; CLOCK_50     ; CLOCK_50    ; 1.000        ; -0.058     ; 2.916      ;
; -1.972 ; divisorfrec:U2|count1[1]  ; divisorfrec:U2|count1[18] ; CLOCK_50     ; CLOCK_50    ; 1.000        ; -0.064     ; 2.903      ;
; -1.971 ; divisorfrec:U2|count1[23] ; divisorfrec:U2|count1[11] ; CLOCK_50     ; CLOCK_50    ; 1.000        ; -0.059     ; 2.907      ;
; -1.970 ; divisorfrec:U2|count1[20] ; divisorfrec:U2|count1[11] ; CLOCK_50     ; CLOCK_50    ; 1.000        ; -0.058     ; 2.907      ;
; -1.968 ; divisorfrec:U2|count1[5]  ; divisorfrec:U2|count1[22] ; CLOCK_50     ; CLOCK_50    ; 1.000        ; -0.064     ; 2.899      ;
; -1.967 ; divisorfrec:U2|count1[17] ; divisorfrec:U2|count1[11] ; CLOCK_50     ; CLOCK_50    ; 1.000        ; -0.059     ; 2.903      ;
; -1.962 ; divisorfrec:U2|count1[16] ; divisorfrec:U2|count1[6]  ; CLOCK_50     ; CLOCK_50    ; 1.000        ; -0.059     ; 2.898      ;
; -1.962 ; divisorfrec:U2|count1[7]  ; divisorfrec:U2|count1[24] ; CLOCK_50     ; CLOCK_50    ; 1.000        ; -0.064     ; 2.893      ;
; -1.958 ; divisorfrec:U2|count1[19] ; divisorfrec:U2|count1[11] ; CLOCK_50     ; CLOCK_50    ; 1.000        ; -0.058     ; 2.895      ;
; -1.958 ; divisorfrec:U2|count1[21] ; divisorfrec:U2|count1[6]  ; CLOCK_50     ; CLOCK_50    ; 1.000        ; -0.059     ; 2.894      ;
; -1.951 ; divisorfrec:U2|count1[0]  ; divisorfrec:U2|count1[19] ; CLOCK_50     ; CLOCK_50    ; 1.000        ; -0.064     ; 2.882      ;
; -1.943 ; divisorfrec:U2|count1[10] ; divisorfrec:U2|count1[6]  ; CLOCK_50     ; CLOCK_50    ; 1.000        ; -0.061     ; 2.877      ;
; -1.940 ; divisorfrec:U2|count1[1]  ; divisorfrec:U2|count1[19] ; CLOCK_50     ; CLOCK_50    ; 1.000        ; -0.064     ; 2.871      ;
; -1.935 ; divisorfrec:U2|count1[0]  ; divisorfrec:U2|count1[21] ; CLOCK_50     ; CLOCK_50    ; 1.000        ; -0.063     ; 2.867      ;
; -1.930 ; divisorfrec:U2|count1[1]  ; divisorfrec:U2|count1[21] ; CLOCK_50     ; CLOCK_50    ; 1.000        ; -0.063     ; 2.862      ;
; -1.922 ; divisorfrec:U2|count1[3]  ; divisorfrec:U2|count1[11] ; CLOCK_50     ; CLOCK_50    ; 1.000        ; -0.061     ; 2.856      ;
; -1.910 ; divisorfrec:U2|count1[24] ; divisorfrec:U2|count1[6]  ; CLOCK_50     ; CLOCK_50    ; 1.000        ; -0.058     ; 2.847      ;
; -1.908 ; divisorfrec:U2|count1[4]  ; divisorfrec:U2|count1[20] ; CLOCK_50     ; CLOCK_50    ; 1.000        ; -0.064     ; 2.839      ;
; -1.908 ; divisorfrec:U2|count1[6]  ; divisorfrec:U2|count1[11] ; CLOCK_50     ; CLOCK_50    ; 1.000        ; -0.061     ; 2.842      ;
; -1.894 ; divisorfrec:U2|count1[6]  ; divisorfrec:U2|count1[24] ; CLOCK_50     ; CLOCK_50    ; 1.000        ; -0.064     ; 2.825      ;
; -1.891 ; divisorfrec:U2|count1[9]  ; divisorfrec:U2|count1[6]  ; CLOCK_50     ; CLOCK_50    ; 1.000        ; -0.061     ; 2.825      ;
; -1.890 ; divisorfrec:U2|count1[0]  ; divisorfrec:U2|count1[18] ; CLOCK_50     ; CLOCK_50    ; 1.000        ; -0.064     ; 2.821      ;
; -1.890 ; divisorfrec:U2|count1[7]  ; divisorfrec:U2|count1[11] ; CLOCK_50     ; CLOCK_50    ; 1.000        ; -0.061     ; 2.824      ;
; -1.886 ; divisorfrec:U2|count1[4]  ; divisorfrec:U2|count1[22] ; CLOCK_50     ; CLOCK_50    ; 1.000        ; -0.064     ; 2.817      ;
; -1.885 ; divisorfrec:U2|count1[1]  ; divisorfrec:U2|count1[6]  ; CLOCK_50     ; CLOCK_50    ; 1.000        ; -0.061     ; 2.819      ;
; -1.883 ; divisorfrec:U2|count1[8]  ; divisorfrec:U2|count1[11] ; CLOCK_50     ; CLOCK_50    ; 1.000        ; -0.061     ; 2.817      ;
; -1.871 ; divisorfrec:U2|count1[7]  ; divisorfrec:U2|count1[20] ; CLOCK_50     ; CLOCK_50    ; 1.000        ; -0.064     ; 2.802      ;
; -1.859 ; divisorfrec:U2|count1[3]  ; divisorfrec:U2|count1[18] ; CLOCK_50     ; CLOCK_50    ; 1.000        ; -0.064     ; 2.790      ;
; -1.853 ; divisorfrec:U2|count1[9]  ; divisorfrec:U2|count1[24] ; CLOCK_50     ; CLOCK_50    ; 1.000        ; -0.064     ; 2.784      ;
; -1.853 ; divisorfrec:U2|count1[2]  ; divisorfrec:U2|count1[6]  ; CLOCK_50     ; CLOCK_50    ; 1.000        ; -0.061     ; 2.787      ;
; -1.849 ; divisorfrec:U2|count1[7]  ; divisorfrec:U2|count1[22] ; CLOCK_50     ; CLOCK_50    ; 1.000        ; -0.064     ; 2.780      ;
; -1.848 ; divisorfrec:U2|count1[1]  ; divisorfrec:U2|count1[14] ; CLOCK_50     ; CLOCK_50    ; 1.000        ; -0.064     ; 2.779      ;
; -1.847 ; divisorfrec:U2|count1[16] ; divisorfrec:U2|count1[13] ; CLOCK_50     ; CLOCK_50    ; 1.000        ; -0.061     ; 2.781      ;
; -1.846 ; divisorfrec:U2|count1[16] ; divisorfrec:U2|count1[21] ; CLOCK_50     ; CLOCK_50    ; 1.000        ; -0.061     ; 2.780      ;
; -1.845 ; divisorfrec:U2|count1[4]  ; divisorfrec:U2|count1[6]  ; CLOCK_50     ; CLOCK_50    ; 1.000        ; -0.061     ; 2.779      ;
; -1.844 ; divisorfrec:U2|count1[1]  ; divisorfrec:U2|count1[16] ; CLOCK_50     ; CLOCK_50    ; 1.000        ; -0.063     ; 2.776      ;
; -1.843 ; divisorfrec:U2|count1[21] ; divisorfrec:U2|count1[13] ; CLOCK_50     ; CLOCK_50    ; 1.000        ; -0.061     ; 2.777      ;
; -1.842 ; divisorfrec:U2|count1[21] ; divisorfrec:U2|count1[21] ; CLOCK_50     ; CLOCK_50    ; 1.000        ; -0.061     ; 2.776      ;
; -1.832 ; divisorfrec:U2|count1[14] ; divisorfrec:U2|count1[11] ; CLOCK_50     ; CLOCK_50    ; 1.000        ; -0.058     ; 2.769      ;
; -1.827 ; divisorfrec:U2|count1[3]  ; divisorfrec:U2|count1[19] ; CLOCK_50     ; CLOCK_50    ; 1.000        ; -0.064     ; 2.758      ;
; -1.825 ; divisorfrec:U2|count1[18] ; divisorfrec:U2|count1[11] ; CLOCK_50     ; CLOCK_50    ; 1.000        ; -0.058     ; 2.762      ;
; -1.821 ; divisorfrec:U2|count1[11] ; divisorfrec:U2|count1[6]  ; CLOCK_50     ; CLOCK_50    ; 1.000        ; -0.061     ; 2.755      ;
; -1.820 ; divisorfrec:U2|count1[2]  ; divisorfrec:U2|count1[19] ; CLOCK_50     ; CLOCK_50    ; 1.000        ; -0.064     ; 2.751      ;
; -1.817 ; divisorfrec:U2|count1[3]  ; divisorfrec:U2|count1[21] ; CLOCK_50     ; CLOCK_50    ; 1.000        ; -0.063     ; 2.749      ;
; -1.804 ; divisorfrec:U2|count1[2]  ; divisorfrec:U2|count1[21] ; CLOCK_50     ; CLOCK_50    ; 1.000        ; -0.063     ; 2.736      ;
; -1.803 ; divisorfrec:U2|count1[6]  ; divisorfrec:U2|count1[20] ; CLOCK_50     ; CLOCK_50    ; 1.000        ; -0.064     ; 2.734      ;
; -1.802 ; divisorfrec:U2|count1[22] ; divisorfrec:U2|count1[6]  ; CLOCK_50     ; CLOCK_50    ; 1.000        ; -0.058     ; 2.739      ;
; -1.800 ; divisorfrec:U2|count1[10] ; divisorfrec:U2|count1[13] ; CLOCK_50     ; CLOCK_50    ; 1.000        ; -0.063     ; 2.732      ;
; -1.799 ; divisorfrec:U2|count1[10] ; divisorfrec:U2|count1[21] ; CLOCK_50     ; CLOCK_50    ; 1.000        ; -0.063     ; 2.731      ;
; -1.798 ; divisorfrec:U2|count1[15] ; divisorfrec:U2|count1[11] ; CLOCK_50     ; CLOCK_50    ; 1.000        ; -0.059     ; 2.734      ;
; -1.795 ; divisorfrec:U2|count1[24] ; divisorfrec:U2|count1[13] ; CLOCK_50     ; CLOCK_50    ; 1.000        ; -0.060     ; 2.730      ;
+--------+---------------------------+---------------------------+--------------+-------------+--------------+------------+------------+


+----------------------------------------------------------------------------------------------------------------------------------+
; Slow 1200mV 85C Model Setup: 'Clock_reg'                                                                                         ;
+--------+-------------------------+-------------------------+--------------+-------------+--------------+------------+------------+
; Slack  ; From Node               ; To Node                 ; Launch Clock ; Latch Clock ; Relationship ; Clock Skew ; Data Delay ;
+--------+-------------------------+-------------------------+--------------+-------------+--------------+------------+------------+
; -0.246 ; shift_register:U1|D0[1] ; shift_register:U1|D1[1] ; Clock_reg    ; Clock_reg   ; 1.000        ; -0.047     ; 1.214      ;
; -0.017 ; shift_register:U1|D1[1] ; shift_register:U1|D2[1] ; Clock_reg    ; Clock_reg   ; 1.000        ; -0.047     ; 0.985      ;
; 0.003  ; shift_register:U1|D2[3] ; shift_register:U1|D3[3] ; Clock_reg    ; Clock_reg   ; 1.000        ; -0.047     ; 0.965      ;
; 0.091  ; shift_register:U1|D2[0] ; shift_register:U1|D3[0] ; Clock_reg    ; Clock_reg   ; 1.000        ; -0.047     ; 0.877      ;
; 0.091  ; shift_register:U1|D0[2] ; shift_register:U1|D1[2] ; Clock_reg    ; Clock_reg   ; 1.000        ; -0.047     ; 0.877      ;
; 0.094  ; shift_register:U1|D1[3] ; shift_register:U1|D2[3] ; Clock_reg    ; Clock_reg   ; 1.000        ; -0.047     ; 0.874      ;
; 0.100  ; shift_register:U1|D2[1] ; shift_register:U1|D3[1] ; Clock_reg    ; Clock_reg   ; 1.000        ; -0.047     ; 0.868      ;
; 0.107  ; shift_register:U1|D0[0] ; shift_register:U1|D1[0] ; Clock_reg    ; Clock_reg   ; 1.000        ; -0.047     ; 0.861      ;
; 0.122  ; shift_register:U1|D1[0] ; shift_register:U1|D2[0] ; Clock_reg    ; Clock_reg   ; 1.000        ; -0.047     ; 0.846      ;
; 0.238  ; shift_register:U1|D2[2] ; shift_register:U1|D3[2] ; Clock_reg    ; Clock_reg   ; 1.000        ; -0.047     ; 0.730      ;
; 0.240  ; shift_register:U1|D1[2] ; shift_register:U1|D2[2] ; Clock_reg    ; Clock_reg   ; 1.000        ; -0.047     ; 0.728      ;
; 0.270  ; shift_register:U1|D0[3] ; shift_register:U1|D1[3] ; Clock_reg    ; Clock_reg   ; 1.000        ; -0.047     ; 0.698      ;
+--------+-------------------------+-------------------------+--------------+-------------+--------------+------------+------------+


+-------------------------------------------------------------------------------------------------------------------------------------------------------------------+
; Slow 1200mV 85C Model Hold: 'divisorfrec:U2|clk1'                                                                                                                 ;
+--------+----------------------------------+----------------------------------+---------------------+---------------------+--------------+------------+------------+
; Slack  ; From Node                        ; To Node                          ; Launch Clock        ; Latch Clock         ; Relationship ; Clock Skew ; Data Delay ;
+--------+----------------------------------+----------------------------------+---------------------+---------------------+--------------+------------+------------+
; -0.374 ; confirmar                        ; temporizador_open:U6|contando    ; confirmar           ; divisorfrec:U2|clk1 ; 0.000        ; 3.009      ; 2.822      ;
; 0.019  ; confirmar                        ; temporizador_open:U6|contador[1] ; confirmar           ; divisorfrec:U2|clk1 ; 0.000        ; 3.009      ; 3.215      ;
; 0.019  ; confirmar                        ; temporizador_open:U6|contador[0] ; confirmar           ; divisorfrec:U2|clk1 ; 0.000        ; 3.009      ; 3.215      ;
; 0.019  ; confirmar                        ; temporizador_open:U6|contador[2] ; confirmar           ; divisorfrec:U2|clk1 ; 0.000        ; 3.009      ; 3.215      ;
; 0.257  ; confirmar                        ; temporizador_open:U6|contando    ; confirmar           ; divisorfrec:U2|clk1 ; -0.500       ; 3.009      ; 2.953      ;
; 0.358  ; temporizador_open:U6|contador[1] ; temporizador_open:U6|contador[1] ; divisorfrec:U2|clk1 ; divisorfrec:U2|clk1 ; 0.000        ; 0.062      ; 0.577      ;
; 0.358  ; temporizador_open:U6|contador[2] ; temporizador_open:U6|contador[2] ; divisorfrec:U2|clk1 ; divisorfrec:U2|clk1 ; 0.000        ; 0.062      ; 0.577      ;
; 0.361  ; temporizador_open:U6|contador[0] ; temporizador_open:U6|contador[0] ; divisorfrec:U2|clk1 ; divisorfrec:U2|clk1 ; 0.000        ; 0.062      ; 0.580      ;
; 0.382  ; temporizador_open:U6|contador[1] ; temporizador_open:U6|contador[0] ; divisorfrec:U2|clk1 ; divisorfrec:U2|clk1 ; 0.000        ; 0.062      ; 0.601      ;
; 0.387  ; temporizador_open:U6|contador[1] ; temporizador_open:U6|contador[2] ; divisorfrec:U2|clk1 ; divisorfrec:U2|clk1 ; 0.000        ; 0.062      ; 0.606      ;
; 0.526  ; temporizador_open:U6|contador[0] ; temporizador_open:U6|contador[1] ; divisorfrec:U2|clk1 ; divisorfrec:U2|clk1 ; 0.000        ; 0.062      ; 0.745      ;
; 0.584  ; temporizador_open:U6|contador[0] ; temporizador_open:U6|contador[2] ; divisorfrec:U2|clk1 ; divisorfrec:U2|clk1 ; 0.000        ; 0.062      ; 0.803      ;
; 0.677  ; confirmar                        ; temporizador_open:U6|contador[1] ; confirmar           ; divisorfrec:U2|clk1 ; -0.500       ; 3.009      ; 3.373      ;
; 0.677  ; confirmar                        ; temporizador_open:U6|contador[0] ; confirmar           ; divisorfrec:U2|clk1 ; -0.500       ; 3.009      ; 3.373      ;
; 0.677  ; confirmar                        ; temporizador_open:U6|contador[2] ; confirmar           ; divisorfrec:U2|clk1 ; -0.500       ; 3.009      ; 3.373      ;
; 0.697  ; count18O:U3|CNT_int[7]           ; count18O:U3|CNT_int[7]           ; divisorfrec:U2|clk1 ; divisorfrec:U2|clk1 ; 0.000        ; 0.062      ; 0.916      ;
; 0.764  ; temporizador_open:U6|contador[2] ; temporizador_open:U6|contador[1] ; divisorfrec:U2|clk1 ; divisorfrec:U2|clk1 ; 0.000        ; 0.062      ; 0.983      ;
; 0.764  ; temporizador_open:U6|contador[2] ; temporizador_open:U6|contador[0] ; divisorfrec:U2|clk1 ; divisorfrec:U2|clk1 ; 0.000        ; 0.062      ; 0.983      ;
; 0.811  ; temporizador_open:U6|contador[1] ; temporizador_open:U6|contando    ; divisorfrec:U2|clk1 ; divisorfrec:U2|clk1 ; 0.000        ; 0.062      ; 1.030      ;
; 1.007  ; count18O:U3|CNT_int[7]           ; count18O:U3|CNT_int[0]           ; divisorfrec:U2|clk1 ; divisorfrec:U2|clk1 ; 0.000        ; 0.062      ; 1.226      ;
; 1.009  ; count18O:U3|CNT_int[7]           ; count18O:U3|CNT_int[1]           ; divisorfrec:U2|clk1 ; divisorfrec:U2|clk1 ; 0.000        ; 0.062      ; 1.228      ;
; 1.015  ; temporizador_open:U6|contador[2] ; temporizador_open:U6|contando    ; divisorfrec:U2|clk1 ; divisorfrec:U2|clk1 ; 0.000        ; 0.062      ; 1.234      ;
; 1.046  ; count18O:U3|CNT_int[0]           ; count18O:U3|CNT_int[0]           ; divisorfrec:U2|clk1 ; divisorfrec:U2|clk1 ; 0.000        ; 0.061      ; 1.264      ;
; 1.048  ; count18O:U3|CNT_int[0]           ; count18O:U3|CNT_int[1]           ; divisorfrec:U2|clk1 ; divisorfrec:U2|clk1 ; 0.000        ; 0.061      ; 1.266      ;
; 1.085  ; temporizador_open:U6|contando    ; temporizador_open:U6|contando    ; divisorfrec:U2|clk1 ; divisorfrec:U2|clk1 ; 0.000        ; 0.062      ; 1.304      ;
; 1.091  ; temporizador_open:U6|contador[0] ; temporizador_open:U6|contando    ; divisorfrec:U2|clk1 ; divisorfrec:U2|clk1 ; 0.000        ; 0.062      ; 1.310      ;
; 1.150  ; count18O:U3|CNT_int[3]           ; count18O:U3|CNT_int[3]           ; divisorfrec:U2|clk1 ; divisorfrec:U2|clk1 ; 0.000        ; 0.061      ; 1.368      ;
; 1.173  ; count18O:U3|CNT_int[4]           ; count18O:U3|CNT_int[4]           ; divisorfrec:U2|clk1 ; divisorfrec:U2|clk1 ; 0.000        ; 0.061      ; 1.391      ;
; 1.175  ; count18O:U3|CNT_int[3]           ; count18O:U3|CNT_int[0]           ; divisorfrec:U2|clk1 ; divisorfrec:U2|clk1 ; 0.000        ; 0.061      ; 1.393      ;
; 1.177  ; count18O:U3|CNT_int[3]           ; count18O:U3|CNT_int[1]           ; divisorfrec:U2|clk1 ; divisorfrec:U2|clk1 ; 0.000        ; 0.061      ; 1.395      ;
; 1.191  ; count18O:U3|CNT_int[5]           ; count18O:U3|CNT_int[5]           ; divisorfrec:U2|clk1 ; divisorfrec:U2|clk1 ; 0.000        ; 0.061      ; 1.409      ;
; 1.287  ; count18O:U3|CNT_int[2]           ; count18O:U3|CNT_int[2]           ; divisorfrec:U2|clk1 ; divisorfrec:U2|clk1 ; 0.000        ; 0.061      ; 1.505      ;
; 1.291  ; count18O:U3|CNT_int[4]           ; count18O:U3|CNT_int[0]           ; divisorfrec:U2|clk1 ; divisorfrec:U2|clk1 ; 0.000        ; 0.061      ; 1.509      ;
; 1.293  ; count18O:U3|CNT_int[4]           ; count18O:U3|CNT_int[1]           ; divisorfrec:U2|clk1 ; divisorfrec:U2|clk1 ; 0.000        ; 0.061      ; 1.511      ;
; 1.310  ; count18O:U3|CNT_int[1]           ; count18O:U3|CNT_int[0]           ; divisorfrec:U2|clk1 ; divisorfrec:U2|clk1 ; 0.000        ; 0.061      ; 1.528      ;
; 1.312  ; count18O:U3|CNT_int[1]           ; count18O:U3|CNT_int[1]           ; divisorfrec:U2|clk1 ; divisorfrec:U2|clk1 ; 0.000        ; 0.061      ; 1.530      ;
; 1.364  ; count18O:U3|CNT_int[7]           ; count18O:U3|CNT_int[3]           ; divisorfrec:U2|clk1 ; divisorfrec:U2|clk1 ; 0.000        ; 0.062      ; 1.583      ;
; 1.366  ; count18O:U3|CNT_int[7]           ; count18O:U3|CNT_int[6]           ; divisorfrec:U2|clk1 ; divisorfrec:U2|clk1 ; 0.000        ; 0.062      ; 1.585      ;
; 1.394  ; count18O:U3|CNT_int[6]           ; count18O:U3|CNT_int[6]           ; divisorfrec:U2|clk1 ; divisorfrec:U2|clk1 ; 0.000        ; 0.061      ; 1.612      ;
; 1.403  ; count18O:U3|CNT_int[0]           ; count18O:U3|CNT_int[3]           ; divisorfrec:U2|clk1 ; divisorfrec:U2|clk1 ; 0.000        ; 0.061      ; 1.621      ;
; 1.405  ; count18O:U3|CNT_int[0]           ; count18O:U3|CNT_int[6]           ; divisorfrec:U2|clk1 ; divisorfrec:U2|clk1 ; 0.000        ; 0.061      ; 1.623      ;
; 1.407  ; count18O:U3|CNT_int[5]           ; count18O:U3|CNT_int[7]           ; divisorfrec:U2|clk1 ; divisorfrec:U2|clk1 ; 0.000        ; 0.061      ; 1.625      ;
; 1.418  ; count18O:U3|CNT_int[4]           ; count18O:U3|CNT_int[7]           ; divisorfrec:U2|clk1 ; divisorfrec:U2|clk1 ; 0.000        ; 0.061      ; 1.636      ;
; 1.438  ; count18O:U3|CNT_int[2]           ; count18O:U3|CNT_int[3]           ; divisorfrec:U2|clk1 ; divisorfrec:U2|clk1 ; 0.000        ; 0.061      ; 1.656      ;
; 1.447  ; count18O:U3|CNT_int[3]           ; count18O:U3|CNT_int[4]           ; divisorfrec:U2|clk1 ; divisorfrec:U2|clk1 ; 0.000        ; 0.061      ; 1.665      ;
; 1.463  ; count18O:U3|CNT_int[2]           ; count18O:U3|CNT_int[4]           ; divisorfrec:U2|clk1 ; divisorfrec:U2|clk1 ; 0.000        ; 0.061      ; 1.681      ;
; 1.467  ; count18O:U3|CNT_int[4]           ; count18O:U3|CNT_int[5]           ; divisorfrec:U2|clk1 ; divisorfrec:U2|clk1 ; 0.000        ; 0.061      ; 1.685      ;
; 1.472  ; temporizador_open:U6|contando    ; temporizador_open:U6|contador[2] ; divisorfrec:U2|clk1 ; divisorfrec:U2|clk1 ; 0.000        ; 0.062      ; 1.691      ;
; 1.483  ; count18O:U3|CNT_int[5]           ; count18O:U3|CNT_int[6]           ; divisorfrec:U2|clk1 ; divisorfrec:U2|clk1 ; 0.000        ; 0.061      ; 1.701      ;
; 1.492  ; count18O:U3|CNT_int[4]           ; count18O:U3|CNT_int[6]           ; divisorfrec:U2|clk1 ; divisorfrec:U2|clk1 ; 0.000        ; 0.061      ; 1.710      ;
; 1.501  ; temporizador_open:U6|contando    ; temporizador_open:U6|contador[1] ; divisorfrec:U2|clk1 ; divisorfrec:U2|clk1 ; 0.000        ; 0.062      ; 1.720      ;
; 1.504  ; temporizador_open:U6|contando    ; temporizador_open:U6|contador[0] ; divisorfrec:U2|clk1 ; divisorfrec:U2|clk1 ; 0.000        ; 0.062      ; 1.723      ;
; 1.515  ; count18O:U3|CNT_int[3]           ; count18O:U3|CNT_int[7]           ; divisorfrec:U2|clk1 ; divisorfrec:U2|clk1 ; 0.000        ; 0.061      ; 1.733      ;
; 1.531  ; count18O:U3|CNT_int[2]           ; count18O:U3|CNT_int[7]           ; divisorfrec:U2|clk1 ; divisorfrec:U2|clk1 ; 0.000        ; 0.061      ; 1.749      ;
; 1.534  ; count18O:U3|CNT_int[3]           ; count18O:U3|CNT_int[6]           ; divisorfrec:U2|clk1 ; divisorfrec:U2|clk1 ; 0.000        ; 0.061      ; 1.752      ;
; 1.549  ; count18O:U3|CNT_int[6]           ; count18O:U3|CNT_int[0]           ; divisorfrec:U2|clk1 ; divisorfrec:U2|clk1 ; 0.000        ; 0.061      ; 1.767      ;
; 1.551  ; count18O:U3|CNT_int[5]           ; count18O:U3|CNT_int[0]           ; divisorfrec:U2|clk1 ; divisorfrec:U2|clk1 ; 0.000        ; 0.061      ; 1.769      ;
; 1.551  ; count18O:U3|CNT_int[6]           ; count18O:U3|CNT_int[1]           ; divisorfrec:U2|clk1 ; divisorfrec:U2|clk1 ; 0.000        ; 0.061      ; 1.769      ;
; 1.553  ; count18O:U3|CNT_int[5]           ; count18O:U3|CNT_int[1]           ; divisorfrec:U2|clk1 ; divisorfrec:U2|clk1 ; 0.000        ; 0.061      ; 1.771      ;
; 1.553  ; count18O:U3|CNT_int[6]           ; count18O:U3|CNT_int[7]           ; divisorfrec:U2|clk1 ; divisorfrec:U2|clk1 ; 0.000        ; 0.061      ; 1.771      ;
; 1.569  ; count18O:U3|CNT_int[3]           ; count18O:U3|CNT_int[5]           ; divisorfrec:U2|clk1 ; divisorfrec:U2|clk1 ; 0.000        ; 0.061      ; 1.787      ;
; 1.587  ; count18O:U3|CNT_int[2]           ; count18O:U3|CNT_int[5]           ; divisorfrec:U2|clk1 ; divisorfrec:U2|clk1 ; 0.000        ; 0.061      ; 1.805      ;
; 1.612  ; count18O:U3|CNT_int[2]           ; count18O:U3|CNT_int[6]           ; divisorfrec:U2|clk1 ; divisorfrec:U2|clk1 ; 0.000        ; 0.061      ; 1.830      ;
; 1.622  ; contador_intentos:U5|cont_int[0] ; temporizador_open:U6|contando    ; confirmar           ; divisorfrec:U2|clk1 ; -0.500       ; 0.378      ; 1.687      ;
; 1.643  ; contador_intentos:U5|cont_int[1] ; temporizador_open:U6|contando    ; confirmar           ; divisorfrec:U2|clk1 ; -0.500       ; 0.383      ; 1.713      ;
; 1.646  ; count18O:U3|CNT_int[0]           ; count18O:U3|CNT_int[5]           ; divisorfrec:U2|clk1 ; divisorfrec:U2|clk1 ; 0.000        ; 0.061      ; 1.864      ;
; 1.648  ; count18O:U3|CNT_int[4]           ; count18O:U3|CNT_int[3]           ; divisorfrec:U2|clk1 ; divisorfrec:U2|clk1 ; 0.000        ; 0.061      ; 1.866      ;
; 1.667  ; count18O:U3|CNT_int[1]           ; count18O:U3|CNT_int[3]           ; divisorfrec:U2|clk1 ; divisorfrec:U2|clk1 ; 0.000        ; 0.061      ; 1.885      ;
; 1.669  ; count18O:U3|CNT_int[1]           ; count18O:U3|CNT_int[6]           ; divisorfrec:U2|clk1 ; divisorfrec:U2|clk1 ; 0.000        ; 0.061      ; 1.887      ;
; 1.767  ; count18O:U3|CNT_int[2]           ; count18O:U3|CNT_int[0]           ; divisorfrec:U2|clk1 ; divisorfrec:U2|clk1 ; 0.000        ; 0.061      ; 1.985      ;
; 1.770  ; count18O:U3|CNT_int[2]           ; count18O:U3|CNT_int[1]           ; divisorfrec:U2|clk1 ; divisorfrec:U2|clk1 ; 0.000        ; 0.061      ; 1.988      ;
; 1.782  ; count18O:U3|CNT_int[7]           ; temporizador_open:U6|contando    ; divisorfrec:U2|clk1 ; divisorfrec:U2|clk1 ; 0.000        ; 0.062      ; 2.001      ;
; 1.806  ; count18O:U3|CNT_int[1]           ; count18O:U3|CNT_int[4]           ; divisorfrec:U2|clk1 ; divisorfrec:U2|clk1 ; 0.000        ; 0.061      ; 2.024      ;
; 1.808  ; count18O:U3|CNT_int[1]           ; count18O:U3|CNT_int[2]           ; divisorfrec:U2|clk1 ; divisorfrec:U2|clk1 ; 0.000        ; 0.061      ; 2.026      ;
; 1.809  ; count18O:U3|CNT_int[0]           ; count18O:U3|CNT_int[7]           ; divisorfrec:U2|clk1 ; divisorfrec:U2|clk1 ; 0.000        ; 0.061      ; 2.027      ;
; 1.829  ; count18O:U3|CNT_int[0]           ; count18O:U3|CNT_int[4]           ; divisorfrec:U2|clk1 ; divisorfrec:U2|clk1 ; 0.000        ; 0.061      ; 2.047      ;
; 1.831  ; count18O:U3|CNT_int[0]           ; count18O:U3|CNT_int[2]           ; divisorfrec:U2|clk1 ; divisorfrec:U2|clk1 ; 0.000        ; 0.061      ; 2.049      ;
; 1.844  ; count18O:U3|CNT_int[1]           ; count18O:U3|CNT_int[5]           ; divisorfrec:U2|clk1 ; divisorfrec:U2|clk1 ; 0.000        ; 0.061      ; 2.062      ;
; 1.872  ; contador_intentos:U5|cont_int[0] ; temporizador_open:U6|contador[1] ; confirmar           ; divisorfrec:U2|clk1 ; -0.500       ; 0.378      ; 1.937      ;
; 1.872  ; contador_intentos:U5|cont_int[0] ; temporizador_open:U6|contador[0] ; confirmar           ; divisorfrec:U2|clk1 ; -0.500       ; 0.378      ; 1.937      ;
; 1.872  ; contador_intentos:U5|cont_int[0] ; temporizador_open:U6|contador[2] ; confirmar           ; divisorfrec:U2|clk1 ; -0.500       ; 0.378      ; 1.937      ;
; 1.874  ; count18O:U3|CNT_int[1]           ; count18O:U3|CNT_int[7]           ; divisorfrec:U2|clk1 ; divisorfrec:U2|clk1 ; 0.000        ; 0.061      ; 2.092      ;
; 1.893  ; contador_intentos:U5|cont_int[1] ; temporizador_open:U6|contador[1] ; confirmar           ; divisorfrec:U2|clk1 ; -0.500       ; 0.383      ; 1.963      ;
; 1.893  ; contador_intentos:U5|cont_int[1] ; temporizador_open:U6|contador[0] ; confirmar           ; divisorfrec:U2|clk1 ; -0.500       ; 0.383      ; 1.963      ;
; 1.893  ; contador_intentos:U5|cont_int[1] ; temporizador_open:U6|contador[2] ; confirmar           ; divisorfrec:U2|clk1 ; -0.500       ; 0.383      ; 1.963      ;
; 1.906  ; count18O:U3|CNT_int[6]           ; count18O:U3|CNT_int[3]           ; divisorfrec:U2|clk1 ; divisorfrec:U2|clk1 ; 0.000        ; 0.061      ; 2.124      ;
; 1.908  ; count18O:U3|CNT_int[5]           ; count18O:U3|CNT_int[3]           ; divisorfrec:U2|clk1 ; divisorfrec:U2|clk1 ; 0.000        ; 0.061      ; 2.126      ;
; 2.028  ; count18O:U3|CNT_int[4]           ; count18O:U3|CNT_int[2]           ; divisorfrec:U2|clk1 ; divisorfrec:U2|clk1 ; 0.000        ; 0.061      ; 2.246      ;
; 2.106  ; count18O:U3|CNT_int[6]           ; count18O:U3|CNT_int[4]           ; divisorfrec:U2|clk1 ; divisorfrec:U2|clk1 ; 0.000        ; 0.061      ; 2.324      ;
; 2.107  ; count18O:U3|CNT_int[6]           ; count18O:U3|CNT_int[5]           ; divisorfrec:U2|clk1 ; divisorfrec:U2|clk1 ; 0.000        ; 0.061      ; 2.325      ;
; 2.127  ; count18O:U3|CNT_int[6]           ; count18O:U3|CNT_int[2]           ; divisorfrec:U2|clk1 ; divisorfrec:U2|clk1 ; 0.000        ; 0.061      ; 2.345      ;
; 2.171  ; count18O:U3|CNT_int[7]           ; temporizador_open:U6|contador[1] ; divisorfrec:U2|clk1 ; divisorfrec:U2|clk1 ; 0.000        ; 0.062      ; 2.390      ;
; 2.171  ; count18O:U3|CNT_int[7]           ; temporizador_open:U6|contador[0] ; divisorfrec:U2|clk1 ; divisorfrec:U2|clk1 ; 0.000        ; 0.062      ; 2.390      ;
; 2.171  ; count18O:U3|CNT_int[7]           ; temporizador_open:U6|contador[2] ; divisorfrec:U2|clk1 ; divisorfrec:U2|clk1 ; 0.000        ; 0.062      ; 2.390      ;
; 2.226  ; count18O:U3|CNT_int[3]           ; count18O:U3|CNT_int[2]           ; divisorfrec:U2|clk1 ; divisorfrec:U2|clk1 ; 0.000        ; 0.061      ; 2.444      ;
; 2.306  ; count18O:U3|CNT_int[5]           ; count18O:U3|CNT_int[4]           ; divisorfrec:U2|clk1 ; divisorfrec:U2|clk1 ; 0.000        ; 0.061      ; 2.524      ;
; 2.325  ; count18O:U3|CNT_int[5]           ; count18O:U3|CNT_int[2]           ; divisorfrec:U2|clk1 ; divisorfrec:U2|clk1 ; 0.000        ; 0.061      ; 2.543      ;
; 2.349  ; count18O:U3|CNT_int[7]           ; count18O:U3|CNT_int[4]           ; divisorfrec:U2|clk1 ; divisorfrec:U2|clk1 ; 0.000        ; 0.062      ; 2.568      ;
; 2.350  ; count18O:U3|CNT_int[7]           ; count18O:U3|CNT_int[5]           ; divisorfrec:U2|clk1 ; divisorfrec:U2|clk1 ; 0.000        ; 0.062      ; 2.569      ;
; 2.368  ; count18O:U3|CNT_int[7]           ; count18O:U3|CNT_int[2]           ; divisorfrec:U2|clk1 ; divisorfrec:U2|clk1 ; 0.000        ; 0.062      ; 2.587      ;
+--------+----------------------------------+----------------------------------+---------------------+---------------------+--------------+------------+------------+


+---------------------------------------------------------------------------------------------------------------------------------------------+
; Slow 1200mV 85C Model Hold: 'CLOCK_50'                                                                                                      ;
+--------+---------------------------+---------------------------+---------------------+-------------+--------------+------------+------------+
; Slack  ; From Node                 ; To Node                   ; Launch Clock        ; Latch Clock ; Relationship ; Clock Skew ; Data Delay ;
+--------+---------------------------+---------------------------+---------------------+-------------+--------------+------------+------------+
; -0.125 ; divisorfrec:U2|clk1       ; divisorfrec:U2|clk1       ; divisorfrec:U2|clk1 ; CLOCK_50    ; 0.000        ; 2.412      ; 2.673      ;
; 0.433  ; divisorfrec:U2|clk1       ; divisorfrec:U2|clk1       ; divisorfrec:U2|clk1 ; CLOCK_50    ; -0.500       ; 2.412      ; 2.731      ;
; 0.557  ; divisorfrec:U2|count1[7]  ; divisorfrec:U2|count1[7]  ; CLOCK_50            ; CLOCK_50    ; 0.000        ; 0.061      ; 0.775      ;
; 0.559  ; divisorfrec:U2|count1[2]  ; divisorfrec:U2|count1[2]  ; CLOCK_50            ; CLOCK_50    ; 0.000        ; 0.061      ; 0.777      ;
; 0.560  ; divisorfrec:U2|count1[5]  ; divisorfrec:U2|count1[5]  ; CLOCK_50            ; CLOCK_50    ; 0.000        ; 0.061      ; 0.778      ;
; 0.561  ; divisorfrec:U2|count1[8]  ; divisorfrec:U2|count1[8]  ; CLOCK_50            ; CLOCK_50    ; 0.000        ; 0.061      ; 0.779      ;
; 0.563  ; divisorfrec:U2|count1[4]  ; divisorfrec:U2|count1[4]  ; CLOCK_50            ; CLOCK_50    ; 0.000        ; 0.061      ; 0.781      ;
; 0.569  ; divisorfrec:U2|count1[15] ; divisorfrec:U2|count1[15] ; CLOCK_50            ; CLOCK_50    ; 0.000        ; 0.061      ; 0.787      ;
; 0.569  ; divisorfrec:U2|count1[9]  ; divisorfrec:U2|count1[9]  ; CLOCK_50            ; CLOCK_50    ; 0.000        ; 0.061      ; 0.787      ;
; 0.570  ; divisorfrec:U2|count1[23] ; divisorfrec:U2|count1[23] ; CLOCK_50            ; CLOCK_50    ; 0.000        ; 0.061      ; 0.788      ;
; 0.570  ; divisorfrec:U2|count1[17] ; divisorfrec:U2|count1[17] ; CLOCK_50            ; CLOCK_50    ; 0.000        ; 0.061      ; 0.788      ;
; 0.570  ; divisorfrec:U2|count1[1]  ; divisorfrec:U2|count1[1]  ; CLOCK_50            ; CLOCK_50    ; 0.000        ; 0.061      ; 0.788      ;
; 0.572  ; divisorfrec:U2|count1[3]  ; divisorfrec:U2|count1[3]  ; CLOCK_50            ; CLOCK_50    ; 0.000        ; 0.061      ; 0.790      ;
; 0.573  ; divisorfrec:U2|count1[10] ; divisorfrec:U2|count1[10] ; CLOCK_50            ; CLOCK_50    ; 0.000        ; 0.061      ; 0.791      ;
; 0.594  ; divisorfrec:U2|count1[0]  ; divisorfrec:U2|count1[0]  ; CLOCK_50            ; CLOCK_50    ; 0.000        ; 0.061      ; 0.812      ;
; 0.832  ; divisorfrec:U2|count1[7]  ; divisorfrec:U2|count1[8]  ; CLOCK_50            ; CLOCK_50    ; 0.000        ; 0.061      ; 1.050      ;
; 0.844  ; divisorfrec:U2|count1[9]  ; divisorfrec:U2|count1[10] ; CLOCK_50            ; CLOCK_50    ; 0.000        ; 0.061      ; 1.062      ;
; 0.845  ; divisorfrec:U2|count1[1]  ; divisorfrec:U2|count1[2]  ; CLOCK_50            ; CLOCK_50    ; 0.000        ; 0.061      ; 1.063      ;
; 0.846  ; divisorfrec:U2|count1[3]  ; divisorfrec:U2|count1[4]  ; CLOCK_50            ; CLOCK_50    ; 0.000        ; 0.061      ; 1.064      ;
; 0.847  ; divisorfrec:U2|count1[2]  ; divisorfrec:U2|count1[3]  ; CLOCK_50            ; CLOCK_50    ; 0.000        ; 0.061      ; 1.065      ;
; 0.848  ; divisorfrec:U2|count1[8]  ; divisorfrec:U2|count1[9]  ; CLOCK_50            ; CLOCK_50    ; 0.000        ; 0.061      ; 1.066      ;
; 0.849  ; divisorfrec:U2|count1[2]  ; divisorfrec:U2|count1[4]  ; CLOCK_50            ; CLOCK_50    ; 0.000        ; 0.061      ; 1.067      ;
; 0.850  ; divisorfrec:U2|count1[4]  ; divisorfrec:U2|count1[5]  ; CLOCK_50            ; CLOCK_50    ; 0.000        ; 0.061      ; 1.068      ;
; 0.850  ; divisorfrec:U2|count1[8]  ; divisorfrec:U2|count1[10] ; CLOCK_50            ; CLOCK_50    ; 0.000        ; 0.061      ; 1.068      ;
; 0.861  ; divisorfrec:U2|count1[0]  ; divisorfrec:U2|count1[1]  ; CLOCK_50            ; CLOCK_50    ; 0.000        ; 0.061      ; 1.079      ;
; 0.863  ; divisorfrec:U2|count1[6]  ; divisorfrec:U2|count1[7]  ; CLOCK_50            ; CLOCK_50    ; 0.000        ; 0.061      ; 1.081      ;
; 0.863  ; divisorfrec:U2|count1[16] ; divisorfrec:U2|count1[17] ; CLOCK_50            ; CLOCK_50    ; 0.000        ; 0.061      ; 1.081      ;
; 0.863  ; divisorfrec:U2|count1[0]  ; divisorfrec:U2|count1[2]  ; CLOCK_50            ; CLOCK_50    ; 0.000        ; 0.061      ; 1.081      ;
; 0.865  ; divisorfrec:U2|count1[6]  ; divisorfrec:U2|count1[8]  ; CLOCK_50            ; CLOCK_50    ; 0.000        ; 0.061      ; 1.083      ;
; 0.867  ; divisorfrec:U2|count1[13] ; divisorfrec:U2|count1[13] ; CLOCK_50            ; CLOCK_50    ; 0.000        ; 0.061      ; 1.085      ;
; 0.869  ; divisorfrec:U2|count1[6]  ; divisorfrec:U2|count1[6]  ; CLOCK_50            ; CLOCK_50    ; 0.000        ; 0.061      ; 1.087      ;
; 0.942  ; divisorfrec:U2|count1[7]  ; divisorfrec:U2|count1[9]  ; CLOCK_50            ; CLOCK_50    ; 0.000        ; 0.061      ; 1.160      ;
; 0.944  ; divisorfrec:U2|count1[7]  ; divisorfrec:U2|count1[10] ; CLOCK_50            ; CLOCK_50    ; 0.000        ; 0.061      ; 1.162      ;
; 0.944  ; divisorfrec:U2|count1[5]  ; divisorfrec:U2|count1[7]  ; CLOCK_50            ; CLOCK_50    ; 0.000        ; 0.061      ; 1.162      ;
; 0.946  ; divisorfrec:U2|count1[5]  ; divisorfrec:U2|count1[8]  ; CLOCK_50            ; CLOCK_50    ; 0.000        ; 0.061      ; 1.164      ;
; 0.954  ; divisorfrec:U2|count1[15] ; divisorfrec:U2|count1[17] ; CLOCK_50            ; CLOCK_50    ; 0.000        ; 0.061      ; 1.172      ;
; 0.955  ; divisorfrec:U2|count1[1]  ; divisorfrec:U2|count1[3]  ; CLOCK_50            ; CLOCK_50    ; 0.000        ; 0.061      ; 1.173      ;
; 0.956  ; divisorfrec:U2|count1[3]  ; divisorfrec:U2|count1[5]  ; CLOCK_50            ; CLOCK_50    ; 0.000        ; 0.061      ; 1.174      ;
; 0.957  ; divisorfrec:U2|count1[1]  ; divisorfrec:U2|count1[4]  ; CLOCK_50            ; CLOCK_50    ; 0.000        ; 0.061      ; 1.175      ;
; 0.958  ; divisorfrec:U2|count1[13] ; divisorfrec:U2|count1[15] ; CLOCK_50            ; CLOCK_50    ; 0.000        ; 0.061      ; 1.176      ;
; 0.959  ; divisorfrec:U2|count1[2]  ; divisorfrec:U2|count1[5]  ; CLOCK_50            ; CLOCK_50    ; 0.000        ; 0.061      ; 1.177      ;
; 0.962  ; divisorfrec:U2|count1[4]  ; divisorfrec:U2|count1[7]  ; CLOCK_50            ; CLOCK_50    ; 0.000        ; 0.061      ; 1.180      ;
; 0.964  ; divisorfrec:U2|count1[4]  ; divisorfrec:U2|count1[8]  ; CLOCK_50            ; CLOCK_50    ; 0.000        ; 0.061      ; 1.182      ;
; 0.972  ; divisorfrec:U2|count1[24] ; divisorfrec:U2|count1[24] ; CLOCK_50            ; CLOCK_50    ; 0.000        ; 0.061      ; 1.190      ;
; 0.973  ; divisorfrec:U2|count1[0]  ; divisorfrec:U2|count1[3]  ; CLOCK_50            ; CLOCK_50    ; 0.000        ; 0.061      ; 1.191      ;
; 0.974  ; divisorfrec:U2|count1[11] ; divisorfrec:U2|count1[11] ; CLOCK_50            ; CLOCK_50    ; 0.000        ; 0.061      ; 1.192      ;
; 0.975  ; divisorfrec:U2|count1[6]  ; divisorfrec:U2|count1[9]  ; CLOCK_50            ; CLOCK_50    ; 0.000        ; 0.061      ; 1.193      ;
; 0.975  ; divisorfrec:U2|count1[0]  ; divisorfrec:U2|count1[4]  ; CLOCK_50            ; CLOCK_50    ; 0.000        ; 0.061      ; 1.193      ;
; 0.976  ; divisorfrec:U2|count1[16] ; divisorfrec:U2|count1[16] ; CLOCK_50            ; CLOCK_50    ; 0.000        ; 0.061      ; 1.194      ;
; 0.977  ; divisorfrec:U2|count1[6]  ; divisorfrec:U2|count1[10] ; CLOCK_50            ; CLOCK_50    ; 0.000        ; 0.061      ; 1.195      ;
; 0.997  ; divisorfrec:U2|count1[14] ; divisorfrec:U2|count1[15] ; CLOCK_50            ; CLOCK_50    ; 0.000        ; 0.062      ; 1.216      ;
; 0.999  ; divisorfrec:U2|count1[22] ; divisorfrec:U2|count1[23] ; CLOCK_50            ; CLOCK_50    ; 0.000        ; 0.062      ; 1.218      ;
; 1.000  ; divisorfrec:U2|count1[21] ; divisorfrec:U2|count1[21] ; CLOCK_50            ; CLOCK_50    ; 0.000        ; 0.061      ; 1.218      ;
; 1.056  ; divisorfrec:U2|count1[5]  ; divisorfrec:U2|count1[9]  ; CLOCK_50            ; CLOCK_50    ; 0.000        ; 0.061      ; 1.274      ;
; 1.058  ; divisorfrec:U2|count1[5]  ; divisorfrec:U2|count1[10] ; CLOCK_50            ; CLOCK_50    ; 0.000        ; 0.061      ; 1.276      ;
; 1.067  ; divisorfrec:U2|count1[1]  ; divisorfrec:U2|count1[5]  ; CLOCK_50            ; CLOCK_50    ; 0.000        ; 0.061      ; 1.285      ;
; 1.068  ; divisorfrec:U2|count1[3]  ; divisorfrec:U2|count1[7]  ; CLOCK_50            ; CLOCK_50    ; 0.000        ; 0.061      ; 1.286      ;
; 1.070  ; divisorfrec:U2|count1[13] ; divisorfrec:U2|count1[17] ; CLOCK_50            ; CLOCK_50    ; 0.000        ; 0.061      ; 1.288      ;
; 1.070  ; divisorfrec:U2|count1[3]  ; divisorfrec:U2|count1[8]  ; CLOCK_50            ; CLOCK_50    ; 0.000        ; 0.061      ; 1.288      ;
; 1.071  ; divisorfrec:U2|count1[2]  ; divisorfrec:U2|count1[7]  ; CLOCK_50            ; CLOCK_50    ; 0.000        ; 0.061      ; 1.289      ;
; 1.073  ; divisorfrec:U2|count1[11] ; divisorfrec:U2|count1[15] ; CLOCK_50            ; CLOCK_50    ; 0.000        ; 0.059      ; 1.289      ;
; 1.073  ; divisorfrec:U2|count1[2]  ; divisorfrec:U2|count1[8]  ; CLOCK_50            ; CLOCK_50    ; 0.000        ; 0.061      ; 1.291      ;
; 1.074  ; divisorfrec:U2|count1[4]  ; divisorfrec:U2|count1[9]  ; CLOCK_50            ; CLOCK_50    ; 0.000        ; 0.061      ; 1.292      ;
; 1.076  ; divisorfrec:U2|count1[4]  ; divisorfrec:U2|count1[10] ; CLOCK_50            ; CLOCK_50    ; 0.000        ; 0.061      ; 1.294      ;
; 1.085  ; divisorfrec:U2|count1[0]  ; divisorfrec:U2|count1[5]  ; CLOCK_50            ; CLOCK_50    ; 0.000        ; 0.061      ; 1.303      ;
; 1.086  ; divisorfrec:U2|count1[10] ; divisorfrec:U2|count1[15] ; CLOCK_50            ; CLOCK_50    ; 0.000        ; 0.059      ; 1.302      ;
; 1.092  ; divisorfrec:U2|count1[21] ; divisorfrec:U2|count1[23] ; CLOCK_50            ; CLOCK_50    ; 0.000        ; 0.061      ; 1.310      ;
; 1.109  ; divisorfrec:U2|count1[14] ; divisorfrec:U2|count1[17] ; CLOCK_50            ; CLOCK_50    ; 0.000        ; 0.062      ; 1.328      ;
; 1.111  ; divisorfrec:U2|count1[20] ; divisorfrec:U2|count1[23] ; CLOCK_50            ; CLOCK_50    ; 0.000        ; 0.062      ; 1.330      ;
; 1.127  ; divisorfrec:U2|count1[5]  ; divisorfrec:U2|count1[6]  ; CLOCK_50            ; CLOCK_50    ; 0.000        ; 0.061      ; 1.345      ;
; 1.145  ; divisorfrec:U2|count1[4]  ; divisorfrec:U2|count1[6]  ; CLOCK_50            ; CLOCK_50    ; 0.000        ; 0.061      ; 1.363      ;
; 1.150  ; divisorfrec:U2|count1[12] ; divisorfrec:U2|count1[15] ; CLOCK_50            ; CLOCK_50    ; 0.000        ; 0.062      ; 1.369      ;
; 1.156  ; divisorfrec:U2|count1[22] ; divisorfrec:U2|count1[22] ; CLOCK_50            ; CLOCK_50    ; 0.000        ; 0.061      ; 1.374      ;
; 1.165  ; divisorfrec:U2|count1[19] ; divisorfrec:U2|count1[19] ; CLOCK_50            ; CLOCK_50    ; 0.000        ; 0.061      ; 1.383      ;
; 1.179  ; divisorfrec:U2|count1[1]  ; divisorfrec:U2|count1[7]  ; CLOCK_50            ; CLOCK_50    ; 0.000        ; 0.061      ; 1.397      ;
; 1.179  ; divisorfrec:U2|count1[17] ; divisorfrec:U2|count1[23] ; CLOCK_50            ; CLOCK_50    ; 0.000        ; 0.061      ; 1.397      ;
; 1.180  ; divisorfrec:U2|count1[3]  ; divisorfrec:U2|count1[9]  ; CLOCK_50            ; CLOCK_50    ; 0.000        ; 0.061      ; 1.398      ;
; 1.180  ; divisorfrec:U2|count1[9]  ; divisorfrec:U2|count1[15] ; CLOCK_50            ; CLOCK_50    ; 0.000        ; 0.059      ; 1.396      ;
; 1.181  ; divisorfrec:U2|count1[1]  ; divisorfrec:U2|count1[8]  ; CLOCK_50            ; CLOCK_50    ; 0.000        ; 0.061      ; 1.399      ;
; 1.182  ; divisorfrec:U2|count1[3]  ; divisorfrec:U2|count1[10] ; CLOCK_50            ; CLOCK_50    ; 0.000        ; 0.061      ; 1.400      ;
; 1.183  ; divisorfrec:U2|count1[2]  ; divisorfrec:U2|count1[9]  ; CLOCK_50            ; CLOCK_50    ; 0.000        ; 0.061      ; 1.401      ;
; 1.185  ; divisorfrec:U2|count1[11] ; divisorfrec:U2|count1[17] ; CLOCK_50            ; CLOCK_50    ; 0.000        ; 0.059      ; 1.401      ;
; 1.185  ; divisorfrec:U2|count1[2]  ; divisorfrec:U2|count1[10] ; CLOCK_50            ; CLOCK_50    ; 0.000        ; 0.061      ; 1.403      ;
; 1.186  ; divisorfrec:U2|count1[18] ; divisorfrec:U2|count1[18] ; CLOCK_50            ; CLOCK_50    ; 0.000        ; 0.061      ; 1.404      ;
; 1.186  ; divisorfrec:U2|count1[8]  ; divisorfrec:U2|count1[15] ; CLOCK_50            ; CLOCK_50    ; 0.000        ; 0.059      ; 1.402      ;
; 1.197  ; divisorfrec:U2|count1[0]  ; divisorfrec:U2|count1[7]  ; CLOCK_50            ; CLOCK_50    ; 0.000        ; 0.061      ; 1.415      ;
; 1.198  ; divisorfrec:U2|count1[10] ; divisorfrec:U2|count1[17] ; CLOCK_50            ; CLOCK_50    ; 0.000        ; 0.059      ; 1.414      ;
; 1.199  ; divisorfrec:U2|count1[16] ; divisorfrec:U2|count1[23] ; CLOCK_50            ; CLOCK_50    ; 0.000        ; 0.061      ; 1.417      ;
; 1.199  ; divisorfrec:U2|count1[0]  ; divisorfrec:U2|count1[8]  ; CLOCK_50            ; CLOCK_50    ; 0.000        ; 0.061      ; 1.417      ;
; 1.235  ; divisorfrec:U2|count1[14] ; divisorfrec:U2|count1[14] ; CLOCK_50            ; CLOCK_50    ; 0.000        ; 0.061      ; 1.453      ;
; 1.239  ; divisorfrec:U2|count1[19] ; divisorfrec:U2|count1[23] ; CLOCK_50            ; CLOCK_50    ; 0.000        ; 0.062      ; 1.458      ;
; 1.244  ; divisorfrec:U2|count1[15] ; divisorfrec:U2|count1[16] ; CLOCK_50            ; CLOCK_50    ; 0.000        ; 0.061      ; 1.462      ;
; 1.251  ; divisorfrec:U2|count1[3]  ; divisorfrec:U2|count1[6]  ; CLOCK_50            ; CLOCK_50    ; 0.000        ; 0.061      ; 1.469      ;
; 1.254  ; divisorfrec:U2|count1[2]  ; divisorfrec:U2|count1[6]  ; CLOCK_50            ; CLOCK_50    ; 0.000        ; 0.061      ; 1.472      ;
; 1.255  ; divisorfrec:U2|count1[18] ; divisorfrec:U2|count1[23] ; CLOCK_50            ; CLOCK_50    ; 0.000        ; 0.062      ; 1.474      ;
; 1.256  ; divisorfrec:U2|count1[11] ; divisorfrec:U2|count1[13] ; CLOCK_50            ; CLOCK_50    ; 0.000        ; 0.059      ; 1.472      ;
; 1.260  ; divisorfrec:U2|count1[10] ; divisorfrec:U2|count1[11] ; CLOCK_50            ; CLOCK_50    ; 0.000        ; 0.061      ; 1.478      ;
; 1.262  ; divisorfrec:U2|count1[12] ; divisorfrec:U2|count1[17] ; CLOCK_50            ; CLOCK_50    ; 0.000        ; 0.062      ; 1.481      ;
; 1.269  ; divisorfrec:U2|count1[10] ; divisorfrec:U2|count1[13] ; CLOCK_50            ; CLOCK_50    ; 0.000        ; 0.059      ; 1.485      ;
; 1.270  ; divisorfrec:U2|count1[20] ; divisorfrec:U2|count1[20] ; CLOCK_50            ; CLOCK_50    ; 0.000        ; 0.061      ; 1.488      ;
+--------+---------------------------+---------------------------+---------------------+-------------+--------------+------------+------------+


+----------------------------------------------------------------------------------------------------------------------------------------------------------+
; Slow 1200mV 85C Model Hold: 'confirmar'                                                                                                                  ;
+-------+----------------------------------+----------------------------------+---------------------+-------------+--------------+------------+------------+
; Slack ; From Node                        ; To Node                          ; Launch Clock        ; Latch Clock ; Relationship ; Clock Skew ; Data Delay ;
+-------+----------------------------------+----------------------------------+---------------------+-------------+--------------+------------+------------+
; 0.381 ; contador_intentos:U5|cont_int[1] ; contador_intentos:U5|cont_int[1] ; confirmar           ; confirmar   ; 0.000        ; 0.039      ; 0.577      ;
; 0.833 ; contador_intentos:U5|cont_int[0] ; contador_intentos:U5|cont_int[0] ; confirmar           ; confirmar   ; 0.000        ; 0.068      ; 1.058      ;
; 0.855 ; contador_intentos:U5|cont_int[1] ; contador_intentos:U5|cont_int[0] ; confirmar           ; confirmar   ; 0.000        ; 0.073      ; 1.085      ;
; 0.911 ; contador_intentos:U5|cont_int[0] ; contador_intentos:U5|cont_int[1] ; confirmar           ; confirmar   ; 0.000        ; 0.063      ; 1.131      ;
; 1.750 ; shift_register:U1|D3[0]          ; contador_intentos:U5|cont_int[0] ; Clock_reg           ; confirmar   ; 0.000        ; 0.195      ; 2.132      ;
; 1.839 ; shift_register:U1|D3[2]          ; contador_intentos:U5|cont_int[0] ; Clock_reg           ; confirmar   ; 0.000        ; 0.208      ; 2.234      ;
; 1.887 ; shift_register:U1|D3[1]          ; contador_intentos:U5|cont_int[0] ; Clock_reg           ; confirmar   ; 0.000        ; 0.195      ; 2.269      ;
; 1.915 ; count18O:U3|CNT_int[7]           ; contador_intentos:U5|cont_int[1] ; divisorfrec:U2|clk1 ; confirmar   ; -0.500       ; -0.150     ; 1.452      ;
; 2.023 ; shift_register:U1|D1[0]          ; contador_intentos:U5|cont_int[0] ; Clock_reg           ; confirmar   ; 0.000        ; 0.195      ; 2.405      ;
; 2.024 ; shift_register:U1|D3[0]          ; contador_intentos:U5|cont_int[1] ; Clock_reg           ; confirmar   ; 0.000        ; 0.190      ; 2.401      ;
; 2.040 ; shift_register:U1|D0[1]          ; contador_intentos:U5|cont_int[0] ; Clock_reg           ; confirmar   ; 0.000        ; 0.195      ; 2.422      ;
; 2.110 ; shift_register:U1|D0[3]          ; contador_intentos:U5|cont_int[0] ; Clock_reg           ; confirmar   ; 0.000        ; 0.195      ; 2.492      ;
; 2.117 ; shift_register:U1|D2[2]          ; contador_intentos:U5|cont_int[0] ; Clock_reg           ; confirmar   ; 0.000        ; 0.208      ; 2.512      ;
; 2.122 ; count18O:U3|CNT_int[7]           ; contador_intentos:U5|cont_int[0] ; divisorfrec:U2|clk1 ; confirmar   ; -0.500       ; -0.145     ; 1.664      ;
; 2.125 ; shift_register:U1|D0[0]          ; contador_intentos:U5|cont_int[1] ; Clock_reg           ; confirmar   ; 0.000        ; 0.190      ; 2.502      ;
; 2.135 ; shift_register:U1|D0[0]          ; contador_intentos:U5|cont_int[0] ; Clock_reg           ; confirmar   ; 0.000        ; 0.195      ; 2.517      ;
; 2.136 ; shift_register:U1|D3[3]          ; contador_intentos:U5|cont_int[0] ; Clock_reg           ; confirmar   ; 0.000        ; 0.195      ; 2.518      ;
; 2.161 ; shift_register:U1|D3[1]          ; contador_intentos:U5|cont_int[1] ; Clock_reg           ; confirmar   ; 0.000        ; 0.190      ; 2.538      ;
; 2.175 ; shift_register:U1|D2[1]          ; contador_intentos:U5|cont_int[0] ; Clock_reg           ; confirmar   ; 0.000        ; 0.195      ; 2.557      ;
; 2.175 ; shift_register:U1|D3[2]          ; contador_intentos:U5|cont_int[1] ; Clock_reg           ; confirmar   ; 0.000        ; 0.203      ; 2.565      ;
; 2.245 ; shift_register:U1|D2[3]          ; contador_intentos:U5|cont_int[0] ; Clock_reg           ; confirmar   ; 0.000        ; 0.195      ; 2.627      ;
; 2.246 ; shift_register:U1|D2[0]          ; contador_intentos:U5|cont_int[1] ; Clock_reg           ; confirmar   ; 0.000        ; 0.190      ; 2.623      ;
; 2.252 ; shift_register:U1|D1[2]          ; contador_intentos:U5|cont_int[0] ; Clock_reg           ; confirmar   ; 0.000        ; 0.208      ; 2.647      ;
; 2.256 ; shift_register:U1|D2[0]          ; contador_intentos:U5|cont_int[0] ; Clock_reg           ; confirmar   ; 0.000        ; 0.195      ; 2.638      ;
; 2.281 ; shift_register:U1|D2[2]          ; contador_intentos:U5|cont_int[1] ; Clock_reg           ; confirmar   ; 0.000        ; 0.203      ; 2.671      ;
; 2.297 ; shift_register:U1|D0[2]          ; contador_intentos:U5|cont_int[0] ; Clock_reg           ; confirmar   ; 0.000        ; 0.208      ; 2.692      ;
; 2.336 ; shift_register:U1|D2[3]          ; contador_intentos:U5|cont_int[1] ; Clock_reg           ; confirmar   ; 0.000        ; 0.190      ; 2.713      ;
; 2.339 ; shift_register:U1|D3[3]          ; contador_intentos:U5|cont_int[1] ; Clock_reg           ; confirmar   ; 0.000        ; 0.190      ; 2.716      ;
; 2.341 ; shift_register:U1|D1[0]          ; contador_intentos:U5|cont_int[1] ; Clock_reg           ; confirmar   ; 0.000        ; 0.190      ; 2.718      ;
; 2.376 ; shift_register:U1|D0[1]          ; contador_intentos:U5|cont_int[1] ; Clock_reg           ; confirmar   ; 0.000        ; 0.190      ; 2.753      ;
; 2.389 ; shift_register:U1|D2[1]          ; contador_intentos:U5|cont_int[1] ; Clock_reg           ; confirmar   ; 0.000        ; 0.190      ; 2.766      ;
; 2.446 ; shift_register:U1|D0[3]          ; contador_intentos:U5|cont_int[1] ; Clock_reg           ; confirmar   ; 0.000        ; 0.190      ; 2.823      ;
; 2.482 ; shift_register:U1|D1[3]          ; contador_intentos:U5|cont_int[0] ; Clock_reg           ; confirmar   ; 0.000        ; 0.195      ; 2.864      ;
; 2.489 ; shift_register:U1|D1[2]          ; contador_intentos:U5|cont_int[1] ; Clock_reg           ; confirmar   ; 0.000        ; 0.203      ; 2.879      ;
; 2.530 ; shift_register:U1|D0[2]          ; contador_intentos:U5|cont_int[1] ; Clock_reg           ; confirmar   ; 0.000        ; 0.203      ; 2.920      ;
; 2.573 ; shift_register:U1|D1[3]          ; contador_intentos:U5|cont_int[1] ; Clock_reg           ; confirmar   ; 0.000        ; 0.190      ; 2.950      ;
; 2.574 ; shift_register:U1|D1[1]          ; contador_intentos:U5|cont_int[0] ; Clock_reg           ; confirmar   ; 0.000        ; 0.195      ; 2.956      ;
; 2.624 ; shift_register:U1|D1[1]          ; contador_intentos:U5|cont_int[1] ; Clock_reg           ; confirmar   ; 0.000        ; 0.190      ; 3.001      ;
; 2.836 ; count18O:U3|CNT_int[4]           ; contador_intentos:U5|cont_int[0] ; divisorfrec:U2|clk1 ; confirmar   ; -0.500       ; -0.146     ; 2.377      ;
; 2.886 ; count18O:U3|CNT_int[6]           ; contador_intentos:U5|cont_int[0] ; divisorfrec:U2|clk1 ; confirmar   ; -0.500       ; -0.146     ; 2.427      ;
; 2.923 ; count18O:U3|CNT_int[0]           ; contador_intentos:U5|cont_int[0] ; divisorfrec:U2|clk1 ; confirmar   ; -0.500       ; -0.146     ; 2.464      ;
; 2.929 ; count18O:U3|CNT_int[2]           ; contador_intentos:U5|cont_int[0] ; divisorfrec:U2|clk1 ; confirmar   ; -0.500       ; -0.146     ; 2.470      ;
; 3.036 ; count18O:U3|CNT_int[5]           ; contador_intentos:U5|cont_int[0] ; divisorfrec:U2|clk1 ; confirmar   ; -0.500       ; -0.146     ; 2.577      ;
; 3.052 ; count18O:U3|CNT_int[3]           ; contador_intentos:U5|cont_int[0] ; divisorfrec:U2|clk1 ; confirmar   ; -0.500       ; -0.146     ; 2.593      ;
; 3.160 ; count18O:U3|CNT_int[6]           ; contador_intentos:U5|cont_int[1] ; divisorfrec:U2|clk1 ; confirmar   ; -0.500       ; -0.151     ; 2.696      ;
; 3.172 ; count18O:U3|CNT_int[4]           ; contador_intentos:U5|cont_int[1] ; divisorfrec:U2|clk1 ; confirmar   ; -0.500       ; -0.151     ; 2.708      ;
; 3.187 ; count18O:U3|CNT_int[1]           ; contador_intentos:U5|cont_int[0] ; divisorfrec:U2|clk1 ; confirmar   ; -0.500       ; -0.146     ; 2.728      ;
; 3.259 ; count18O:U3|CNT_int[0]           ; contador_intentos:U5|cont_int[1] ; divisorfrec:U2|clk1 ; confirmar   ; -0.500       ; -0.151     ; 2.795      ;
; 3.265 ; count18O:U3|CNT_int[2]           ; contador_intentos:U5|cont_int[1] ; divisorfrec:U2|clk1 ; confirmar   ; -0.500       ; -0.151     ; 2.801      ;
; 3.332 ; count18O:U3|CNT_int[5]           ; contador_intentos:U5|cont_int[1] ; divisorfrec:U2|clk1 ; confirmar   ; -0.500       ; -0.151     ; 2.868      ;
; 3.388 ; count18O:U3|CNT_int[3]           ; contador_intentos:U5|cont_int[1] ; divisorfrec:U2|clk1 ; confirmar   ; -0.500       ; -0.151     ; 2.924      ;
; 3.521 ; count18O:U3|CNT_int[1]           ; contador_intentos:U5|cont_int[1] ; divisorfrec:U2|clk1 ; confirmar   ; -0.500       ; -0.151     ; 3.057      ;
+-------+----------------------------------+----------------------------------+---------------------+-------------+--------------+------------+------------+


+---------------------------------------------------------------------------------------------------------------------------------+
; Slow 1200mV 85C Model Hold: 'Clock_reg'                                                                                         ;
+-------+-------------------------+-------------------------+--------------+-------------+--------------+------------+------------+
; Slack ; From Node               ; To Node                 ; Launch Clock ; Latch Clock ; Relationship ; Clock Skew ; Data Delay ;
+-------+-------------------------+-------------------------+--------------+-------------+--------------+------------+------------+
; 0.396 ; shift_register:U1|D0[3] ; shift_register:U1|D1[3] ; Clock_reg    ; Clock_reg   ; 0.000        ; 0.047      ; 0.600      ;
; 0.423 ; shift_register:U1|D2[2] ; shift_register:U1|D3[2] ; Clock_reg    ; Clock_reg   ; 0.000        ; 0.047      ; 0.627      ;
; 0.423 ; shift_register:U1|D1[2] ; shift_register:U1|D2[2] ; Clock_reg    ; Clock_reg   ; 0.000        ; 0.047      ; 0.627      ;
; 0.541 ; shift_register:U1|D1[0] ; shift_register:U1|D2[0] ; Clock_reg    ; Clock_reg   ; 0.000        ; 0.047      ; 0.745      ;
; 0.558 ; shift_register:U1|D0[0] ; shift_register:U1|D1[0] ; Clock_reg    ; Clock_reg   ; 0.000        ; 0.047      ; 0.762      ;
; 0.561 ; shift_register:U1|D2[1] ; shift_register:U1|D3[1] ; Clock_reg    ; Clock_reg   ; 0.000        ; 0.047      ; 0.765      ;
; 0.565 ; shift_register:U1|D2[0] ; shift_register:U1|D3[0] ; Clock_reg    ; Clock_reg   ; 0.000        ; 0.047      ; 0.769      ;
; 0.566 ; shift_register:U1|D0[2] ; shift_register:U1|D1[2] ; Clock_reg    ; Clock_reg   ; 0.000        ; 0.047      ; 0.770      ;
; 0.571 ; shift_register:U1|D1[3] ; shift_register:U1|D2[3] ; Clock_reg    ; Clock_reg   ; 0.000        ; 0.047      ; 0.775      ;
; 0.641 ; shift_register:U1|D2[3] ; shift_register:U1|D3[3] ; Clock_reg    ; Clock_reg   ; 0.000        ; 0.047      ; 0.845      ;
; 0.690 ; shift_register:U1|D1[1] ; shift_register:U1|D2[1] ; Clock_reg    ; Clock_reg   ; 0.000        ; 0.047      ; 0.894      ;
; 0.930 ; shift_register:U1|D0[1] ; shift_register:U1|D1[1] ; Clock_reg    ; Clock_reg   ; 0.000        ; 0.047      ; 1.134      ;
+-------+-------------------------+-------------------------+--------------+-------------+--------------+------------+------------+


+--------------------------------------------------------------------------------------------------------------------+
; Slow 1200mV 85C Model Minimum Pulse Width: 'CLOCK_50'                                                              ;
+--------+--------------+----------------+------------------+----------+------------+--------------------------------+
; Slack  ; Actual Width ; Required Width ; Type             ; Clock    ; Clock Edge ; Target                         ;
+--------+--------------+----------------+------------------+----------+------------+--------------------------------+
; -3.000 ; 1.000        ; 4.000          ; Port Rate        ; CLOCK_50 ; Rise       ; CLOCK_50                       ;
; -1.000 ; 1.000        ; 2.000          ; Min Period       ; CLOCK_50 ; Rise       ; divisorfrec:U2|clk1            ;
; -1.000 ; 1.000        ; 2.000          ; Min Period       ; CLOCK_50 ; Rise       ; divisorfrec:U2|count1[0]       ;
; -1.000 ; 1.000        ; 2.000          ; Min Period       ; CLOCK_50 ; Rise       ; divisorfrec:U2|count1[10]      ;
; -1.000 ; 1.000        ; 2.000          ; Min Period       ; CLOCK_50 ; Rise       ; divisorfrec:U2|count1[11]      ;
; -1.000 ; 1.000        ; 2.000          ; Min Period       ; CLOCK_50 ; Rise       ; divisorfrec:U2|count1[12]      ;
; -1.000 ; 1.000        ; 2.000          ; Min Period       ; CLOCK_50 ; Rise       ; divisorfrec:U2|count1[13]      ;
; -1.000 ; 1.000        ; 2.000          ; Min Period       ; CLOCK_50 ; Rise       ; divisorfrec:U2|count1[14]      ;
; -1.000 ; 1.000        ; 2.000          ; Min Period       ; CLOCK_50 ; Rise       ; divisorfrec:U2|count1[15]      ;
; -1.000 ; 1.000        ; 2.000          ; Min Period       ; CLOCK_50 ; Rise       ; divisorfrec:U2|count1[16]      ;
; -1.000 ; 1.000        ; 2.000          ; Min Period       ; CLOCK_50 ; Rise       ; divisorfrec:U2|count1[17]      ;
; -1.000 ; 1.000        ; 2.000          ; Min Period       ; CLOCK_50 ; Rise       ; divisorfrec:U2|count1[18]      ;
; -1.000 ; 1.000        ; 2.000          ; Min Period       ; CLOCK_50 ; Rise       ; divisorfrec:U2|count1[19]      ;
; -1.000 ; 1.000        ; 2.000          ; Min Period       ; CLOCK_50 ; Rise       ; divisorfrec:U2|count1[1]       ;
; -1.000 ; 1.000        ; 2.000          ; Min Period       ; CLOCK_50 ; Rise       ; divisorfrec:U2|count1[20]      ;
; -1.000 ; 1.000        ; 2.000          ; Min Period       ; CLOCK_50 ; Rise       ; divisorfrec:U2|count1[21]      ;
; -1.000 ; 1.000        ; 2.000          ; Min Period       ; CLOCK_50 ; Rise       ; divisorfrec:U2|count1[22]      ;
; -1.000 ; 1.000        ; 2.000          ; Min Period       ; CLOCK_50 ; Rise       ; divisorfrec:U2|count1[23]      ;
; -1.000 ; 1.000        ; 2.000          ; Min Period       ; CLOCK_50 ; Rise       ; divisorfrec:U2|count1[24]      ;
; -1.000 ; 1.000        ; 2.000          ; Min Period       ; CLOCK_50 ; Rise       ; divisorfrec:U2|count1[2]       ;
; -1.000 ; 1.000        ; 2.000          ; Min Period       ; CLOCK_50 ; Rise       ; divisorfrec:U2|count1[3]       ;
; -1.000 ; 1.000        ; 2.000          ; Min Period       ; CLOCK_50 ; Rise       ; divisorfrec:U2|count1[4]       ;
; -1.000 ; 1.000        ; 2.000          ; Min Period       ; CLOCK_50 ; Rise       ; divisorfrec:U2|count1[5]       ;
; -1.000 ; 1.000        ; 2.000          ; Min Period       ; CLOCK_50 ; Rise       ; divisorfrec:U2|count1[6]       ;
; -1.000 ; 1.000        ; 2.000          ; Min Period       ; CLOCK_50 ; Rise       ; divisorfrec:U2|count1[7]       ;
; -1.000 ; 1.000        ; 2.000          ; Min Period       ; CLOCK_50 ; Rise       ; divisorfrec:U2|count1[8]       ;
; -1.000 ; 1.000        ; 2.000          ; Min Period       ; CLOCK_50 ; Rise       ; divisorfrec:U2|count1[9]       ;
; 0.188  ; 0.372        ; 0.184          ; Low Pulse Width  ; CLOCK_50 ; Rise       ; divisorfrec:U2|clk1            ;
; 0.188  ; 0.372        ; 0.184          ; Low Pulse Width  ; CLOCK_50 ; Rise       ; divisorfrec:U2|count1[0]       ;
; 0.188  ; 0.372        ; 0.184          ; Low Pulse Width  ; CLOCK_50 ; Rise       ; divisorfrec:U2|count1[10]      ;
; 0.188  ; 0.372        ; 0.184          ; Low Pulse Width  ; CLOCK_50 ; Rise       ; divisorfrec:U2|count1[11]      ;
; 0.188  ; 0.372        ; 0.184          ; Low Pulse Width  ; CLOCK_50 ; Rise       ; divisorfrec:U2|count1[12]      ;
; 0.188  ; 0.372        ; 0.184          ; Low Pulse Width  ; CLOCK_50 ; Rise       ; divisorfrec:U2|count1[13]      ;
; 0.188  ; 0.372        ; 0.184          ; Low Pulse Width  ; CLOCK_50 ; Rise       ; divisorfrec:U2|count1[14]      ;
; 0.188  ; 0.372        ; 0.184          ; Low Pulse Width  ; CLOCK_50 ; Rise       ; divisorfrec:U2|count1[15]      ;
; 0.188  ; 0.372        ; 0.184          ; Low Pulse Width  ; CLOCK_50 ; Rise       ; divisorfrec:U2|count1[16]      ;
; 0.188  ; 0.372        ; 0.184          ; Low Pulse Width  ; CLOCK_50 ; Rise       ; divisorfrec:U2|count1[17]      ;
; 0.188  ; 0.372        ; 0.184          ; Low Pulse Width  ; CLOCK_50 ; Rise       ; divisorfrec:U2|count1[18]      ;
; 0.188  ; 0.372        ; 0.184          ; Low Pulse Width  ; CLOCK_50 ; Rise       ; divisorfrec:U2|count1[19]      ;
; 0.188  ; 0.372        ; 0.184          ; Low Pulse Width  ; CLOCK_50 ; Rise       ; divisorfrec:U2|count1[1]       ;
; 0.188  ; 0.372        ; 0.184          ; Low Pulse Width  ; CLOCK_50 ; Rise       ; divisorfrec:U2|count1[20]      ;
; 0.188  ; 0.372        ; 0.184          ; Low Pulse Width  ; CLOCK_50 ; Rise       ; divisorfrec:U2|count1[21]      ;
; 0.188  ; 0.372        ; 0.184          ; Low Pulse Width  ; CLOCK_50 ; Rise       ; divisorfrec:U2|count1[22]      ;
; 0.188  ; 0.372        ; 0.184          ; Low Pulse Width  ; CLOCK_50 ; Rise       ; divisorfrec:U2|count1[23]      ;
; 0.188  ; 0.372        ; 0.184          ; Low Pulse Width  ; CLOCK_50 ; Rise       ; divisorfrec:U2|count1[24]      ;
; 0.188  ; 0.372        ; 0.184          ; Low Pulse Width  ; CLOCK_50 ; Rise       ; divisorfrec:U2|count1[2]       ;
; 0.188  ; 0.372        ; 0.184          ; Low Pulse Width  ; CLOCK_50 ; Rise       ; divisorfrec:U2|count1[3]       ;
; 0.188  ; 0.372        ; 0.184          ; Low Pulse Width  ; CLOCK_50 ; Rise       ; divisorfrec:U2|count1[4]       ;
; 0.188  ; 0.372        ; 0.184          ; Low Pulse Width  ; CLOCK_50 ; Rise       ; divisorfrec:U2|count1[5]       ;
; 0.188  ; 0.372        ; 0.184          ; Low Pulse Width  ; CLOCK_50 ; Rise       ; divisorfrec:U2|count1[6]       ;
; 0.188  ; 0.372        ; 0.184          ; Low Pulse Width  ; CLOCK_50 ; Rise       ; divisorfrec:U2|count1[7]       ;
; 0.188  ; 0.372        ; 0.184          ; Low Pulse Width  ; CLOCK_50 ; Rise       ; divisorfrec:U2|count1[8]       ;
; 0.188  ; 0.372        ; 0.184          ; Low Pulse Width  ; CLOCK_50 ; Rise       ; divisorfrec:U2|count1[9]       ;
; 0.339  ; 0.339        ; 0.000          ; Low Pulse Width  ; CLOCK_50 ; Rise       ; CLOCK_50~input|o               ;
; 0.349  ; 0.349        ; 0.000          ; Low Pulse Width  ; CLOCK_50 ; Rise       ; U2|clk1|clk                    ;
; 0.349  ; 0.349        ; 0.000          ; Low Pulse Width  ; CLOCK_50 ; Rise       ; U2|count1[12]|clk              ;
; 0.349  ; 0.349        ; 0.000          ; Low Pulse Width  ; CLOCK_50 ; Rise       ; U2|count1[14]|clk              ;
; 0.349  ; 0.349        ; 0.000          ; Low Pulse Width  ; CLOCK_50 ; Rise       ; U2|count1[18]|clk              ;
; 0.349  ; 0.349        ; 0.000          ; Low Pulse Width  ; CLOCK_50 ; Rise       ; U2|count1[19]|clk              ;
; 0.349  ; 0.349        ; 0.000          ; Low Pulse Width  ; CLOCK_50 ; Rise       ; U2|count1[20]|clk              ;
; 0.349  ; 0.349        ; 0.000          ; Low Pulse Width  ; CLOCK_50 ; Rise       ; U2|count1[22]|clk              ;
; 0.349  ; 0.349        ; 0.000          ; Low Pulse Width  ; CLOCK_50 ; Rise       ; U2|count1[24]|clk              ;
; 0.350  ; 0.350        ; 0.000          ; Low Pulse Width  ; CLOCK_50 ; Rise       ; U2|count1[0]|clk               ;
; 0.350  ; 0.350        ; 0.000          ; Low Pulse Width  ; CLOCK_50 ; Rise       ; U2|count1[10]|clk              ;
; 0.350  ; 0.350        ; 0.000          ; Low Pulse Width  ; CLOCK_50 ; Rise       ; U2|count1[11]|clk              ;
; 0.350  ; 0.350        ; 0.000          ; Low Pulse Width  ; CLOCK_50 ; Rise       ; U2|count1[13]|clk              ;
; 0.350  ; 0.350        ; 0.000          ; Low Pulse Width  ; CLOCK_50 ; Rise       ; U2|count1[15]|clk              ;
; 0.350  ; 0.350        ; 0.000          ; Low Pulse Width  ; CLOCK_50 ; Rise       ; U2|count1[16]|clk              ;
; 0.350  ; 0.350        ; 0.000          ; Low Pulse Width  ; CLOCK_50 ; Rise       ; U2|count1[17]|clk              ;
; 0.350  ; 0.350        ; 0.000          ; Low Pulse Width  ; CLOCK_50 ; Rise       ; U2|count1[1]|clk               ;
; 0.350  ; 0.350        ; 0.000          ; Low Pulse Width  ; CLOCK_50 ; Rise       ; U2|count1[21]|clk              ;
; 0.350  ; 0.350        ; 0.000          ; Low Pulse Width  ; CLOCK_50 ; Rise       ; U2|count1[23]|clk              ;
; 0.350  ; 0.350        ; 0.000          ; Low Pulse Width  ; CLOCK_50 ; Rise       ; U2|count1[2]|clk               ;
; 0.350  ; 0.350        ; 0.000          ; Low Pulse Width  ; CLOCK_50 ; Rise       ; U2|count1[3]|clk               ;
; 0.350  ; 0.350        ; 0.000          ; Low Pulse Width  ; CLOCK_50 ; Rise       ; U2|count1[4]|clk               ;
; 0.350  ; 0.350        ; 0.000          ; Low Pulse Width  ; CLOCK_50 ; Rise       ; U2|count1[5]|clk               ;
; 0.350  ; 0.350        ; 0.000          ; Low Pulse Width  ; CLOCK_50 ; Rise       ; U2|count1[6]|clk               ;
; 0.350  ; 0.350        ; 0.000          ; Low Pulse Width  ; CLOCK_50 ; Rise       ; U2|count1[7]|clk               ;
; 0.350  ; 0.350        ; 0.000          ; Low Pulse Width  ; CLOCK_50 ; Rise       ; U2|count1[8]|clk               ;
; 0.350  ; 0.350        ; 0.000          ; Low Pulse Width  ; CLOCK_50 ; Rise       ; U2|count1[9]|clk               ;
; 0.356  ; 0.356        ; 0.000          ; Low Pulse Width  ; CLOCK_50 ; Rise       ; CLOCK_50~inputclkctrl|inclk[0] ;
; 0.356  ; 0.356        ; 0.000          ; Low Pulse Width  ; CLOCK_50 ; Rise       ; CLOCK_50~inputclkctrl|outclk   ;
; 0.410  ; 0.626        ; 0.216          ; High Pulse Width ; CLOCK_50 ; Rise       ; divisorfrec:U2|count1[0]       ;
; 0.410  ; 0.626        ; 0.216          ; High Pulse Width ; CLOCK_50 ; Rise       ; divisorfrec:U2|count1[10]      ;
; 0.410  ; 0.626        ; 0.216          ; High Pulse Width ; CLOCK_50 ; Rise       ; divisorfrec:U2|count1[11]      ;
; 0.410  ; 0.626        ; 0.216          ; High Pulse Width ; CLOCK_50 ; Rise       ; divisorfrec:U2|count1[13]      ;
; 0.410  ; 0.626        ; 0.216          ; High Pulse Width ; CLOCK_50 ; Rise       ; divisorfrec:U2|count1[15]      ;
; 0.410  ; 0.626        ; 0.216          ; High Pulse Width ; CLOCK_50 ; Rise       ; divisorfrec:U2|count1[16]      ;
; 0.410  ; 0.626        ; 0.216          ; High Pulse Width ; CLOCK_50 ; Rise       ; divisorfrec:U2|count1[17]      ;
; 0.410  ; 0.626        ; 0.216          ; High Pulse Width ; CLOCK_50 ; Rise       ; divisorfrec:U2|count1[1]       ;
; 0.410  ; 0.626        ; 0.216          ; High Pulse Width ; CLOCK_50 ; Rise       ; divisorfrec:U2|count1[21]      ;
; 0.410  ; 0.626        ; 0.216          ; High Pulse Width ; CLOCK_50 ; Rise       ; divisorfrec:U2|count1[23]      ;
; 0.410  ; 0.626        ; 0.216          ; High Pulse Width ; CLOCK_50 ; Rise       ; divisorfrec:U2|count1[2]       ;
; 0.410  ; 0.626        ; 0.216          ; High Pulse Width ; CLOCK_50 ; Rise       ; divisorfrec:U2|count1[3]       ;
; 0.410  ; 0.626        ; 0.216          ; High Pulse Width ; CLOCK_50 ; Rise       ; divisorfrec:U2|count1[4]       ;
; 0.410  ; 0.626        ; 0.216          ; High Pulse Width ; CLOCK_50 ; Rise       ; divisorfrec:U2|count1[5]       ;
; 0.410  ; 0.626        ; 0.216          ; High Pulse Width ; CLOCK_50 ; Rise       ; divisorfrec:U2|count1[6]       ;
; 0.410  ; 0.626        ; 0.216          ; High Pulse Width ; CLOCK_50 ; Rise       ; divisorfrec:U2|count1[7]       ;
; 0.410  ; 0.626        ; 0.216          ; High Pulse Width ; CLOCK_50 ; Rise       ; divisorfrec:U2|count1[8]       ;
; 0.410  ; 0.626        ; 0.216          ; High Pulse Width ; CLOCK_50 ; Rise       ; divisorfrec:U2|count1[9]       ;
+--------+--------------+----------------+------------------+----------+------------+--------------------------------+


+--------------------------------------------------------------------------------------------------------------+
; Slow 1200mV 85C Model Minimum Pulse Width: 'Clock_reg'                                                       ;
+--------+--------------+----------------+------------------+-----------+------------+-------------------------+
; Slack  ; Actual Width ; Required Width ; Type             ; Clock     ; Clock Edge ; Target                  ;
+--------+--------------+----------------+------------------+-----------+------------+-------------------------+
; -3.000 ; 1.000        ; 4.000          ; Port Rate        ; Clock_reg ; Rise       ; Clock_reg               ;
; -1.000 ; 1.000        ; 2.000          ; Min Period       ; Clock_reg ; Fall       ; shift_register:U1|D0[0] ;
; -1.000 ; 1.000        ; 2.000          ; Min Period       ; Clock_reg ; Fall       ; shift_register:U1|D0[1] ;
; -1.000 ; 1.000        ; 2.000          ; Min Period       ; Clock_reg ; Fall       ; shift_register:U1|D0[2] ;
; -1.000 ; 1.000        ; 2.000          ; Min Period       ; Clock_reg ; Fall       ; shift_register:U1|D0[3] ;
; -1.000 ; 1.000        ; 2.000          ; Min Period       ; Clock_reg ; Fall       ; shift_register:U1|D1[0] ;
; -1.000 ; 1.000        ; 2.000          ; Min Period       ; Clock_reg ; Fall       ; shift_register:U1|D1[1] ;
; -1.000 ; 1.000        ; 2.000          ; Min Period       ; Clock_reg ; Fall       ; shift_register:U1|D1[2] ;
; -1.000 ; 1.000        ; 2.000          ; Min Period       ; Clock_reg ; Fall       ; shift_register:U1|D1[3] ;
; -1.000 ; 1.000        ; 2.000          ; Min Period       ; Clock_reg ; Fall       ; shift_register:U1|D2[0] ;
; -1.000 ; 1.000        ; 2.000          ; Min Period       ; Clock_reg ; Fall       ; shift_register:U1|D2[1] ;
; -1.000 ; 1.000        ; 2.000          ; Min Period       ; Clock_reg ; Fall       ; shift_register:U1|D2[2] ;
; -1.000 ; 1.000        ; 2.000          ; Min Period       ; Clock_reg ; Fall       ; shift_register:U1|D2[3] ;
; -1.000 ; 1.000        ; 2.000          ; Min Period       ; Clock_reg ; Fall       ; shift_register:U1|D3[0] ;
; -1.000 ; 1.000        ; 2.000          ; Min Period       ; Clock_reg ; Fall       ; shift_register:U1|D3[1] ;
; -1.000 ; 1.000        ; 2.000          ; Min Period       ; Clock_reg ; Fall       ; shift_register:U1|D3[2] ;
; -1.000 ; 1.000        ; 2.000          ; Min Period       ; Clock_reg ; Fall       ; shift_register:U1|D3[3] ;
; 0.107  ; 0.323        ; 0.216          ; High Pulse Width ; Clock_reg ; Fall       ; shift_register:U1|D0[0] ;
; 0.107  ; 0.323        ; 0.216          ; High Pulse Width ; Clock_reg ; Fall       ; shift_register:U1|D0[1] ;
; 0.107  ; 0.323        ; 0.216          ; High Pulse Width ; Clock_reg ; Fall       ; shift_register:U1|D0[3] ;
; 0.107  ; 0.323        ; 0.216          ; High Pulse Width ; Clock_reg ; Fall       ; shift_register:U1|D1[0] ;
; 0.107  ; 0.323        ; 0.216          ; High Pulse Width ; Clock_reg ; Fall       ; shift_register:U1|D1[1] ;
; 0.107  ; 0.323        ; 0.216          ; High Pulse Width ; Clock_reg ; Fall       ; shift_register:U1|D1[3] ;
; 0.107  ; 0.323        ; 0.216          ; High Pulse Width ; Clock_reg ; Fall       ; shift_register:U1|D2[0] ;
; 0.107  ; 0.323        ; 0.216          ; High Pulse Width ; Clock_reg ; Fall       ; shift_register:U1|D2[1] ;
; 0.107  ; 0.323        ; 0.216          ; High Pulse Width ; Clock_reg ; Fall       ; shift_register:U1|D2[3] ;
; 0.107  ; 0.323        ; 0.216          ; High Pulse Width ; Clock_reg ; Fall       ; shift_register:U1|D3[0] ;
; 0.107  ; 0.323        ; 0.216          ; High Pulse Width ; Clock_reg ; Fall       ; shift_register:U1|D3[1] ;
; 0.107  ; 0.323        ; 0.216          ; High Pulse Width ; Clock_reg ; Fall       ; shift_register:U1|D3[3] ;
; 0.122  ; 0.338        ; 0.216          ; High Pulse Width ; Clock_reg ; Fall       ; shift_register:U1|D0[2] ;
; 0.122  ; 0.338        ; 0.216          ; High Pulse Width ; Clock_reg ; Fall       ; shift_register:U1|D1[2] ;
; 0.122  ; 0.338        ; 0.216          ; High Pulse Width ; Clock_reg ; Fall       ; shift_register:U1|D2[2] ;
; 0.122  ; 0.338        ; 0.216          ; High Pulse Width ; Clock_reg ; Fall       ; shift_register:U1|D3[2] ;
; 0.317  ; 0.317        ; 0.000          ; Low Pulse Width  ; Clock_reg ; Rise       ; U1|D0[0]|clk            ;
; 0.317  ; 0.317        ; 0.000          ; Low Pulse Width  ; Clock_reg ; Rise       ; U1|D0[1]|clk            ;
; 0.317  ; 0.317        ; 0.000          ; Low Pulse Width  ; Clock_reg ; Rise       ; U1|D0[3]|clk            ;
; 0.317  ; 0.317        ; 0.000          ; Low Pulse Width  ; Clock_reg ; Rise       ; U1|D1[0]|clk            ;
; 0.317  ; 0.317        ; 0.000          ; Low Pulse Width  ; Clock_reg ; Rise       ; U1|D1[1]|clk            ;
; 0.317  ; 0.317        ; 0.000          ; Low Pulse Width  ; Clock_reg ; Rise       ; U1|D1[3]|clk            ;
; 0.317  ; 0.317        ; 0.000          ; Low Pulse Width  ; Clock_reg ; Rise       ; U1|D2[0]|clk            ;
; 0.317  ; 0.317        ; 0.000          ; Low Pulse Width  ; Clock_reg ; Rise       ; U1|D2[1]|clk            ;
; 0.317  ; 0.317        ; 0.000          ; Low Pulse Width  ; Clock_reg ; Rise       ; U1|D2[3]|clk            ;
; 0.317  ; 0.317        ; 0.000          ; Low Pulse Width  ; Clock_reg ; Rise       ; U1|D3[0]|clk            ;
; 0.317  ; 0.317        ; 0.000          ; Low Pulse Width  ; Clock_reg ; Rise       ; U1|D3[1]|clk            ;
; 0.317  ; 0.317        ; 0.000          ; Low Pulse Width  ; Clock_reg ; Rise       ; U1|D3[3]|clk            ;
; 0.332  ; 0.332        ; 0.000          ; Low Pulse Width  ; Clock_reg ; Rise       ; U1|D0[2]|clk            ;
; 0.332  ; 0.332        ; 0.000          ; Low Pulse Width  ; Clock_reg ; Rise       ; U1|D1[2]|clk            ;
; 0.332  ; 0.332        ; 0.000          ; Low Pulse Width  ; Clock_reg ; Rise       ; U1|D2[2]|clk            ;
; 0.332  ; 0.332        ; 0.000          ; Low Pulse Width  ; Clock_reg ; Rise       ; U1|D3[2]|clk            ;
; 0.339  ; 0.339        ; 0.000          ; Low Pulse Width  ; Clock_reg ; Rise       ; Clock_reg~input|o       ;
; 0.473  ; 0.657        ; 0.184          ; Low Pulse Width  ; Clock_reg ; Fall       ; shift_register:U1|D0[2] ;
; 0.473  ; 0.657        ; 0.184          ; Low Pulse Width  ; Clock_reg ; Fall       ; shift_register:U1|D1[2] ;
; 0.473  ; 0.657        ; 0.184          ; Low Pulse Width  ; Clock_reg ; Fall       ; shift_register:U1|D2[2] ;
; 0.473  ; 0.657        ; 0.184          ; Low Pulse Width  ; Clock_reg ; Fall       ; shift_register:U1|D3[2] ;
; 0.487  ; 0.671        ; 0.184          ; Low Pulse Width  ; Clock_reg ; Fall       ; shift_register:U1|D0[0] ;
; 0.487  ; 0.671        ; 0.184          ; Low Pulse Width  ; Clock_reg ; Fall       ; shift_register:U1|D0[1] ;
; 0.487  ; 0.671        ; 0.184          ; Low Pulse Width  ; Clock_reg ; Fall       ; shift_register:U1|D0[3] ;
; 0.487  ; 0.671        ; 0.184          ; Low Pulse Width  ; Clock_reg ; Fall       ; shift_register:U1|D1[0] ;
; 0.487  ; 0.671        ; 0.184          ; Low Pulse Width  ; Clock_reg ; Fall       ; shift_register:U1|D1[1] ;
; 0.487  ; 0.671        ; 0.184          ; Low Pulse Width  ; Clock_reg ; Fall       ; shift_register:U1|D1[3] ;
; 0.487  ; 0.671        ; 0.184          ; Low Pulse Width  ; Clock_reg ; Fall       ; shift_register:U1|D2[0] ;
; 0.487  ; 0.671        ; 0.184          ; Low Pulse Width  ; Clock_reg ; Fall       ; shift_register:U1|D2[1] ;
; 0.487  ; 0.671        ; 0.184          ; Low Pulse Width  ; Clock_reg ; Fall       ; shift_register:U1|D2[3] ;
; 0.487  ; 0.671        ; 0.184          ; Low Pulse Width  ; Clock_reg ; Fall       ; shift_register:U1|D3[0] ;
; 0.487  ; 0.671        ; 0.184          ; Low Pulse Width  ; Clock_reg ; Fall       ; shift_register:U1|D3[1] ;
; 0.487  ; 0.671        ; 0.184          ; Low Pulse Width  ; Clock_reg ; Fall       ; shift_register:U1|D3[3] ;
; 0.500  ; 0.500        ; 0.000          ; High Pulse Width ; Clock_reg ; Rise       ; Clock_reg~input|i       ;
; 0.500  ; 0.500        ; 0.000          ; Low Pulse Width  ; Clock_reg ; Rise       ; Clock_reg~input|i       ;
; 0.661  ; 0.661        ; 0.000          ; High Pulse Width ; Clock_reg ; Rise       ; Clock_reg~input|o       ;
; 0.666  ; 0.666        ; 0.000          ; High Pulse Width ; Clock_reg ; Rise       ; U1|D0[2]|clk            ;
; 0.666  ; 0.666        ; 0.000          ; High Pulse Width ; Clock_reg ; Rise       ; U1|D1[2]|clk            ;
; 0.666  ; 0.666        ; 0.000          ; High Pulse Width ; Clock_reg ; Rise       ; U1|D2[2]|clk            ;
; 0.666  ; 0.666        ; 0.000          ; High Pulse Width ; Clock_reg ; Rise       ; U1|D3[2]|clk            ;
; 0.680  ; 0.680        ; 0.000          ; High Pulse Width ; Clock_reg ; Rise       ; U1|D0[0]|clk            ;
; 0.680  ; 0.680        ; 0.000          ; High Pulse Width ; Clock_reg ; Rise       ; U1|D0[1]|clk            ;
; 0.680  ; 0.680        ; 0.000          ; High Pulse Width ; Clock_reg ; Rise       ; U1|D0[3]|clk            ;
; 0.680  ; 0.680        ; 0.000          ; High Pulse Width ; Clock_reg ; Rise       ; U1|D1[0]|clk            ;
; 0.680  ; 0.680        ; 0.000          ; High Pulse Width ; Clock_reg ; Rise       ; U1|D1[1]|clk            ;
; 0.680  ; 0.680        ; 0.000          ; High Pulse Width ; Clock_reg ; Rise       ; U1|D1[3]|clk            ;
; 0.680  ; 0.680        ; 0.000          ; High Pulse Width ; Clock_reg ; Rise       ; U1|D2[0]|clk            ;
; 0.680  ; 0.680        ; 0.000          ; High Pulse Width ; Clock_reg ; Rise       ; U1|D2[1]|clk            ;
; 0.680  ; 0.680        ; 0.000          ; High Pulse Width ; Clock_reg ; Rise       ; U1|D2[3]|clk            ;
; 0.680  ; 0.680        ; 0.000          ; High Pulse Width ; Clock_reg ; Rise       ; U1|D3[0]|clk            ;
; 0.680  ; 0.680        ; 0.000          ; High Pulse Width ; Clock_reg ; Rise       ; U1|D3[1]|clk            ;
; 0.680  ; 0.680        ; 0.000          ; High Pulse Width ; Clock_reg ; Rise       ; U1|D3[3]|clk            ;
+--------+--------------+----------------+------------------+-----------+------------+-------------------------+


+-----------------------------------------------------------------------------------------------------------------------+
; Slow 1200mV 85C Model Minimum Pulse Width: 'confirmar'                                                                ;
+--------+--------------+----------------+------------------+-----------+------------+----------------------------------+
; Slack  ; Actual Width ; Required Width ; Type             ; Clock     ; Clock Edge ; Target                           ;
+--------+--------------+----------------+------------------+-----------+------------+----------------------------------+
; -3.000 ; 1.000        ; 4.000          ; Port Rate        ; confirmar ; Rise       ; confirmar                        ;
; -1.000 ; 1.000        ; 2.000          ; Min Period       ; confirmar ; Fall       ; contador_intentos:U5|cont_int[0] ;
; -1.000 ; 1.000        ; 2.000          ; Min Period       ; confirmar ; Fall       ; contador_intentos:U5|cont_int[1] ;
; 0.098  ; 0.314        ; 0.216          ; High Pulse Width ; confirmar ; Fall       ; contador_intentos:U5|cont_int[0] ;
; 0.102  ; 0.318        ; 0.216          ; High Pulse Width ; confirmar ; Fall       ; contador_intentos:U5|cont_int[1] ;
; 0.308  ; 0.308        ; 0.000          ; Low Pulse Width  ; confirmar ; Rise       ; U5|cont_int[0]|clk               ;
; 0.312  ; 0.312        ; 0.000          ; Low Pulse Width  ; confirmar ; Rise       ; U5|cont_int[1]|clk               ;
; 0.339  ; 0.339        ; 0.000          ; Low Pulse Width  ; confirmar ; Rise       ; confirmar~input|o                ;
; 0.494  ; 0.678        ; 0.184          ; Low Pulse Width  ; confirmar ; Fall       ; contador_intentos:U5|cont_int[1] ;
; 0.498  ; 0.682        ; 0.184          ; Low Pulse Width  ; confirmar ; Fall       ; contador_intentos:U5|cont_int[0] ;
; 0.500  ; 0.500        ; 0.000          ; High Pulse Width ; confirmar ; Rise       ; confirmar~input|i                ;
; 0.500  ; 0.500        ; 0.000          ; Low Pulse Width  ; confirmar ; Rise       ; confirmar~input|i                ;
; 0.661  ; 0.661        ; 0.000          ; High Pulse Width ; confirmar ; Rise       ; confirmar~input|o                ;
; 0.687  ; 0.687        ; 0.000          ; High Pulse Width ; confirmar ; Rise       ; U5|cont_int[1]|clk               ;
; 0.691  ; 0.691        ; 0.000          ; High Pulse Width ; confirmar ; Rise       ; U5|cont_int[0]|clk               ;
+--------+--------------+----------------+------------------+-----------+------------+----------------------------------+


+---------------------------------------------------------------------------------------------------------------------------------+
; Slow 1200mV 85C Model Minimum Pulse Width: 'divisorfrec:U2|clk1'                                                                ;
+--------+--------------+----------------+------------------+---------------------+------------+----------------------------------+
; Slack  ; Actual Width ; Required Width ; Type             ; Clock               ; Clock Edge ; Target                           ;
+--------+--------------+----------------+------------------+---------------------+------------+----------------------------------+
; -1.000 ; 1.000        ; 2.000          ; Min Period       ; divisorfrec:U2|clk1 ; Rise       ; count18O:U3|CNT_int[0]           ;
; -1.000 ; 1.000        ; 2.000          ; Min Period       ; divisorfrec:U2|clk1 ; Rise       ; count18O:U3|CNT_int[1]           ;
; -1.000 ; 1.000        ; 2.000          ; Min Period       ; divisorfrec:U2|clk1 ; Rise       ; count18O:U3|CNT_int[2]           ;
; -1.000 ; 1.000        ; 2.000          ; Min Period       ; divisorfrec:U2|clk1 ; Rise       ; count18O:U3|CNT_int[3]           ;
; -1.000 ; 1.000        ; 2.000          ; Min Period       ; divisorfrec:U2|clk1 ; Rise       ; count18O:U3|CNT_int[4]           ;
; -1.000 ; 1.000        ; 2.000          ; Min Period       ; divisorfrec:U2|clk1 ; Rise       ; count18O:U3|CNT_int[5]           ;
; -1.000 ; 1.000        ; 2.000          ; Min Period       ; divisorfrec:U2|clk1 ; Rise       ; count18O:U3|CNT_int[6]           ;
; -1.000 ; 1.000        ; 2.000          ; Min Period       ; divisorfrec:U2|clk1 ; Rise       ; count18O:U3|CNT_int[7]           ;
; -1.000 ; 1.000        ; 2.000          ; Min Period       ; divisorfrec:U2|clk1 ; Rise       ; temporizador_open:U6|contador[0] ;
; -1.000 ; 1.000        ; 2.000          ; Min Period       ; divisorfrec:U2|clk1 ; Rise       ; temporizador_open:U6|contador[1] ;
; -1.000 ; 1.000        ; 2.000          ; Min Period       ; divisorfrec:U2|clk1 ; Rise       ; temporizador_open:U6|contador[2] ;
; -1.000 ; 1.000        ; 2.000          ; Min Period       ; divisorfrec:U2|clk1 ; Rise       ; temporizador_open:U6|contando    ;
; 0.201  ; 0.385        ; 0.184          ; Low Pulse Width  ; divisorfrec:U2|clk1 ; Rise       ; count18O:U3|CNT_int[0]           ;
; 0.201  ; 0.385        ; 0.184          ; Low Pulse Width  ; divisorfrec:U2|clk1 ; Rise       ; count18O:U3|CNT_int[1]           ;
; 0.201  ; 0.385        ; 0.184          ; Low Pulse Width  ; divisorfrec:U2|clk1 ; Rise       ; count18O:U3|CNT_int[2]           ;
; 0.201  ; 0.385        ; 0.184          ; Low Pulse Width  ; divisorfrec:U2|clk1 ; Rise       ; count18O:U3|CNT_int[3]           ;
; 0.201  ; 0.385        ; 0.184          ; Low Pulse Width  ; divisorfrec:U2|clk1 ; Rise       ; count18O:U3|CNT_int[4]           ;
; 0.201  ; 0.385        ; 0.184          ; Low Pulse Width  ; divisorfrec:U2|clk1 ; Rise       ; count18O:U3|CNT_int[5]           ;
; 0.201  ; 0.385        ; 0.184          ; Low Pulse Width  ; divisorfrec:U2|clk1 ; Rise       ; count18O:U3|CNT_int[6]           ;
; 0.201  ; 0.385        ; 0.184          ; Low Pulse Width  ; divisorfrec:U2|clk1 ; Rise       ; count18O:U3|CNT_int[7]           ;
; 0.201  ; 0.385        ; 0.184          ; Low Pulse Width  ; divisorfrec:U2|clk1 ; Rise       ; temporizador_open:U6|contador[0] ;
; 0.201  ; 0.385        ; 0.184          ; Low Pulse Width  ; divisorfrec:U2|clk1 ; Rise       ; temporizador_open:U6|contador[1] ;
; 0.201  ; 0.385        ; 0.184          ; Low Pulse Width  ; divisorfrec:U2|clk1 ; Rise       ; temporizador_open:U6|contador[2] ;
; 0.201  ; 0.385        ; 0.184          ; Low Pulse Width  ; divisorfrec:U2|clk1 ; Rise       ; temporizador_open:U6|contando    ;
; 0.363  ; 0.363        ; 0.000          ; Low Pulse Width  ; divisorfrec:U2|clk1 ; Rise       ; U3|CNT_int[0]|clk                ;
; 0.363  ; 0.363        ; 0.000          ; Low Pulse Width  ; divisorfrec:U2|clk1 ; Rise       ; U3|CNT_int[1]|clk                ;
; 0.363  ; 0.363        ; 0.000          ; Low Pulse Width  ; divisorfrec:U2|clk1 ; Rise       ; U3|CNT_int[2]|clk                ;
; 0.363  ; 0.363        ; 0.000          ; Low Pulse Width  ; divisorfrec:U2|clk1 ; Rise       ; U3|CNT_int[3]|clk                ;
; 0.363  ; 0.363        ; 0.000          ; Low Pulse Width  ; divisorfrec:U2|clk1 ; Rise       ; U3|CNT_int[4]|clk                ;
; 0.363  ; 0.363        ; 0.000          ; Low Pulse Width  ; divisorfrec:U2|clk1 ; Rise       ; U3|CNT_int[5]|clk                ;
; 0.363  ; 0.363        ; 0.000          ; Low Pulse Width  ; divisorfrec:U2|clk1 ; Rise       ; U3|CNT_int[6]|clk                ;
; 0.363  ; 0.363        ; 0.000          ; Low Pulse Width  ; divisorfrec:U2|clk1 ; Rise       ; U3|CNT_int[7]|clk                ;
; 0.363  ; 0.363        ; 0.000          ; Low Pulse Width  ; divisorfrec:U2|clk1 ; Rise       ; U6|contador[0]|clk               ;
; 0.363  ; 0.363        ; 0.000          ; Low Pulse Width  ; divisorfrec:U2|clk1 ; Rise       ; U6|contador[1]|clk               ;
; 0.363  ; 0.363        ; 0.000          ; Low Pulse Width  ; divisorfrec:U2|clk1 ; Rise       ; U6|contador[2]|clk               ;
; 0.363  ; 0.363        ; 0.000          ; Low Pulse Width  ; divisorfrec:U2|clk1 ; Rise       ; U6|contando|clk                  ;
; 0.370  ; 0.370        ; 0.000          ; Low Pulse Width  ; divisorfrec:U2|clk1 ; Rise       ; U2|clk1~clkctrl|inclk[0]         ;
; 0.370  ; 0.370        ; 0.000          ; Low Pulse Width  ; divisorfrec:U2|clk1 ; Rise       ; U2|clk1~clkctrl|outclk           ;
; 0.391  ; 0.607        ; 0.216          ; High Pulse Width ; divisorfrec:U2|clk1 ; Rise       ; count18O:U3|CNT_int[0]           ;
; 0.391  ; 0.607        ; 0.216          ; High Pulse Width ; divisorfrec:U2|clk1 ; Rise       ; count18O:U3|CNT_int[1]           ;
; 0.391  ; 0.607        ; 0.216          ; High Pulse Width ; divisorfrec:U2|clk1 ; Rise       ; count18O:U3|CNT_int[2]           ;
; 0.391  ; 0.607        ; 0.216          ; High Pulse Width ; divisorfrec:U2|clk1 ; Rise       ; count18O:U3|CNT_int[3]           ;
; 0.391  ; 0.607        ; 0.216          ; High Pulse Width ; divisorfrec:U2|clk1 ; Rise       ; count18O:U3|CNT_int[4]           ;
; 0.391  ; 0.607        ; 0.216          ; High Pulse Width ; divisorfrec:U2|clk1 ; Rise       ; count18O:U3|CNT_int[5]           ;
; 0.391  ; 0.607        ; 0.216          ; High Pulse Width ; divisorfrec:U2|clk1 ; Rise       ; count18O:U3|CNT_int[6]           ;
; 0.391  ; 0.607        ; 0.216          ; High Pulse Width ; divisorfrec:U2|clk1 ; Rise       ; temporizador_open:U6|contador[0] ;
; 0.391  ; 0.607        ; 0.216          ; High Pulse Width ; divisorfrec:U2|clk1 ; Rise       ; temporizador_open:U6|contador[1] ;
; 0.391  ; 0.607        ; 0.216          ; High Pulse Width ; divisorfrec:U2|clk1 ; Rise       ; temporizador_open:U6|contador[2] ;
; 0.392  ; 0.608        ; 0.216          ; High Pulse Width ; divisorfrec:U2|clk1 ; Rise       ; count18O:U3|CNT_int[7]           ;
; 0.392  ; 0.608        ; 0.216          ; High Pulse Width ; divisorfrec:U2|clk1 ; Rise       ; temporizador_open:U6|contando    ;
; 0.500  ; 0.500        ; 0.000          ; High Pulse Width ; divisorfrec:U2|clk1 ; Rise       ; U2|clk1|q                        ;
; 0.500  ; 0.500        ; 0.000          ; Low Pulse Width  ; divisorfrec:U2|clk1 ; Rise       ; U2|clk1|q                        ;
; 0.625  ; 0.625        ; 0.000          ; High Pulse Width ; divisorfrec:U2|clk1 ; Rise       ; U2|clk1~clkctrl|inclk[0]         ;
; 0.625  ; 0.625        ; 0.000          ; High Pulse Width ; divisorfrec:U2|clk1 ; Rise       ; U2|clk1~clkctrl|outclk           ;
; 0.631  ; 0.631        ; 0.000          ; High Pulse Width ; divisorfrec:U2|clk1 ; Rise       ; U3|CNT_int[0]|clk                ;
; 0.631  ; 0.631        ; 0.000          ; High Pulse Width ; divisorfrec:U2|clk1 ; Rise       ; U3|CNT_int[1]|clk                ;
; 0.631  ; 0.631        ; 0.000          ; High Pulse Width ; divisorfrec:U2|clk1 ; Rise       ; U3|CNT_int[2]|clk                ;
; 0.631  ; 0.631        ; 0.000          ; High Pulse Width ; divisorfrec:U2|clk1 ; Rise       ; U3|CNT_int[3]|clk                ;
; 0.631  ; 0.631        ; 0.000          ; High Pulse Width ; divisorfrec:U2|clk1 ; Rise       ; U3|CNT_int[4]|clk                ;
; 0.631  ; 0.631        ; 0.000          ; High Pulse Width ; divisorfrec:U2|clk1 ; Rise       ; U3|CNT_int[5]|clk                ;
; 0.631  ; 0.631        ; 0.000          ; High Pulse Width ; divisorfrec:U2|clk1 ; Rise       ; U3|CNT_int[6]|clk                ;
; 0.631  ; 0.631        ; 0.000          ; High Pulse Width ; divisorfrec:U2|clk1 ; Rise       ; U6|contador[0]|clk               ;
; 0.631  ; 0.631        ; 0.000          ; High Pulse Width ; divisorfrec:U2|clk1 ; Rise       ; U6|contador[1]|clk               ;
; 0.631  ; 0.631        ; 0.000          ; High Pulse Width ; divisorfrec:U2|clk1 ; Rise       ; U6|contador[2]|clk               ;
; 0.632  ; 0.632        ; 0.000          ; High Pulse Width ; divisorfrec:U2|clk1 ; Rise       ; U3|CNT_int[7]|clk                ;
; 0.632  ; 0.632        ; 0.000          ; High Pulse Width ; divisorfrec:U2|clk1 ; Rise       ; U6|contando|clk                  ;
+--------+--------------+----------------+------------------+---------------------+------------+----------------------------------+


+------------------------------------------------------------------------------------+
; Setup Times                                                                        ;
+-----------+---------------------+-------+-------+------------+---------------------+
; Data Port ; Clock Port          ; Rise  ; Fall  ; Clock Edge ; Clock Reference     ;
+-----------+---------------------+-------+-------+------------+---------------------+
; Din[*]    ; Clock_reg           ; 1.880 ; 2.295 ; Fall       ; Clock_reg           ;
;  Din[0]   ; Clock_reg           ; 1.617 ; 2.042 ; Fall       ; Clock_reg           ;
;  Din[1]   ; Clock_reg           ; 1.880 ; 2.295 ; Fall       ; Clock_reg           ;
;  Din[2]   ; Clock_reg           ; 1.786 ; 2.204 ; Fall       ; Clock_reg           ;
;  Din[3]   ; Clock_reg           ; 1.730 ; 2.134 ; Fall       ; Clock_reg           ;
; UP_DOWN   ; divisorfrec:U2|clk1 ; 3.016 ; 3.471 ; Rise       ; divisorfrec:U2|clk1 ;
; confirmar ; divisorfrec:U2|clk1 ; 0.326 ; 0.480 ; Rise       ; divisorfrec:U2|clk1 ;
+-----------+---------------------+-------+-------+------------+---------------------+


+--------------------------------------------------------------------------------------+
; Hold Times                                                                           ;
+-----------+---------------------+--------+--------+------------+---------------------+
; Data Port ; Clock Port          ; Rise   ; Fall   ; Clock Edge ; Clock Reference     ;
+-----------+---------------------+--------+--------+------------+---------------------+
; Din[*]    ; Clock_reg           ; -1.243 ; -1.656 ; Fall       ; Clock_reg           ;
;  Din[0]   ; Clock_reg           ; -1.243 ; -1.656 ; Fall       ; Clock_reg           ;
;  Din[1]   ; Clock_reg           ; -1.495 ; -1.899 ; Fall       ; Clock_reg           ;
;  Din[2]   ; Clock_reg           ; -1.393 ; -1.790 ; Fall       ; Clock_reg           ;
;  Din[3]   ; Clock_reg           ; -1.352 ; -1.744 ; Fall       ; Clock_reg           ;
; UP_DOWN   ; divisorfrec:U2|clk1 ; -1.181 ; -1.588 ; Rise       ; divisorfrec:U2|clk1 ;
; confirmar ; divisorfrec:U2|clk1 ; 0.344  ; 0.213  ; Rise       ; divisorfrec:U2|clk1 ;
+-----------+---------------------+--------+--------+------------+---------------------+


+---------------------------------------------------------------------------------------------+
; Clock to Output Times                                                                       ;
+------------------+---------------------+--------+--------+------------+---------------------+
; Data Port        ; Clock Port          ; Rise   ; Fall   ; Clock Edge ; Clock Reference     ;
+------------------+---------------------+--------+--------+------------+---------------------+
; LED_load         ; Clock_reg           ; 6.163  ; 5.762  ; Rise       ; Clock_reg           ;
; Disp0[*]         ; Clock_reg           ; 10.119 ; 10.044 ; Fall       ; Clock_reg           ;
;  Disp0[2]        ; Clock_reg           ; 10.119 ; 10.044 ; Fall       ; Clock_reg           ;
; Disp1[*]         ; Clock_reg           ; 10.388 ; 10.310 ; Fall       ; Clock_reg           ;
;  Disp1[0]        ; Clock_reg           ; 10.388 ; 10.310 ; Fall       ; Clock_reg           ;
;  Disp1[3]        ; Clock_reg           ; 9.709  ; 9.769  ; Fall       ; Clock_reg           ;
;  Disp1[5]        ; Clock_reg           ; 10.207 ; 10.289 ; Fall       ; Clock_reg           ;
; Disp2[*]         ; Clock_reg           ; 10.240 ; 10.295 ; Fall       ; Clock_reg           ;
;  Disp2[1]        ; Clock_reg           ; 10.240 ; 10.295 ; Fall       ; Clock_reg           ;
;  Disp2[3]        ; Clock_reg           ; 10.006 ; 10.049 ; Fall       ; Clock_reg           ;
; Disp3[*]         ; Clock_reg           ; 10.586 ; 10.505 ; Fall       ; Clock_reg           ;
;  Disp3[0]        ; Clock_reg           ; 10.586 ; 10.495 ; Fall       ; Clock_reg           ;
;  Disp3[1]        ; Clock_reg           ; 10.458 ; 10.505 ; Fall       ; Clock_reg           ;
;  Disp3[2]        ; Clock_reg           ; 10.206 ; 10.282 ; Fall       ; Clock_reg           ;
;  Disp3[3]        ; Clock_reg           ; 10.564 ; 10.479 ; Fall       ; Clock_reg           ;
;  Disp3[4]        ; Clock_reg           ; 10.506 ; 10.422 ; Fall       ; Clock_reg           ;
;  Disp3[5]        ; Clock_reg           ; 10.506 ; 10.422 ; Fall       ; Clock_reg           ;
; LED_acceso       ; Clock_reg           ; 9.995  ; 10.019 ; Fall       ; Clock_reg           ;
; LED_clave        ; Clock_reg           ; 11.241 ; 11.416 ; Fall       ; Clock_reg           ;
; LED_horario      ; Clock_reg           ; 10.407 ; 10.457 ; Fall       ; Clock_reg           ;
; LED_load         ; Clock_reg           ; 6.163  ; 5.762  ; Fall       ; Clock_reg           ;
; Disp0[*]         ; confirmar           ; 8.026  ; 8.205  ; Rise       ; confirmar           ;
;  Disp0[0]        ; confirmar           ; 7.949  ; 7.402  ; Rise       ; confirmar           ;
;  Disp0[2]        ; confirmar           ; 7.784  ; 8.205  ; Rise       ; confirmar           ;
;  Disp0[3]        ; confirmar           ; 8.026  ; 7.504  ; Rise       ; confirmar           ;
;  Disp0[5]        ; confirmar           ; 8.016  ; 7.494  ; Rise       ; confirmar           ;
; Disp1[*]         ; confirmar           ; 8.299  ; 8.471  ; Rise       ; confirmar           ;
;  Disp1[0]        ; confirmar           ; 8.053  ; 8.471  ; Rise       ; confirmar           ;
;  Disp1[3]        ; confirmar           ; 7.801  ; 7.381  ; Rise       ; confirmar           ;
;  Disp1[5]        ; confirmar           ; 8.299  ; 7.901  ; Rise       ; confirmar           ;
;  Disp1[6]        ; confirmar           ; 7.339  ; 7.761  ; Rise       ; confirmar           ;
; Disp2[*]         ; confirmar           ; 8.332  ; 8.382  ; Rise       ; confirmar           ;
;  Disp2[0]        ; confirmar           ; 7.538  ; 8.035  ; Rise       ; confirmar           ;
;  Disp2[1]        ; confirmar           ; 8.332  ; 7.907  ; Rise       ; confirmar           ;
;  Disp2[2]        ; confirmar           ; 8.028  ; 7.494  ; Rise       ; confirmar           ;
;  Disp2[3]        ; confirmar           ; 8.166  ; 7.715  ; Rise       ; confirmar           ;
;  Disp2[5]        ; confirmar           ; 7.882  ; 8.382  ; Rise       ; confirmar           ;
; Disp3[*]         ; confirmar           ; 8.542  ; 8.656  ; Rise       ; confirmar           ;
;  Disp3[0]        ; confirmar           ; 8.251  ; 8.656  ; Rise       ; confirmar           ;
;  Disp3[1]        ; confirmar           ; 8.542  ; 8.120  ; Rise       ; confirmar           ;
;  Disp3[2]        ; confirmar           ; 8.290  ; 7.897  ; Rise       ; confirmar           ;
;  Disp3[3]        ; confirmar           ; 8.229  ; 8.640  ; Rise       ; confirmar           ;
;  Disp3[4]        ; confirmar           ; 8.171  ; 8.583  ; Rise       ; confirmar           ;
;  Disp3[5]        ; confirmar           ; 8.171  ; 8.583  ; Rise       ; confirmar           ;
; Disp0[*]         ; confirmar           ; 8.026  ; 8.205  ; Fall       ; confirmar           ;
;  Disp0[0]        ; confirmar           ; 7.949  ; 7.402  ; Fall       ; confirmar           ;
;  Disp0[2]        ; confirmar           ; 7.784  ; 8.205  ; Fall       ; confirmar           ;
;  Disp0[3]        ; confirmar           ; 8.026  ; 7.504  ; Fall       ; confirmar           ;
;  Disp0[5]        ; confirmar           ; 8.016  ; 7.494  ; Fall       ; confirmar           ;
; Disp1[*]         ; confirmar           ; 8.299  ; 8.471  ; Fall       ; confirmar           ;
;  Disp1[0]        ; confirmar           ; 8.053  ; 8.471  ; Fall       ; confirmar           ;
;  Disp1[3]        ; confirmar           ; 7.801  ; 7.381  ; Fall       ; confirmar           ;
;  Disp1[5]        ; confirmar           ; 8.299  ; 7.901  ; Fall       ; confirmar           ;
;  Disp1[6]        ; confirmar           ; 7.339  ; 7.761  ; Fall       ; confirmar           ;
; Disp2[*]         ; confirmar           ; 8.332  ; 8.382  ; Fall       ; confirmar           ;
;  Disp2[0]        ; confirmar           ; 7.538  ; 8.035  ; Fall       ; confirmar           ;
;  Disp2[1]        ; confirmar           ; 8.332  ; 7.907  ; Fall       ; confirmar           ;
;  Disp2[2]        ; confirmar           ; 8.028  ; 7.494  ; Fall       ; confirmar           ;
;  Disp2[3]        ; confirmar           ; 8.166  ; 7.715  ; Fall       ; confirmar           ;
;  Disp2[5]        ; confirmar           ; 7.882  ; 8.382  ; Fall       ; confirmar           ;
; Disp3[*]         ; confirmar           ; 8.542  ; 8.656  ; Fall       ; confirmar           ;
;  Disp3[0]        ; confirmar           ; 8.251  ; 8.656  ; Fall       ; confirmar           ;
;  Disp3[1]        ; confirmar           ; 8.542  ; 8.120  ; Fall       ; confirmar           ;
;  Disp3[2]        ; confirmar           ; 8.290  ; 7.897  ; Fall       ; confirmar           ;
;  Disp3[3]        ; confirmar           ; 8.229  ; 8.640  ; Fall       ; confirmar           ;
;  Disp3[4]        ; confirmar           ; 8.171  ; 8.583  ; Fall       ; confirmar           ;
;  Disp3[5]        ; confirmar           ; 8.171  ; 8.583  ; Fall       ; confirmar           ;
; LED_alarma       ; confirmar           ; 7.141  ; 7.264  ; Fall       ; confirmar           ;
; LED_intentos[*]  ; confirmar           ; 6.829  ; 6.878  ; Fall       ; confirmar           ;
;  LED_intentos[0] ; confirmar           ; 6.692  ; 6.753  ; Fall       ; confirmar           ;
;  LED_intentos[1] ; confirmar           ; 6.829  ; 6.878  ; Fall       ; confirmar           ;
; Disp0[*]         ; divisorfrec:U2|clk1 ; 9.781  ; 9.707  ; Rise       ; divisorfrec:U2|clk1 ;
;  Disp0[0]        ; divisorfrec:U2|clk1 ; 7.785  ; 7.797  ; Rise       ; divisorfrec:U2|clk1 ;
;  Disp0[2]        ; divisorfrec:U2|clk1 ; 9.781  ; 9.707  ; Rise       ; divisorfrec:U2|clk1 ;
;  Disp0[3]        ; divisorfrec:U2|clk1 ; 7.862  ; 7.899  ; Rise       ; divisorfrec:U2|clk1 ;
;  Disp0[5]        ; divisorfrec:U2|clk1 ; 7.852  ; 7.889  ; Rise       ; divisorfrec:U2|clk1 ;
; Disp1[*]         ; divisorfrec:U2|clk1 ; 10.050 ; 9.973  ; Rise       ; divisorfrec:U2|clk1 ;
;  Disp1[0]        ; divisorfrec:U2|clk1 ; 10.050 ; 9.973  ; Rise       ; divisorfrec:U2|clk1 ;
;  Disp1[3]        ; divisorfrec:U2|clk1 ; 9.371  ; 9.432  ; Rise       ; divisorfrec:U2|clk1 ;
;  Disp1[5]        ; divisorfrec:U2|clk1 ; 9.869  ; 9.952  ; Rise       ; divisorfrec:U2|clk1 ;
;  Disp1[6]        ; divisorfrec:U2|clk1 ; 7.741  ; 7.607  ; Rise       ; divisorfrec:U2|clk1 ;
; Disp2[*]         ; divisorfrec:U2|clk1 ; 9.902  ; 9.958  ; Rise       ; divisorfrec:U2|clk1 ;
;  Disp2[0]        ; divisorfrec:U2|clk1 ; 7.933  ; 7.871  ; Rise       ; divisorfrec:U2|clk1 ;
;  Disp2[1]        ; divisorfrec:U2|clk1 ; 9.902  ; 9.958  ; Rise       ; divisorfrec:U2|clk1 ;
;  Disp2[2]        ; divisorfrec:U2|clk1 ; 7.867  ; 7.902  ; Rise       ; divisorfrec:U2|clk1 ;
;  Disp2[3]        ; divisorfrec:U2|clk1 ; 9.669  ; 9.711  ; Rise       ; divisorfrec:U2|clk1 ;
;  Disp2[5]        ; divisorfrec:U2|clk1 ; 8.277  ; 8.218  ; Rise       ; divisorfrec:U2|clk1 ;
; Disp3[*]         ; divisorfrec:U2|clk1 ; 10.248 ; 10.168 ; Rise       ; divisorfrec:U2|clk1 ;
;  Disp3[0]        ; divisorfrec:U2|clk1 ; 10.248 ; 10.158 ; Rise       ; divisorfrec:U2|clk1 ;
;  Disp3[1]        ; divisorfrec:U2|clk1 ; 10.120 ; 10.168 ; Rise       ; divisorfrec:U2|clk1 ;
;  Disp3[2]        ; divisorfrec:U2|clk1 ; 9.868  ; 9.945  ; Rise       ; divisorfrec:U2|clk1 ;
;  Disp3[3]        ; divisorfrec:U2|clk1 ; 10.226 ; 10.142 ; Rise       ; divisorfrec:U2|clk1 ;
;  Disp3[4]        ; divisorfrec:U2|clk1 ; 10.168 ; 10.085 ; Rise       ; divisorfrec:U2|clk1 ;
;  Disp3[5]        ; divisorfrec:U2|clk1 ; 10.168 ; 10.085 ; Rise       ; divisorfrec:U2|clk1 ;
; LED_acceso       ; divisorfrec:U2|clk1 ; 9.658  ; 9.681  ; Rise       ; divisorfrec:U2|clk1 ;
; LED_clk_count    ; divisorfrec:U2|clk1 ; 3.327  ;        ; Rise       ; divisorfrec:U2|clk1 ;
; LED_horario      ; divisorfrec:U2|clk1 ; 10.070 ; 10.119 ; Rise       ; divisorfrec:U2|clk1 ;
; LED_clk_count    ; divisorfrec:U2|clk1 ;        ; 3.336  ; Fall       ; divisorfrec:U2|clk1 ;
+------------------+---------------------+--------+--------+------------+---------------------+


+-------------------------------------------------------------------------------------------+
; Minimum Clock to Output Times                                                             ;
+------------------+---------------------+-------+-------+------------+---------------------+
; Data Port        ; Clock Port          ; Rise  ; Fall  ; Clock Edge ; Clock Reference     ;
+------------------+---------------------+-------+-------+------------+---------------------+
; LED_load         ; Clock_reg           ; 6.036 ; 5.647 ; Rise       ; Clock_reg           ;
; Disp0[*]         ; Clock_reg           ; 8.331 ; 8.229 ; Fall       ; Clock_reg           ;
;  Disp0[2]        ; Clock_reg           ; 8.331 ; 8.229 ; Fall       ; Clock_reg           ;
; Disp1[*]         ; Clock_reg           ; 7.936 ; 7.969 ; Fall       ; Clock_reg           ;
;  Disp1[0]        ; Clock_reg           ; 8.589 ; 8.485 ; Fall       ; Clock_reg           ;
;  Disp1[3]        ; Clock_reg           ; 7.936 ; 7.969 ; Fall       ; Clock_reg           ;
;  Disp1[5]        ; Clock_reg           ; 8.412 ; 8.467 ; Fall       ; Clock_reg           ;
; Disp2[*]         ; Clock_reg           ; 8.193 ; 8.263 ; Fall       ; Clock_reg           ;
;  Disp2[1]        ; Clock_reg           ; 8.445 ; 8.474 ; Fall       ; Clock_reg           ;
;  Disp2[3]        ; Clock_reg           ; 8.193 ; 8.263 ; Fall       ; Clock_reg           ;
; Disp3[*]         ; Clock_reg           ; 8.413 ; 8.461 ; Fall       ; Clock_reg           ;
;  Disp3[0]        ; Clock_reg           ; 8.780 ; 8.663 ; Fall       ; Clock_reg           ;
;  Disp3[1]        ; Clock_reg           ; 8.653 ; 8.674 ; Fall       ; Clock_reg           ;
;  Disp3[2]        ; Clock_reg           ; 8.413 ; 8.461 ; Fall       ; Clock_reg           ;
;  Disp3[3]        ; Clock_reg           ; 8.760 ; 8.648 ; Fall       ; Clock_reg           ;
;  Disp3[4]        ; Clock_reg           ; 8.702 ; 8.592 ; Fall       ; Clock_reg           ;
;  Disp3[5]        ; Clock_reg           ; 8.702 ; 8.592 ; Fall       ; Clock_reg           ;
; LED_acceso       ; Clock_reg           ; 8.191 ; 8.241 ; Fall       ; Clock_reg           ;
; LED_clave        ; Clock_reg           ; 8.894 ; 9.036 ; Fall       ; Clock_reg           ;
; LED_horario      ; Clock_reg           ; 8.587 ; 8.662 ; Fall       ; Clock_reg           ;
; LED_load         ; Clock_reg           ; 6.036 ; 5.647 ; Fall       ; Clock_reg           ;
; Disp0[*]         ; confirmar           ; 7.580 ; 7.207 ; Rise       ; confirmar           ;
;  Disp0[0]        ; confirmar           ; 7.741 ; 7.207 ; Rise       ; confirmar           ;
;  Disp0[2]        ; confirmar           ; 7.580 ; 7.986 ; Rise       ; confirmar           ;
;  Disp0[3]        ; confirmar           ; 7.815 ; 7.306 ; Rise       ; confirmar           ;
;  Disp0[5]        ; confirmar           ; 7.805 ; 7.296 ; Rise       ; confirmar           ;
; Disp1[*]         ; confirmar           ; 7.150 ; 7.192 ; Rise       ; confirmar           ;
;  Disp1[0]        ; confirmar           ; 7.838 ; 8.242 ; Rise       ; confirmar           ;
;  Disp1[3]        ; confirmar           ; 7.600 ; 7.192 ; Rise       ; confirmar           ;
;  Disp1[5]        ; confirmar           ; 8.076 ; 7.690 ; Rise       ; confirmar           ;
;  Disp1[6]        ; confirmar           ; 7.150 ; 7.559 ; Rise       ; confirmar           ;
; Disp2[*]         ; confirmar           ; 7.338 ; 7.296 ; Rise       ; confirmar           ;
;  Disp2[0]        ; confirmar           ; 7.338 ; 7.824 ; Rise       ; confirmar           ;
;  Disp2[1]        ; confirmar           ; 8.109 ; 7.697 ; Rise       ; confirmar           ;
;  Disp2[2]        ; confirmar           ; 7.818 ; 7.296 ; Rise       ; confirmar           ;
;  Disp2[3]        ; confirmar           ; 7.949 ; 7.513 ; Rise       ; confirmar           ;
;  Disp2[5]        ; confirmar           ; 7.670 ; 8.158 ; Rise       ; confirmar           ;
; Disp3[*]         ; confirmar           ; 7.951 ; 7.687 ; Rise       ; confirmar           ;
;  Disp3[0]        ; confirmar           ; 8.029 ; 8.420 ; Rise       ; confirmar           ;
;  Disp3[1]        ; confirmar           ; 8.310 ; 7.900 ; Rise       ; confirmar           ;
;  Disp3[2]        ; confirmar           ; 8.070 ; 7.687 ; Rise       ; confirmar           ;
;  Disp3[3]        ; confirmar           ; 8.009 ; 8.405 ; Rise       ; confirmar           ;
;  Disp3[4]        ; confirmar           ; 7.951 ; 8.349 ; Rise       ; confirmar           ;
;  Disp3[5]        ; confirmar           ; 7.951 ; 8.349 ; Rise       ; confirmar           ;
; Disp0[*]         ; confirmar           ; 6.346 ; 6.306 ; Fall       ; confirmar           ;
;  Disp0[0]        ; confirmar           ; 6.346 ; 6.306 ; Fall       ; confirmar           ;
;  Disp0[2]        ; confirmar           ; 7.135 ; 7.176 ; Fall       ; confirmar           ;
;  Disp0[3]        ; confirmar           ; 6.420 ; 6.405 ; Fall       ; confirmar           ;
;  Disp0[5]        ; confirmar           ; 6.410 ; 6.395 ; Fall       ; confirmar           ;
; Disp1[*]         ; confirmar           ; 6.201 ; 6.185 ; Fall       ; confirmar           ;
;  Disp1[0]        ; confirmar           ; 7.393 ; 7.432 ; Fall       ; confirmar           ;
;  Disp1[3]        ; confirmar           ; 6.861 ; 6.815 ; Fall       ; confirmar           ;
;  Disp1[5]        ; confirmar           ; 7.337 ; 7.313 ; Fall       ; confirmar           ;
;  Disp1[6]        ; confirmar           ; 6.201 ; 6.185 ; Fall       ; confirmar           ;
; Disp2[*]         ; confirmar           ; 6.437 ; 6.350 ; Fall       ; confirmar           ;
;  Disp2[0]        ; confirmar           ; 6.437 ; 6.429 ; Fall       ; confirmar           ;
;  Disp2[1]        ; confirmar           ; 7.370 ; 7.320 ; Fall       ; confirmar           ;
;  Disp2[2]        ; confirmar           ; 6.481 ; 6.350 ; Fall       ; confirmar           ;
;  Disp2[3]        ; confirmar           ; 7.067 ; 7.194 ; Fall       ; confirmar           ;
;  Disp2[5]        ; confirmar           ; 6.769 ; 6.763 ; Fall       ; confirmar           ;
; Disp3[*]         ; confirmar           ; 7.238 ; 7.413 ; Fall       ; confirmar           ;
;  Disp3[0]        ; confirmar           ; 7.584 ; 7.610 ; Fall       ; confirmar           ;
;  Disp3[1]        ; confirmar           ; 7.478 ; 7.626 ; Fall       ; confirmar           ;
;  Disp3[2]        ; confirmar           ; 7.238 ; 7.413 ; Fall       ; confirmar           ;
;  Disp3[3]        ; confirmar           ; 7.564 ; 7.595 ; Fall       ; confirmar           ;
;  Disp3[4]        ; confirmar           ; 7.506 ; 7.539 ; Fall       ; confirmar           ;
;  Disp3[5]        ; confirmar           ; 7.506 ; 7.539 ; Fall       ; confirmar           ;
; LED_alarma       ; confirmar           ; 6.946 ; 7.060 ; Fall       ; confirmar           ;
; LED_intentos[*]  ; confirmar           ; 6.537 ; 6.595 ; Fall       ; confirmar           ;
;  LED_intentos[0] ; confirmar           ; 6.537 ; 6.595 ; Fall       ; confirmar           ;
;  LED_intentos[1] ; confirmar           ; 6.669 ; 6.715 ; Fall       ; confirmar           ;
; Disp0[*]         ; divisorfrec:U2|clk1 ; 7.509 ; 7.483 ; Rise       ; divisorfrec:U2|clk1 ;
;  Disp0[0]        ; divisorfrec:U2|clk1 ; 7.509 ; 7.491 ; Rise       ; divisorfrec:U2|clk1 ;
;  Disp0[2]        ; divisorfrec:U2|clk1 ; 7.607 ; 7.483 ; Rise       ; divisorfrec:U2|clk1 ;
;  Disp0[3]        ; divisorfrec:U2|clk1 ; 7.583 ; 7.590 ; Rise       ; divisorfrec:U2|clk1 ;
;  Disp0[5]        ; divisorfrec:U2|clk1 ; 7.573 ; 7.580 ; Rise       ; divisorfrec:U2|clk1 ;
; Disp1[*]         ; divisorfrec:U2|clk1 ; 7.256 ; 7.229 ; Rise       ; divisorfrec:U2|clk1 ;
;  Disp1[0]        ; divisorfrec:U2|clk1 ; 7.865 ; 7.739 ; Rise       ; divisorfrec:U2|clk1 ;
;  Disp1[3]        ; divisorfrec:U2|clk1 ; 7.256 ; 7.229 ; Rise       ; divisorfrec:U2|clk1 ;
;  Disp1[5]        ; divisorfrec:U2|clk1 ; 7.732 ; 7.727 ; Rise       ; divisorfrec:U2|clk1 ;
;  Disp1[6]        ; divisorfrec:U2|clk1 ; 7.453 ; 7.308 ; Rise       ; divisorfrec:U2|clk1 ;
; Disp2[*]         ; divisorfrec:U2|clk1 ; 7.465 ; 7.554 ; Rise       ; divisorfrec:U2|clk1 ;
;  Disp2[0]        ; divisorfrec:U2|clk1 ; 7.622 ; 7.592 ; Rise       ; divisorfrec:U2|clk1 ;
;  Disp2[1]        ; divisorfrec:U2|clk1 ; 7.765 ; 7.734 ; Rise       ; divisorfrec:U2|clk1 ;
;  Disp2[2]        ; divisorfrec:U2|clk1 ; 7.589 ; 7.593 ; Rise       ; divisorfrec:U2|clk1 ;
;  Disp2[3]        ; divisorfrec:U2|clk1 ; 7.465 ; 7.554 ; Rise       ; divisorfrec:U2|clk1 ;
;  Disp2[5]        ; divisorfrec:U2|clk1 ; 7.954 ; 7.926 ; Rise       ; divisorfrec:U2|clk1 ;
; Disp3[*]         ; divisorfrec:U2|clk1 ; 7.723 ; 7.712 ; Rise       ; divisorfrec:U2|clk1 ;
;  Disp3[0]        ; divisorfrec:U2|clk1 ; 8.056 ; 7.917 ; Rise       ; divisorfrec:U2|clk1 ;
;  Disp3[1]        ; divisorfrec:U2|clk1 ; 7.963 ; 7.925 ; Rise       ; divisorfrec:U2|clk1 ;
;  Disp3[2]        ; divisorfrec:U2|clk1 ; 7.723 ; 7.712 ; Rise       ; divisorfrec:U2|clk1 ;
;  Disp3[3]        ; divisorfrec:U2|clk1 ; 8.036 ; 7.902 ; Rise       ; divisorfrec:U2|clk1 ;
;  Disp3[4]        ; divisorfrec:U2|clk1 ; 7.978 ; 7.846 ; Rise       ; divisorfrec:U2|clk1 ;
;  Disp3[5]        ; divisorfrec:U2|clk1 ; 7.978 ; 7.846 ; Rise       ; divisorfrec:U2|clk1 ;
; LED_acceso       ; divisorfrec:U2|clk1 ; 7.654 ; 7.599 ; Rise       ; divisorfrec:U2|clk1 ;
; LED_clk_count    ; divisorfrec:U2|clk1 ; 3.284 ;       ; Rise       ; divisorfrec:U2|clk1 ;
; LED_horario      ; divisorfrec:U2|clk1 ; 8.050 ; 8.020 ; Rise       ; divisorfrec:U2|clk1 ;
; LED_clk_count    ; divisorfrec:U2|clk1 ;       ; 3.292 ; Fall       ; divisorfrec:U2|clk1 ;
+------------------+---------------------+-------+-------+------------+---------------------+


----------------------------------------------
; Slow 1200mV 85C Model Metastability Report ;
----------------------------------------------
No synchronizer chains to report.


+--------------------------------------------------------------------------------------------------------------------+
; Slow 1200mV 0C Model Fmax Summary                                                                                  ;
+------------+-----------------+---------------------+---------------------------------------------------------------+
; Fmax       ; Restricted Fmax ; Clock Name          ; Note                                                          ;
+------------+-----------------+---------------------+---------------------------------------------------------------+
; 257.67 MHz ; 257.67 MHz      ; divisorfrec:U2|clk1 ;                                                               ;
; 304.51 MHz ; 250.0 MHz       ; CLOCK_50            ; limit due to minimum period restriction (max I/O toggle rate) ;
; 845.31 MHz ; 250.0 MHz       ; confirmar           ; limit due to minimum period restriction (max I/O toggle rate) ;
; 900.09 MHz ; 250.0 MHz       ; Clock_reg           ; limit due to minimum period restriction (max I/O toggle rate) ;
+------------+-----------------+---------------------+---------------------------------------------------------------+
This panel reports FMAX for every clock in the design, regardless of the user-specified clock periods.  FMAX is only computed for paths where the source and destination registers or ports are driven by the same clock.  Paths of different clocks, including generated clocks, are ignored.  For paths between a clock and its inversion, FMAX is computed as if the rising and falling edges are scaled along with FMAX, such that the duty cycle (in terms of a percentage) is maintained. Altera recommends that you always use clock constraints and other slack reports for sign-off analysis.


+----------------------------------------------+
; Slow 1200mV 0C Model Setup Summary           ;
+---------------------+--------+---------------+
; Clock               ; Slack  ; End Point TNS ;
+---------------------+--------+---------------+
; divisorfrec:U2|clk1 ; -3.838 ; -27.486       ;
; confirmar           ; -2.892 ; -5.715        ;
; CLOCK_50            ; -2.284 ; -30.678       ;
; Clock_reg           ; -0.111 ; -0.111        ;
+---------------------+--------+---------------+


+----------------------------------------------+
; Slow 1200mV 0C Model Hold Summary            ;
+---------------------+--------+---------------+
; Clock               ; Slack  ; End Point TNS ;
+---------------------+--------+---------------+
; divisorfrec:U2|clk1 ; -0.252 ; -0.252        ;
; CLOCK_50            ; -0.174 ; -0.174        ;
; confirmar           ; 0.333  ; 0.000         ;
; Clock_reg           ; 0.361  ; 0.000         ;
+---------------------+--------+---------------+


-----------------------------------------
; Slow 1200mV 0C Model Recovery Summary ;
-----------------------------------------
No paths to report.


----------------------------------------
; Slow 1200mV 0C Model Removal Summary ;
----------------------------------------
No paths to report.


+--------------------------------------------------+
; Slow 1200mV 0C Model Minimum Pulse Width Summary ;
+---------------------+--------+-------------------+
; Clock               ; Slack  ; End Point TNS     ;
+---------------------+--------+-------------------+
; CLOCK_50            ; -3.000 ; -29.000           ;
; Clock_reg           ; -3.000 ; -19.000           ;
; confirmar           ; -3.000 ; -5.000            ;
; divisorfrec:U2|clk1 ; -1.000 ; -12.000           ;
+---------------------+--------+-------------------+


+----------------------------------------------------------------------------------------------------------------------------------------------------------+
; Slow 1200mV 0C Model Setup: 'divisorfrec:U2|clk1'                                                                                                        ;
+--------+-------------------------+----------------------------------+---------------------+---------------------+--------------+------------+------------+
; Slack  ; From Node               ; To Node                          ; Launch Clock        ; Latch Clock         ; Relationship ; Clock Skew ; Data Delay ;
+--------+-------------------------+----------------------------------+---------------------+---------------------+--------------+------------+------------+
; -3.838 ; shift_register:U1|D2[2] ; temporizador_open:U6|contador[1] ; Clock_reg           ; divisorfrec:U2|clk1 ; 0.500        ; 0.145      ; 4.468      ;
; -3.838 ; shift_register:U1|D2[2] ; temporizador_open:U6|contador[0] ; Clock_reg           ; divisorfrec:U2|clk1 ; 0.500        ; 0.145      ; 4.468      ;
; -3.838 ; shift_register:U1|D2[2] ; temporizador_open:U6|contador[2] ; Clock_reg           ; divisorfrec:U2|clk1 ; 0.500        ; 0.145      ; 4.468      ;
; -3.826 ; shift_register:U1|D0[1] ; temporizador_open:U6|contador[1] ; Clock_reg           ; divisorfrec:U2|clk1 ; 0.500        ; 0.163      ; 4.474      ;
; -3.826 ; shift_register:U1|D0[1] ; temporizador_open:U6|contador[0] ; Clock_reg           ; divisorfrec:U2|clk1 ; 0.500        ; 0.163      ; 4.474      ;
; -3.826 ; shift_register:U1|D0[1] ; temporizador_open:U6|contador[2] ; Clock_reg           ; divisorfrec:U2|clk1 ; 0.500        ; 0.163      ; 4.474      ;
; -3.755 ; shift_register:U1|D3[0] ; temporizador_open:U6|contador[1] ; Clock_reg           ; divisorfrec:U2|clk1 ; 0.500        ; 0.163      ; 4.403      ;
; -3.755 ; shift_register:U1|D3[0] ; temporizador_open:U6|contador[0] ; Clock_reg           ; divisorfrec:U2|clk1 ; 0.500        ; 0.163      ; 4.403      ;
; -3.755 ; shift_register:U1|D3[0] ; temporizador_open:U6|contador[2] ; Clock_reg           ; divisorfrec:U2|clk1 ; 0.500        ; 0.163      ; 4.403      ;
; -3.680 ; shift_register:U1|D0[2] ; temporizador_open:U6|contador[1] ; Clock_reg           ; divisorfrec:U2|clk1 ; 0.500        ; 0.145      ; 4.310      ;
; -3.680 ; shift_register:U1|D0[2] ; temporizador_open:U6|contador[0] ; Clock_reg           ; divisorfrec:U2|clk1 ; 0.500        ; 0.145      ; 4.310      ;
; -3.680 ; shift_register:U1|D0[2] ; temporizador_open:U6|contador[2] ; Clock_reg           ; divisorfrec:U2|clk1 ; 0.500        ; 0.145      ; 4.310      ;
; -3.672 ; shift_register:U1|D1[1] ; temporizador_open:U6|contador[1] ; Clock_reg           ; divisorfrec:U2|clk1 ; 0.500        ; 0.163      ; 4.320      ;
; -3.672 ; shift_register:U1|D1[1] ; temporizador_open:U6|contador[0] ; Clock_reg           ; divisorfrec:U2|clk1 ; 0.500        ; 0.163      ; 4.320      ;
; -3.672 ; shift_register:U1|D1[1] ; temporizador_open:U6|contador[2] ; Clock_reg           ; divisorfrec:U2|clk1 ; 0.500        ; 0.163      ; 4.320      ;
; -3.633 ; shift_register:U1|D3[2] ; temporizador_open:U6|contador[1] ; Clock_reg           ; divisorfrec:U2|clk1 ; 0.500        ; 0.145      ; 4.263      ;
; -3.633 ; shift_register:U1|D3[2] ; temporizador_open:U6|contador[0] ; Clock_reg           ; divisorfrec:U2|clk1 ; 0.500        ; 0.145      ; 4.263      ;
; -3.633 ; shift_register:U1|D3[2] ; temporizador_open:U6|contador[2] ; Clock_reg           ; divisorfrec:U2|clk1 ; 0.500        ; 0.145      ; 4.263      ;
; -3.587 ; shift_register:U1|D1[2] ; temporizador_open:U6|contador[1] ; Clock_reg           ; divisorfrec:U2|clk1 ; 0.500        ; 0.145      ; 4.217      ;
; -3.587 ; shift_register:U1|D1[2] ; temporizador_open:U6|contador[0] ; Clock_reg           ; divisorfrec:U2|clk1 ; 0.500        ; 0.145      ; 4.217      ;
; -3.587 ; shift_register:U1|D1[2] ; temporizador_open:U6|contador[2] ; Clock_reg           ; divisorfrec:U2|clk1 ; 0.500        ; 0.145      ; 4.217      ;
; -3.562 ; shift_register:U1|D0[1] ; temporizador_open:U6|contando    ; Clock_reg           ; divisorfrec:U2|clk1 ; 0.500        ; 0.163      ; 4.210      ;
; -3.552 ; shift_register:U1|D2[2] ; temporizador_open:U6|contando    ; Clock_reg           ; divisorfrec:U2|clk1 ; 0.500        ; 0.145      ; 4.182      ;
; -3.546 ; shift_register:U1|D0[3] ; temporizador_open:U6|contador[1] ; Clock_reg           ; divisorfrec:U2|clk1 ; 0.500        ; 0.163      ; 4.194      ;
; -3.546 ; shift_register:U1|D0[3] ; temporizador_open:U6|contador[0] ; Clock_reg           ; divisorfrec:U2|clk1 ; 0.500        ; 0.163      ; 4.194      ;
; -3.546 ; shift_register:U1|D0[3] ; temporizador_open:U6|contador[2] ; Clock_reg           ; divisorfrec:U2|clk1 ; 0.500        ; 0.163      ; 4.194      ;
; -3.539 ; shift_register:U1|D1[0] ; temporizador_open:U6|contador[1] ; Clock_reg           ; divisorfrec:U2|clk1 ; 0.500        ; 0.163      ; 4.187      ;
; -3.539 ; shift_register:U1|D1[0] ; temporizador_open:U6|contador[0] ; Clock_reg           ; divisorfrec:U2|clk1 ; 0.500        ; 0.163      ; 4.187      ;
; -3.539 ; shift_register:U1|D1[0] ; temporizador_open:U6|contador[2] ; Clock_reg           ; divisorfrec:U2|clk1 ; 0.500        ; 0.163      ; 4.187      ;
; -3.469 ; shift_register:U1|D3[0] ; temporizador_open:U6|contando    ; Clock_reg           ; divisorfrec:U2|clk1 ; 0.500        ; 0.163      ; 4.117      ;
; -3.454 ; shift_register:U1|D1[3] ; temporizador_open:U6|contador[1] ; Clock_reg           ; divisorfrec:U2|clk1 ; 0.500        ; 0.163      ; 4.102      ;
; -3.454 ; shift_register:U1|D1[3] ; temporizador_open:U6|contador[0] ; Clock_reg           ; divisorfrec:U2|clk1 ; 0.500        ; 0.163      ; 4.102      ;
; -3.454 ; shift_register:U1|D1[3] ; temporizador_open:U6|contador[2] ; Clock_reg           ; divisorfrec:U2|clk1 ; 0.500        ; 0.163      ; 4.102      ;
; -3.450 ; shift_register:U1|D2[0] ; temporizador_open:U6|contador[1] ; Clock_reg           ; divisorfrec:U2|clk1 ; 0.500        ; 0.163      ; 4.098      ;
; -3.450 ; shift_register:U1|D2[0] ; temporizador_open:U6|contador[0] ; Clock_reg           ; divisorfrec:U2|clk1 ; 0.500        ; 0.163      ; 4.098      ;
; -3.450 ; shift_register:U1|D2[0] ; temporizador_open:U6|contador[2] ; Clock_reg           ; divisorfrec:U2|clk1 ; 0.500        ; 0.163      ; 4.098      ;
; -3.394 ; shift_register:U1|D0[2] ; temporizador_open:U6|contando    ; Clock_reg           ; divisorfrec:U2|clk1 ; 0.500        ; 0.145      ; 4.024      ;
; -3.386 ; shift_register:U1|D1[1] ; temporizador_open:U6|contando    ; Clock_reg           ; divisorfrec:U2|clk1 ; 0.500        ; 0.163      ; 4.034      ;
; -3.384 ; shift_register:U1|D0[0] ; temporizador_open:U6|contador[1] ; Clock_reg           ; divisorfrec:U2|clk1 ; 0.500        ; 0.163      ; 4.032      ;
; -3.384 ; shift_register:U1|D0[0] ; temporizador_open:U6|contador[0] ; Clock_reg           ; divisorfrec:U2|clk1 ; 0.500        ; 0.163      ; 4.032      ;
; -3.384 ; shift_register:U1|D0[0] ; temporizador_open:U6|contador[2] ; Clock_reg           ; divisorfrec:U2|clk1 ; 0.500        ; 0.163      ; 4.032      ;
; -3.373 ; shift_register:U1|D2[3] ; temporizador_open:U6|contador[1] ; Clock_reg           ; divisorfrec:U2|clk1 ; 0.500        ; 0.163      ; 4.021      ;
; -3.373 ; shift_register:U1|D2[3] ; temporizador_open:U6|contador[0] ; Clock_reg           ; divisorfrec:U2|clk1 ; 0.500        ; 0.163      ; 4.021      ;
; -3.373 ; shift_register:U1|D2[3] ; temporizador_open:U6|contador[2] ; Clock_reg           ; divisorfrec:U2|clk1 ; 0.500        ; 0.163      ; 4.021      ;
; -3.359 ; shift_register:U1|D2[1] ; temporizador_open:U6|contador[1] ; Clock_reg           ; divisorfrec:U2|clk1 ; 0.500        ; 0.163      ; 4.007      ;
; -3.359 ; shift_register:U1|D2[1] ; temporizador_open:U6|contador[0] ; Clock_reg           ; divisorfrec:U2|clk1 ; 0.500        ; 0.163      ; 4.007      ;
; -3.359 ; shift_register:U1|D2[1] ; temporizador_open:U6|contador[2] ; Clock_reg           ; divisorfrec:U2|clk1 ; 0.500        ; 0.163      ; 4.007      ;
; -3.357 ; shift_register:U1|D3[1] ; temporizador_open:U6|contador[1] ; Clock_reg           ; divisorfrec:U2|clk1 ; 0.500        ; 0.163      ; 4.005      ;
; -3.357 ; shift_register:U1|D3[1] ; temporizador_open:U6|contador[0] ; Clock_reg           ; divisorfrec:U2|clk1 ; 0.500        ; 0.163      ; 4.005      ;
; -3.357 ; shift_register:U1|D3[1] ; temporizador_open:U6|contador[2] ; Clock_reg           ; divisorfrec:U2|clk1 ; 0.500        ; 0.163      ; 4.005      ;
; -3.347 ; shift_register:U1|D3[2] ; temporizador_open:U6|contando    ; Clock_reg           ; divisorfrec:U2|clk1 ; 0.500        ; 0.145      ; 3.977      ;
; -3.301 ; shift_register:U1|D1[2] ; temporizador_open:U6|contando    ; Clock_reg           ; divisorfrec:U2|clk1 ; 0.500        ; 0.145      ; 3.931      ;
; -3.282 ; shift_register:U1|D0[3] ; temporizador_open:U6|contando    ; Clock_reg           ; divisorfrec:U2|clk1 ; 0.500        ; 0.163      ; 3.930      ;
; -3.275 ; shift_register:U1|D1[0] ; temporizador_open:U6|contando    ; Clock_reg           ; divisorfrec:U2|clk1 ; 0.500        ; 0.163      ; 3.923      ;
; -3.190 ; shift_register:U1|D1[3] ; temporizador_open:U6|contando    ; Clock_reg           ; divisorfrec:U2|clk1 ; 0.500        ; 0.163      ; 3.838      ;
; -3.185 ; shift_register:U1|D2[0] ; temporizador_open:U6|contando    ; Clock_reg           ; divisorfrec:U2|clk1 ; 0.500        ; 0.163      ; 3.833      ;
; -3.176 ; shift_register:U1|D3[3] ; temporizador_open:U6|contador[1] ; Clock_reg           ; divisorfrec:U2|clk1 ; 0.500        ; 0.163      ; 3.824      ;
; -3.176 ; shift_register:U1|D3[3] ; temporizador_open:U6|contador[0] ; Clock_reg           ; divisorfrec:U2|clk1 ; 0.500        ; 0.163      ; 3.824      ;
; -3.176 ; shift_register:U1|D3[3] ; temporizador_open:U6|contador[2] ; Clock_reg           ; divisorfrec:U2|clk1 ; 0.500        ; 0.163      ; 3.824      ;
; -3.120 ; shift_register:U1|D0[0] ; temporizador_open:U6|contando    ; Clock_reg           ; divisorfrec:U2|clk1 ; 0.500        ; 0.163      ; 3.768      ;
; -3.099 ; shift_register:U1|D2[3] ; temporizador_open:U6|contando    ; Clock_reg           ; divisorfrec:U2|clk1 ; 0.500        ; 0.163      ; 3.747      ;
; -3.083 ; shift_register:U1|D2[1] ; temporizador_open:U6|contando    ; Clock_reg           ; divisorfrec:U2|clk1 ; 0.500        ; 0.163      ; 3.731      ;
; -3.071 ; shift_register:U1|D3[1] ; temporizador_open:U6|contando    ; Clock_reg           ; divisorfrec:U2|clk1 ; 0.500        ; 0.163      ; 3.719      ;
; -2.912 ; shift_register:U1|D3[3] ; temporizador_open:U6|contando    ; Clock_reg           ; divisorfrec:U2|clk1 ; 0.500        ; 0.163      ; 3.560      ;
; -2.881 ; count18O:U3|CNT_int[3]  ; temporizador_open:U6|contador[1] ; divisorfrec:U2|clk1 ; divisorfrec:U2|clk1 ; 1.000        ; -0.054     ; 3.822      ;
; -2.881 ; count18O:U3|CNT_int[3]  ; temporizador_open:U6|contador[0] ; divisorfrec:U2|clk1 ; divisorfrec:U2|clk1 ; 1.000        ; -0.054     ; 3.822      ;
; -2.881 ; count18O:U3|CNT_int[3]  ; temporizador_open:U6|contador[2] ; divisorfrec:U2|clk1 ; divisorfrec:U2|clk1 ; 1.000        ; -0.054     ; 3.822      ;
; -2.815 ; count18O:U3|CNT_int[5]  ; temporizador_open:U6|contador[1] ; divisorfrec:U2|clk1 ; divisorfrec:U2|clk1 ; 1.000        ; -0.054     ; 3.756      ;
; -2.815 ; count18O:U3|CNT_int[5]  ; temporizador_open:U6|contador[0] ; divisorfrec:U2|clk1 ; divisorfrec:U2|clk1 ; 1.000        ; -0.054     ; 3.756      ;
; -2.815 ; count18O:U3|CNT_int[5]  ; temporizador_open:U6|contador[2] ; divisorfrec:U2|clk1 ; divisorfrec:U2|clk1 ; 1.000        ; -0.054     ; 3.756      ;
; -2.741 ; count18O:U3|CNT_int[1]  ; temporizador_open:U6|contador[1] ; divisorfrec:U2|clk1 ; divisorfrec:U2|clk1 ; 1.000        ; -0.054     ; 3.682      ;
; -2.741 ; count18O:U3|CNT_int[1]  ; temporizador_open:U6|contador[0] ; divisorfrec:U2|clk1 ; divisorfrec:U2|clk1 ; 1.000        ; -0.054     ; 3.682      ;
; -2.741 ; count18O:U3|CNT_int[1]  ; temporizador_open:U6|contador[2] ; divisorfrec:U2|clk1 ; divisorfrec:U2|clk1 ; 1.000        ; -0.054     ; 3.682      ;
; -2.694 ; count18O:U3|CNT_int[4]  ; temporizador_open:U6|contador[1] ; divisorfrec:U2|clk1 ; divisorfrec:U2|clk1 ; 1.000        ; -0.054     ; 3.635      ;
; -2.694 ; count18O:U3|CNT_int[4]  ; temporizador_open:U6|contador[0] ; divisorfrec:U2|clk1 ; divisorfrec:U2|clk1 ; 1.000        ; -0.054     ; 3.635      ;
; -2.694 ; count18O:U3|CNT_int[4]  ; temporizador_open:U6|contador[2] ; divisorfrec:U2|clk1 ; divisorfrec:U2|clk1 ; 1.000        ; -0.054     ; 3.635      ;
; -2.617 ; count18O:U3|CNT_int[2]  ; temporizador_open:U6|contador[1] ; divisorfrec:U2|clk1 ; divisorfrec:U2|clk1 ; 1.000        ; -0.054     ; 3.558      ;
; -2.617 ; count18O:U3|CNT_int[2]  ; temporizador_open:U6|contador[0] ; divisorfrec:U2|clk1 ; divisorfrec:U2|clk1 ; 1.000        ; -0.054     ; 3.558      ;
; -2.617 ; count18O:U3|CNT_int[2]  ; temporizador_open:U6|contador[2] ; divisorfrec:U2|clk1 ; divisorfrec:U2|clk1 ; 1.000        ; -0.054     ; 3.558      ;
; -2.595 ; count18O:U3|CNT_int[3]  ; temporizador_open:U6|contando    ; divisorfrec:U2|clk1 ; divisorfrec:U2|clk1 ; 1.000        ; -0.054     ; 3.536      ;
; -2.577 ; count18O:U3|CNT_int[6]  ; temporizador_open:U6|contador[1] ; divisorfrec:U2|clk1 ; divisorfrec:U2|clk1 ; 1.000        ; -0.054     ; 3.518      ;
; -2.577 ; count18O:U3|CNT_int[6]  ; temporizador_open:U6|contador[0] ; divisorfrec:U2|clk1 ; divisorfrec:U2|clk1 ; 1.000        ; -0.054     ; 3.518      ;
; -2.577 ; count18O:U3|CNT_int[6]  ; temporizador_open:U6|contador[2] ; divisorfrec:U2|clk1 ; divisorfrec:U2|clk1 ; 1.000        ; -0.054     ; 3.518      ;
; -2.529 ; count18O:U3|CNT_int[5]  ; temporizador_open:U6|contando    ; divisorfrec:U2|clk1 ; divisorfrec:U2|clk1 ; 1.000        ; -0.054     ; 3.470      ;
; -2.489 ; count18O:U3|CNT_int[0]  ; temporizador_open:U6|contador[1] ; divisorfrec:U2|clk1 ; divisorfrec:U2|clk1 ; 1.000        ; -0.054     ; 3.430      ;
; -2.489 ; count18O:U3|CNT_int[0]  ; temporizador_open:U6|contador[0] ; divisorfrec:U2|clk1 ; divisorfrec:U2|clk1 ; 1.000        ; -0.054     ; 3.430      ;
; -2.489 ; count18O:U3|CNT_int[0]  ; temporizador_open:U6|contador[2] ; divisorfrec:U2|clk1 ; divisorfrec:U2|clk1 ; 1.000        ; -0.054     ; 3.430      ;
; -2.457 ; count18O:U3|CNT_int[1]  ; temporizador_open:U6|contando    ; divisorfrec:U2|clk1 ; divisorfrec:U2|clk1 ; 1.000        ; -0.054     ; 3.398      ;
; -2.408 ; count18O:U3|CNT_int[4]  ; temporizador_open:U6|contando    ; divisorfrec:U2|clk1 ; divisorfrec:U2|clk1 ; 1.000        ; -0.054     ; 3.349      ;
; -2.353 ; count18O:U3|CNT_int[2]  ; temporizador_open:U6|contando    ; divisorfrec:U2|clk1 ; divisorfrec:U2|clk1 ; 1.000        ; -0.054     ; 3.294      ;
; -2.313 ; count18O:U3|CNT_int[6]  ; temporizador_open:U6|contando    ; divisorfrec:U2|clk1 ; divisorfrec:U2|clk1 ; 1.000        ; -0.054     ; 3.254      ;
; -2.213 ; count18O:U3|CNT_int[7]  ; temporizador_open:U6|contador[1] ; divisorfrec:U2|clk1 ; divisorfrec:U2|clk1 ; 1.000        ; -0.054     ; 3.154      ;
; -2.213 ; count18O:U3|CNT_int[7]  ; temporizador_open:U6|contador[0] ; divisorfrec:U2|clk1 ; divisorfrec:U2|clk1 ; 1.000        ; -0.054     ; 3.154      ;
; -2.213 ; count18O:U3|CNT_int[7]  ; temporizador_open:U6|contador[2] ; divisorfrec:U2|clk1 ; divisorfrec:U2|clk1 ; 1.000        ; -0.054     ; 3.154      ;
; -2.207 ; count18O:U3|CNT_int[0]  ; temporizador_open:U6|contando    ; divisorfrec:U2|clk1 ; divisorfrec:U2|clk1 ; 1.000        ; -0.054     ; 3.148      ;
; -1.949 ; count18O:U3|CNT_int[7]  ; temporizador_open:U6|contando    ; divisorfrec:U2|clk1 ; divisorfrec:U2|clk1 ; 1.000        ; -0.054     ; 2.890      ;
; -1.774 ; count18O:U3|CNT_int[1]  ; count18O:U3|CNT_int[2]           ; divisorfrec:U2|clk1 ; divisorfrec:U2|clk1 ; 1.000        ; -0.054     ; 2.715      ;
; -1.669 ; count18O:U3|CNT_int[1]  ; count18O:U3|CNT_int[6]           ; divisorfrec:U2|clk1 ; divisorfrec:U2|clk1 ; 1.000        ; -0.054     ; 2.610      ;
; -1.662 ; count18O:U3|CNT_int[1]  ; count18O:U3|CNT_int[7]           ; divisorfrec:U2|clk1 ; divisorfrec:U2|clk1 ; 1.000        ; -0.054     ; 2.603      ;
; -1.605 ; count18O:U3|CNT_int[0]  ; count18O:U3|CNT_int[6]           ; divisorfrec:U2|clk1 ; divisorfrec:U2|clk1 ; 1.000        ; -0.054     ; 2.546      ;
+--------+-------------------------+----------------------------------+---------------------+---------------------+--------------+------------+------------+


+-----------------------------------------------------------------------------------------------------------------------------------------------------------+
; Slow 1200mV 0C Model Setup: 'confirmar'                                                                                                                   ;
+--------+----------------------------------+----------------------------------+---------------------+-------------+--------------+------------+------------+
; Slack  ; From Node                        ; To Node                          ; Launch Clock        ; Latch Clock ; Relationship ; Clock Skew ; Data Delay ;
+--------+----------------------------------+----------------------------------+---------------------+-------------+--------------+------------+------------+
; -2.892 ; count18O:U3|CNT_int[3]           ; contador_intentos:U5|cont_int[0] ; divisorfrec:U2|clk1 ; confirmar   ; 0.500        ; -0.264     ; 3.113      ;
; -2.826 ; count18O:U3|CNT_int[5]           ; contador_intentos:U5|cont_int[0] ; divisorfrec:U2|clk1 ; confirmar   ; 0.500        ; -0.264     ; 3.047      ;
; -2.823 ; count18O:U3|CNT_int[3]           ; contador_intentos:U5|cont_int[1] ; divisorfrec:U2|clk1 ; confirmar   ; 0.500        ; -0.265     ; 3.043      ;
; -2.757 ; count18O:U3|CNT_int[5]           ; contador_intentos:U5|cont_int[1] ; divisorfrec:U2|clk1 ; confirmar   ; 0.500        ; -0.265     ; 2.977      ;
; -2.705 ; count18O:U3|CNT_int[4]           ; contador_intentos:U5|cont_int[0] ; divisorfrec:U2|clk1 ; confirmar   ; 0.500        ; -0.264     ; 2.926      ;
; -2.703 ; shift_register:U1|D0[1]          ; contador_intentos:U5|cont_int[1] ; Clock_reg           ; confirmar   ; 1.000        ; 0.021      ; 3.709      ;
; -2.701 ; shift_register:U1|D2[2]          ; contador_intentos:U5|cont_int[1] ; Clock_reg           ; confirmar   ; 1.000        ; 0.003      ; 3.689      ;
; -2.683 ; count18O:U3|CNT_int[1]           ; contador_intentos:U5|cont_int[1] ; divisorfrec:U2|clk1 ; confirmar   ; 0.500        ; -0.265     ; 2.903      ;
; -2.636 ; count18O:U3|CNT_int[4]           ; contador_intentos:U5|cont_int[1] ; divisorfrec:U2|clk1 ; confirmar   ; 0.500        ; -0.265     ; 2.856      ;
; -2.618 ; shift_register:U1|D3[0]          ; contador_intentos:U5|cont_int[1] ; Clock_reg           ; confirmar   ; 1.000        ; 0.021      ; 3.624      ;
; -2.608 ; count18O:U3|CNT_int[2]           ; contador_intentos:U5|cont_int[0] ; divisorfrec:U2|clk1 ; confirmar   ; 0.500        ; -0.264     ; 2.829      ;
; -2.573 ; count18O:U3|CNT_int[2]           ; contador_intentos:U5|cont_int[1] ; divisorfrec:U2|clk1 ; confirmar   ; 0.500        ; -0.265     ; 2.793      ;
; -2.543 ; shift_register:U1|D0[2]          ; contador_intentos:U5|cont_int[1] ; Clock_reg           ; confirmar   ; 1.000        ; 0.003      ; 3.531      ;
; -2.535 ; shift_register:U1|D1[1]          ; contador_intentos:U5|cont_int[1] ; Clock_reg           ; confirmar   ; 1.000        ; 0.021      ; 3.541      ;
; -2.533 ; count18O:U3|CNT_int[6]           ; contador_intentos:U5|cont_int[1] ; divisorfrec:U2|clk1 ; confirmar   ; 0.500        ; -0.265     ; 2.753      ;
; -2.496 ; shift_register:U1|D3[2]          ; contador_intentos:U5|cont_int[1] ; Clock_reg           ; confirmar   ; 1.000        ; 0.003      ; 3.484      ;
; -2.494 ; count18O:U3|CNT_int[6]           ; contador_intentos:U5|cont_int[0] ; divisorfrec:U2|clk1 ; confirmar   ; 0.500        ; -0.264     ; 2.715      ;
; -2.450 ; shift_register:U1|D1[2]          ; contador_intentos:U5|cont_int[1] ; Clock_reg           ; confirmar   ; 1.000        ; 0.003      ; 3.438      ;
; -2.431 ; count18O:U3|CNT_int[0]           ; contador_intentos:U5|cont_int[1] ; divisorfrec:U2|clk1 ; confirmar   ; 0.500        ; -0.265     ; 2.651      ;
; -2.423 ; shift_register:U1|D0[3]          ; contador_intentos:U5|cont_int[1] ; Clock_reg           ; confirmar   ; 1.000        ; 0.021      ; 3.429      ;
; -2.420 ; shift_register:U1|D2[2]          ; contador_intentos:U5|cont_int[0] ; Clock_reg           ; confirmar   ; 1.000        ; 0.004      ; 3.409      ;
; -2.416 ; shift_register:U1|D1[0]          ; contador_intentos:U5|cont_int[1] ; Clock_reg           ; confirmar   ; 1.000        ; 0.021      ; 3.422      ;
; -2.402 ; count18O:U3|CNT_int[1]           ; contador_intentos:U5|cont_int[0] ; divisorfrec:U2|clk1 ; confirmar   ; 0.500        ; -0.264     ; 2.623      ;
; -2.380 ; shift_register:U1|D0[1]          ; contador_intentos:U5|cont_int[0] ; Clock_reg           ; confirmar   ; 1.000        ; 0.022      ; 3.387      ;
; -2.337 ; shift_register:U1|D3[0]          ; contador_intentos:U5|cont_int[0] ; Clock_reg           ; confirmar   ; 1.000        ; 0.022      ; 3.344      ;
; -2.331 ; shift_register:U1|D1[3]          ; contador_intentos:U5|cont_int[1] ; Clock_reg           ; confirmar   ; 1.000        ; 0.021      ; 3.337      ;
; -2.326 ; shift_register:U1|D2[0]          ; contador_intentos:U5|cont_int[1] ; Clock_reg           ; confirmar   ; 1.000        ; 0.021      ; 3.332      ;
; -2.262 ; shift_register:U1|D0[2]          ; contador_intentos:U5|cont_int[0] ; Clock_reg           ; confirmar   ; 1.000        ; 0.004      ; 3.251      ;
; -2.261 ; shift_register:U1|D0[0]          ; contador_intentos:U5|cont_int[1] ; Clock_reg           ; confirmar   ; 1.000        ; 0.021      ; 3.267      ;
; -2.254 ; shift_register:U1|D1[1]          ; contador_intentos:U5|cont_int[0] ; Clock_reg           ; confirmar   ; 1.000        ; 0.022      ; 3.261      ;
; -2.240 ; shift_register:U1|D2[3]          ; contador_intentos:U5|cont_int[1] ; Clock_reg           ; confirmar   ; 1.000        ; 0.021      ; 3.246      ;
; -2.224 ; shift_register:U1|D2[1]          ; contador_intentos:U5|cont_int[1] ; Clock_reg           ; confirmar   ; 1.000        ; 0.021      ; 3.230      ;
; -2.220 ; shift_register:U1|D3[1]          ; contador_intentos:U5|cont_int[1] ; Clock_reg           ; confirmar   ; 1.000        ; 0.021      ; 3.226      ;
; -2.215 ; shift_register:U1|D3[2]          ; contador_intentos:U5|cont_int[0] ; Clock_reg           ; confirmar   ; 1.000        ; 0.004      ; 3.204      ;
; -2.169 ; count18O:U3|CNT_int[7]           ; contador_intentos:U5|cont_int[1] ; divisorfrec:U2|clk1 ; confirmar   ; 0.500        ; -0.265     ; 2.389      ;
; -2.169 ; shift_register:U1|D1[2]          ; contador_intentos:U5|cont_int[0] ; Clock_reg           ; confirmar   ; 1.000        ; 0.004      ; 3.158      ;
; -2.150 ; count18O:U3|CNT_int[0]           ; contador_intentos:U5|cont_int[0] ; divisorfrec:U2|clk1 ; confirmar   ; 0.500        ; -0.264     ; 2.371      ;
; -2.092 ; shift_register:U1|D0[3]          ; contador_intentos:U5|cont_int[0] ; Clock_reg           ; confirmar   ; 1.000        ; 0.022      ; 3.099      ;
; -2.085 ; shift_register:U1|D1[0]          ; contador_intentos:U5|cont_int[0] ; Clock_reg           ; confirmar   ; 1.000        ; 0.022      ; 3.092      ;
; -2.053 ; shift_register:U1|D3[3]          ; contador_intentos:U5|cont_int[1] ; Clock_reg           ; confirmar   ; 1.000        ; 0.021      ; 3.059      ;
; -2.032 ; shift_register:U1|D2[0]          ; contador_intentos:U5|cont_int[0] ; Clock_reg           ; confirmar   ; 1.000        ; 0.022      ; 3.039      ;
; -2.025 ; shift_register:U1|D3[1]          ; contador_intentos:U5|cont_int[0] ; Clock_reg           ; confirmar   ; 1.000        ; 0.022      ; 3.032      ;
; -2.000 ; shift_register:U1|D1[3]          ; contador_intentos:U5|cont_int[0] ; Clock_reg           ; confirmar   ; 1.000        ; 0.022      ; 3.007      ;
; -1.963 ; shift_register:U1|D0[0]          ; contador_intentos:U5|cont_int[0] ; Clock_reg           ; confirmar   ; 1.000        ; 0.022      ; 2.970      ;
; -1.955 ; shift_register:U1|D2[3]          ; contador_intentos:U5|cont_int[0] ; Clock_reg           ; confirmar   ; 1.000        ; 0.022      ; 2.962      ;
; -1.941 ; shift_register:U1|D2[1]          ; contador_intentos:U5|cont_int[0] ; Clock_reg           ; confirmar   ; 1.000        ; 0.022      ; 2.948      ;
; -1.838 ; count18O:U3|CNT_int[7]           ; contador_intentos:U5|cont_int[0] ; divisorfrec:U2|clk1 ; confirmar   ; 0.500        ; -0.264     ; 2.059      ;
; -1.781 ; shift_register:U1|D3[3]          ; contador_intentos:U5|cont_int[0] ; Clock_reg           ; confirmar   ; 1.000        ; 0.022      ; 2.788      ;
; -0.183 ; contador_intentos:U5|cont_int[0] ; contador_intentos:U5|cont_int[1] ; confirmar           ; confirmar   ; 1.000        ; -0.062     ; 1.136      ;
; -0.117 ; contador_intentos:U5|cont_int[1] ; contador_intentos:U5|cont_int[0] ; confirmar           ; confirmar   ; 1.000        ; -0.061     ; 1.071      ;
; -0.116 ; contador_intentos:U5|cont_int[0] ; contador_intentos:U5|cont_int[0] ; confirmar           ; confirmar   ; 1.000        ; -0.061     ; 1.070      ;
; 0.419  ; contador_intentos:U5|cont_int[1] ; contador_intentos:U5|cont_int[1] ; confirmar           ; confirmar   ; 1.000        ; -0.034     ; 0.562      ;
+--------+----------------------------------+----------------------------------+---------------------+-------------+--------------+------------+------------+


+--------------------------------------------------------------------------------------------------------------------------------------+
; Slow 1200mV 0C Model Setup: 'CLOCK_50'                                                                                               ;
+--------+---------------------------+---------------------------+--------------+-------------+--------------+------------+------------+
; Slack  ; From Node                 ; To Node                   ; Launch Clock ; Latch Clock ; Relationship ; Clock Skew ; Data Delay ;
+--------+---------------------------+---------------------------+--------------+-------------+--------------+------------+------------+
; -2.284 ; divisorfrec:U2|count1[16] ; divisorfrec:U2|clk1       ; CLOCK_50     ; CLOCK_50    ; 1.000        ; -0.055     ; 3.224      ;
; -2.281 ; divisorfrec:U2|count1[21] ; divisorfrec:U2|clk1       ; CLOCK_50     ; CLOCK_50    ; 1.000        ; -0.055     ; 3.221      ;
; -2.260 ; divisorfrec:U2|count1[10] ; divisorfrec:U2|clk1       ; CLOCK_50     ; CLOCK_50    ; 1.000        ; -0.057     ; 3.198      ;
; -2.235 ; divisorfrec:U2|count1[24] ; divisorfrec:U2|clk1       ; CLOCK_50     ; CLOCK_50    ; 1.000        ; -0.054     ; 3.176      ;
; -2.216 ; divisorfrec:U2|count1[1]  ; divisorfrec:U2|clk1       ; CLOCK_50     ; CLOCK_50    ; 1.000        ; -0.057     ; 3.154      ;
; -2.212 ; divisorfrec:U2|count1[9]  ; divisorfrec:U2|clk1       ; CLOCK_50     ; CLOCK_50    ; 1.000        ; -0.057     ; 3.150      ;
; -2.187 ; divisorfrec:U2|count1[2]  ; divisorfrec:U2|clk1       ; CLOCK_50     ; CLOCK_50    ; 1.000        ; -0.057     ; 3.125      ;
; -2.179 ; divisorfrec:U2|count1[4]  ; divisorfrec:U2|clk1       ; CLOCK_50     ; CLOCK_50    ; 1.000        ; -0.057     ; 3.117      ;
; -2.166 ; divisorfrec:U2|count1[11] ; divisorfrec:U2|clk1       ; CLOCK_50     ; CLOCK_50    ; 1.000        ; -0.057     ; 3.104      ;
; -2.163 ; divisorfrec:U2|count1[23] ; divisorfrec:U2|clk1       ; CLOCK_50     ; CLOCK_50    ; 1.000        ; -0.055     ; 3.103      ;
; -2.153 ; divisorfrec:U2|count1[17] ; divisorfrec:U2|clk1       ; CLOCK_50     ; CLOCK_50    ; 1.000        ; -0.055     ; 3.093      ;
; -2.144 ; divisorfrec:U2|count1[22] ; divisorfrec:U2|clk1       ; CLOCK_50     ; CLOCK_50    ; 1.000        ; -0.054     ; 3.085      ;
; -2.135 ; divisorfrec:U2|count1[20] ; divisorfrec:U2|clk1       ; CLOCK_50     ; CLOCK_50    ; 1.000        ; -0.054     ; 3.076      ;
; -2.124 ; divisorfrec:U2|count1[19] ; divisorfrec:U2|clk1       ; CLOCK_50     ; CLOCK_50    ; 1.000        ; -0.054     ; 3.065      ;
; -2.087 ; divisorfrec:U2|count1[3]  ; divisorfrec:U2|clk1       ; CLOCK_50     ; CLOCK_50    ; 1.000        ; -0.057     ; 3.025      ;
; -2.063 ; divisorfrec:U2|count1[6]  ; divisorfrec:U2|clk1       ; CLOCK_50     ; CLOCK_50    ; 1.000        ; -0.057     ; 3.001      ;
; -2.046 ; divisorfrec:U2|count1[7]  ; divisorfrec:U2|clk1       ; CLOCK_50     ; CLOCK_50    ; 1.000        ; -0.057     ; 2.984      ;
; -2.039 ; divisorfrec:U2|count1[8]  ; divisorfrec:U2|clk1       ; CLOCK_50     ; CLOCK_50    ; 1.000        ; -0.057     ; 2.977      ;
; -2.017 ; divisorfrec:U2|count1[14] ; divisorfrec:U2|clk1       ; CLOCK_50     ; CLOCK_50    ; 1.000        ; -0.054     ; 2.958      ;
; -2.011 ; divisorfrec:U2|count1[18] ; divisorfrec:U2|clk1       ; CLOCK_50     ; CLOCK_50    ; 1.000        ; -0.054     ; 2.952      ;
; -1.995 ; divisorfrec:U2|count1[15] ; divisorfrec:U2|clk1       ; CLOCK_50     ; CLOCK_50    ; 1.000        ; -0.055     ; 2.935      ;
; -1.931 ; divisorfrec:U2|count1[1]  ; divisorfrec:U2|count1[24] ; CLOCK_50     ; CLOCK_50    ; 1.000        ; -0.057     ; 2.869      ;
; -1.916 ; divisorfrec:U2|count1[13] ; divisorfrec:U2|clk1       ; CLOCK_50     ; CLOCK_50    ; 1.000        ; -0.055     ; 2.856      ;
; -1.901 ; divisorfrec:U2|count1[12] ; divisorfrec:U2|clk1       ; CLOCK_50     ; CLOCK_50    ; 1.000        ; -0.054     ; 2.842      ;
; -1.863 ; divisorfrec:U2|count1[5]  ; divisorfrec:U2|clk1       ; CLOCK_50     ; CLOCK_50    ; 1.000        ; -0.057     ; 2.801      ;
; -1.863 ; divisorfrec:U2|count1[0]  ; divisorfrec:U2|count1[24] ; CLOCK_50     ; CLOCK_50    ; 1.000        ; -0.057     ; 2.801      ;
; -1.850 ; divisorfrec:U2|count1[0]  ; divisorfrec:U2|clk1       ; CLOCK_50     ; CLOCK_50    ; 1.000        ; -0.057     ; 2.788      ;
; -1.842 ; divisorfrec:U2|count1[1]  ; divisorfrec:U2|count1[20] ; CLOCK_50     ; CLOCK_50    ; 1.000        ; -0.057     ; 2.780      ;
; -1.835 ; divisorfrec:U2|count1[3]  ; divisorfrec:U2|count1[24] ; CLOCK_50     ; CLOCK_50    ; 1.000        ; -0.057     ; 2.773      ;
; -1.834 ; divisorfrec:U2|count1[1]  ; divisorfrec:U2|count1[22] ; CLOCK_50     ; CLOCK_50    ; 1.000        ; -0.057     ; 2.772      ;
; -1.817 ; divisorfrec:U2|count1[10] ; divisorfrec:U2|count1[11] ; CLOCK_50     ; CLOCK_50    ; 1.000        ; -0.055     ; 2.757      ;
; -1.794 ; divisorfrec:U2|count1[16] ; divisorfrec:U2|count1[11] ; CLOCK_50     ; CLOCK_50    ; 1.000        ; -0.053     ; 2.736      ;
; -1.791 ; divisorfrec:U2|count1[21] ; divisorfrec:U2|count1[11] ; CLOCK_50     ; CLOCK_50    ; 1.000        ; -0.053     ; 2.733      ;
; -1.774 ; divisorfrec:U2|count1[0]  ; divisorfrec:U2|count1[20] ; CLOCK_50     ; CLOCK_50    ; 1.000        ; -0.057     ; 2.712      ;
; -1.767 ; divisorfrec:U2|count1[9]  ; divisorfrec:U2|count1[11] ; CLOCK_50     ; CLOCK_50    ; 1.000        ; -0.055     ; 2.707      ;
; -1.766 ; divisorfrec:U2|count1[0]  ; divisorfrec:U2|count1[22] ; CLOCK_50     ; CLOCK_50    ; 1.000        ; -0.057     ; 2.704      ;
; -1.763 ; divisorfrec:U2|count1[2]  ; divisorfrec:U2|count1[24] ; CLOCK_50     ; CLOCK_50    ; 1.000        ; -0.057     ; 2.701      ;
; -1.746 ; divisorfrec:U2|count1[3]  ; divisorfrec:U2|count1[20] ; CLOCK_50     ; CLOCK_50    ; 1.000        ; -0.057     ; 2.684      ;
; -1.745 ; divisorfrec:U2|count1[24] ; divisorfrec:U2|count1[11] ; CLOCK_50     ; CLOCK_50    ; 1.000        ; -0.052     ; 2.688      ;
; -1.738 ; divisorfrec:U2|count1[3]  ; divisorfrec:U2|count1[22] ; CLOCK_50     ; CLOCK_50    ; 1.000        ; -0.057     ; 2.676      ;
; -1.726 ; divisorfrec:U2|count1[1]  ; divisorfrec:U2|count1[11] ; CLOCK_50     ; CLOCK_50    ; 1.000        ; -0.055     ; 2.666      ;
; -1.725 ; divisorfrec:U2|count1[5]  ; divisorfrec:U2|count1[24] ; CLOCK_50     ; CLOCK_50    ; 1.000        ; -0.057     ; 2.663      ;
; -1.697 ; divisorfrec:U2|count1[2]  ; divisorfrec:U2|count1[11] ; CLOCK_50     ; CLOCK_50    ; 1.000        ; -0.055     ; 2.637      ;
; -1.689 ; divisorfrec:U2|count1[4]  ; divisorfrec:U2|count1[11] ; CLOCK_50     ; CLOCK_50    ; 1.000        ; -0.055     ; 2.629      ;
; -1.684 ; divisorfrec:U2|count1[11] ; divisorfrec:U2|count1[11] ; CLOCK_50     ; CLOCK_50    ; 1.000        ; -0.055     ; 2.624      ;
; -1.674 ; divisorfrec:U2|count1[2]  ; divisorfrec:U2|count1[20] ; CLOCK_50     ; CLOCK_50    ; 1.000        ; -0.057     ; 2.612      ;
; -1.674 ; divisorfrec:U2|count1[23] ; divisorfrec:U2|count1[11] ; CLOCK_50     ; CLOCK_50    ; 1.000        ; -0.053     ; 2.616      ;
; -1.673 ; divisorfrec:U2|count1[17] ; divisorfrec:U2|count1[11] ; CLOCK_50     ; CLOCK_50    ; 1.000        ; -0.053     ; 2.615      ;
; -1.666 ; divisorfrec:U2|count1[2]  ; divisorfrec:U2|count1[22] ; CLOCK_50     ; CLOCK_50    ; 1.000        ; -0.057     ; 2.604      ;
; -1.661 ; divisorfrec:U2|count1[10] ; divisorfrec:U2|count1[6]  ; CLOCK_50     ; CLOCK_50    ; 1.000        ; -0.055     ; 2.601      ;
; -1.656 ; divisorfrec:U2|count1[4]  ; divisorfrec:U2|count1[24] ; CLOCK_50     ; CLOCK_50    ; 1.000        ; -0.057     ; 2.594      ;
; -1.654 ; divisorfrec:U2|count1[22] ; divisorfrec:U2|count1[11] ; CLOCK_50     ; CLOCK_50    ; 1.000        ; -0.052     ; 2.597      ;
; -1.645 ; divisorfrec:U2|count1[20] ; divisorfrec:U2|count1[11] ; CLOCK_50     ; CLOCK_50    ; 1.000        ; -0.052     ; 2.588      ;
; -1.642 ; divisorfrec:U2|count1[16] ; divisorfrec:U2|count1[6]  ; CLOCK_50     ; CLOCK_50    ; 1.000        ; -0.053     ; 2.584      ;
; -1.639 ; divisorfrec:U2|count1[21] ; divisorfrec:U2|count1[6]  ; CLOCK_50     ; CLOCK_50    ; 1.000        ; -0.053     ; 2.581      ;
; -1.638 ; divisorfrec:U2|count1[6]  ; divisorfrec:U2|count1[11] ; CLOCK_50     ; CLOCK_50    ; 1.000        ; -0.055     ; 2.578      ;
; -1.636 ; divisorfrec:U2|count1[5]  ; divisorfrec:U2|count1[20] ; CLOCK_50     ; CLOCK_50    ; 1.000        ; -0.057     ; 2.574      ;
; -1.634 ; divisorfrec:U2|count1[19] ; divisorfrec:U2|count1[11] ; CLOCK_50     ; CLOCK_50    ; 1.000        ; -0.052     ; 2.577      ;
; -1.631 ; divisorfrec:U2|count1[1]  ; divisorfrec:U2|count1[18] ; CLOCK_50     ; CLOCK_50    ; 1.000        ; -0.057     ; 2.569      ;
; -1.628 ; divisorfrec:U2|count1[5]  ; divisorfrec:U2|count1[22] ; CLOCK_50     ; CLOCK_50    ; 1.000        ; -0.057     ; 2.566      ;
; -1.622 ; divisorfrec:U2|count1[7]  ; divisorfrec:U2|count1[24] ; CLOCK_50     ; CLOCK_50    ; 1.000        ; -0.057     ; 2.560      ;
; -1.621 ; divisorfrec:U2|count1[7]  ; divisorfrec:U2|count1[11] ; CLOCK_50     ; CLOCK_50    ; 1.000        ; -0.055     ; 2.561      ;
; -1.617 ; divisorfrec:U2|count1[0]  ; divisorfrec:U2|count1[19] ; CLOCK_50     ; CLOCK_50    ; 1.000        ; -0.057     ; 2.555      ;
; -1.614 ; divisorfrec:U2|count1[8]  ; divisorfrec:U2|count1[11] ; CLOCK_50     ; CLOCK_50    ; 1.000        ; -0.055     ; 2.554      ;
; -1.611 ; divisorfrec:U2|count1[3]  ; divisorfrec:U2|count1[11] ; CLOCK_50     ; CLOCK_50    ; 1.000        ; -0.055     ; 2.551      ;
; -1.611 ; divisorfrec:U2|count1[9]  ; divisorfrec:U2|count1[6]  ; CLOCK_50     ; CLOCK_50    ; 1.000        ; -0.055     ; 2.551      ;
; -1.593 ; divisorfrec:U2|count1[24] ; divisorfrec:U2|count1[6]  ; CLOCK_50     ; CLOCK_50    ; 1.000        ; -0.052     ; 2.536      ;
; -1.588 ; divisorfrec:U2|count1[0]  ; divisorfrec:U2|count1[21] ; CLOCK_50     ; CLOCK_50    ; 1.000        ; -0.057     ; 2.526      ;
; -1.575 ; divisorfrec:U2|count1[1]  ; divisorfrec:U2|count1[19] ; CLOCK_50     ; CLOCK_50    ; 1.000        ; -0.057     ; 2.513      ;
; -1.574 ; divisorfrec:U2|count1[1]  ; divisorfrec:U2|count1[6]  ; CLOCK_50     ; CLOCK_50    ; 1.000        ; -0.055     ; 2.514      ;
; -1.567 ; divisorfrec:U2|count1[4]  ; divisorfrec:U2|count1[20] ; CLOCK_50     ; CLOCK_50    ; 1.000        ; -0.057     ; 2.505      ;
; -1.566 ; divisorfrec:U2|count1[6]  ; divisorfrec:U2|count1[24] ; CLOCK_50     ; CLOCK_50    ; 1.000        ; -0.057     ; 2.504      ;
; -1.563 ; divisorfrec:U2|count1[0]  ; divisorfrec:U2|count1[18] ; CLOCK_50     ; CLOCK_50    ; 1.000        ; -0.057     ; 2.501      ;
; -1.563 ; divisorfrec:U2|count1[1]  ; divisorfrec:U2|count1[21] ; CLOCK_50     ; CLOCK_50    ; 1.000        ; -0.057     ; 2.501      ;
; -1.559 ; divisorfrec:U2|count1[4]  ; divisorfrec:U2|count1[22] ; CLOCK_50     ; CLOCK_50    ; 1.000        ; -0.057     ; 2.497      ;
; -1.545 ; divisorfrec:U2|count1[2]  ; divisorfrec:U2|count1[6]  ; CLOCK_50     ; CLOCK_50    ; 1.000        ; -0.055     ; 2.485      ;
; -1.537 ; divisorfrec:U2|count1[4]  ; divisorfrec:U2|count1[6]  ; CLOCK_50     ; CLOCK_50    ; 1.000        ; -0.055     ; 2.477      ;
; -1.535 ; divisorfrec:U2|count1[3]  ; divisorfrec:U2|count1[18] ; CLOCK_50     ; CLOCK_50    ; 1.000        ; -0.057     ; 2.473      ;
; -1.533 ; divisorfrec:U2|count1[7]  ; divisorfrec:U2|count1[20] ; CLOCK_50     ; CLOCK_50    ; 1.000        ; -0.057     ; 2.471      ;
; -1.532 ; divisorfrec:U2|count1[10] ; divisorfrec:U2|count1[13] ; CLOCK_50     ; CLOCK_50    ; 1.000        ; -0.057     ; 2.470      ;
; -1.532 ; divisorfrec:U2|count1[15] ; divisorfrec:U2|count1[11] ; CLOCK_50     ; CLOCK_50    ; 1.000        ; -0.053     ; 2.474      ;
; -1.531 ; divisorfrec:U2|count1[10] ; divisorfrec:U2|count1[21] ; CLOCK_50     ; CLOCK_50    ; 1.000        ; -0.057     ; 2.469      ;
; -1.529 ; divisorfrec:U2|count1[9]  ; divisorfrec:U2|count1[24] ; CLOCK_50     ; CLOCK_50    ; 1.000        ; -0.057     ; 2.467      ;
; -1.528 ; divisorfrec:U2|count1[11] ; divisorfrec:U2|count1[6]  ; CLOCK_50     ; CLOCK_50    ; 1.000        ; -0.055     ; 2.468      ;
; -1.527 ; divisorfrec:U2|count1[14] ; divisorfrec:U2|count1[11] ; CLOCK_50     ; CLOCK_50    ; 1.000        ; -0.052     ; 2.470      ;
; -1.526 ; divisorfrec:U2|count1[16] ; divisorfrec:U2|count1[13] ; CLOCK_50     ; CLOCK_50    ; 1.000        ; -0.055     ; 2.466      ;
; -1.525 ; divisorfrec:U2|count1[7]  ; divisorfrec:U2|count1[22] ; CLOCK_50     ; CLOCK_50    ; 1.000        ; -0.057     ; 2.463      ;
; -1.525 ; divisorfrec:U2|count1[16] ; divisorfrec:U2|count1[21] ; CLOCK_50     ; CLOCK_50    ; 1.000        ; -0.055     ; 2.465      ;
; -1.523 ; divisorfrec:U2|count1[21] ; divisorfrec:U2|count1[13] ; CLOCK_50     ; CLOCK_50    ; 1.000        ; -0.055     ; 2.463      ;
; -1.522 ; divisorfrec:U2|count1[21] ; divisorfrec:U2|count1[21] ; CLOCK_50     ; CLOCK_50    ; 1.000        ; -0.055     ; 2.462      ;
; -1.521 ; divisorfrec:U2|count1[18] ; divisorfrec:U2|count1[11] ; CLOCK_50     ; CLOCK_50    ; 1.000        ; -0.052     ; 2.464      ;
; -1.521 ; divisorfrec:U2|count1[23] ; divisorfrec:U2|count1[6]  ; CLOCK_50     ; CLOCK_50    ; 1.000        ; -0.053     ; 2.463      ;
; -1.517 ; divisorfrec:U2|count1[17] ; divisorfrec:U2|count1[6]  ; CLOCK_50     ; CLOCK_50    ; 1.000        ; -0.053     ; 2.459      ;
; -1.510 ; divisorfrec:U2|count1[1]  ; divisorfrec:U2|count1[14] ; CLOCK_50     ; CLOCK_50    ; 1.000        ; -0.057     ; 2.448      ;
; -1.503 ; divisorfrec:U2|count1[2]  ; divisorfrec:U2|count1[19] ; CLOCK_50     ; CLOCK_50    ; 1.000        ; -0.057     ; 2.441      ;
; -1.502 ; divisorfrec:U2|count1[22] ; divisorfrec:U2|count1[6]  ; CLOCK_50     ; CLOCK_50    ; 1.000        ; -0.052     ; 2.445      ;
; -1.501 ; divisorfrec:U2|count1[1]  ; divisorfrec:U2|count1[16] ; CLOCK_50     ; CLOCK_50    ; 1.000        ; -0.057     ; 2.439      ;
; -1.493 ; divisorfrec:U2|count1[20] ; divisorfrec:U2|count1[6]  ; CLOCK_50     ; CLOCK_50    ; 1.000        ; -0.052     ; 2.436      ;
; -1.482 ; divisorfrec:U2|count1[6]  ; divisorfrec:U2|count1[6]  ; CLOCK_50     ; CLOCK_50    ; 1.000        ; -0.055     ; 2.422      ;
; -1.482 ; divisorfrec:U2|count1[9]  ; divisorfrec:U2|count1[13] ; CLOCK_50     ; CLOCK_50    ; 1.000        ; -0.057     ; 2.420      ;
+--------+---------------------------+---------------------------+--------------+-------------+--------------+------------+------------+


+----------------------------------------------------------------------------------------------------------------------------------+
; Slow 1200mV 0C Model Setup: 'Clock_reg'                                                                                          ;
+--------+-------------------------+-------------------------+--------------+-------------+--------------+------------+------------+
; Slack  ; From Node               ; To Node                 ; Launch Clock ; Latch Clock ; Relationship ; Clock Skew ; Data Delay ;
+--------+-------------------------+-------------------------+--------------+-------------+--------------+------------+------------+
; -0.111 ; shift_register:U1|D0[1] ; shift_register:U1|D1[1] ; Clock_reg    ; Clock_reg   ; 1.000        ; -0.040     ; 1.086      ;
; 0.096  ; shift_register:U1|D1[1] ; shift_register:U1|D2[1] ; Clock_reg    ; Clock_reg   ; 1.000        ; -0.040     ; 0.879      ;
; 0.118  ; shift_register:U1|D2[3] ; shift_register:U1|D3[3] ; Clock_reg    ; Clock_reg   ; 1.000        ; -0.040     ; 0.857      ;
; 0.185  ; shift_register:U1|D2[0] ; shift_register:U1|D3[0] ; Clock_reg    ; Clock_reg   ; 1.000        ; -0.040     ; 0.790      ;
; 0.186  ; shift_register:U1|D0[2] ; shift_register:U1|D1[2] ; Clock_reg    ; Clock_reg   ; 1.000        ; -0.041     ; 0.788      ;
; 0.189  ; shift_register:U1|D1[3] ; shift_register:U1|D2[3] ; Clock_reg    ; Clock_reg   ; 1.000        ; -0.040     ; 0.786      ;
; 0.194  ; shift_register:U1|D2[1] ; shift_register:U1|D3[1] ; Clock_reg    ; Clock_reg   ; 1.000        ; -0.040     ; 0.781      ;
; 0.201  ; shift_register:U1|D0[0] ; shift_register:U1|D1[0] ; Clock_reg    ; Clock_reg   ; 1.000        ; -0.040     ; 0.774      ;
; 0.215  ; shift_register:U1|D1[0] ; shift_register:U1|D2[0] ; Clock_reg    ; Clock_reg   ; 1.000        ; -0.040     ; 0.760      ;
; 0.327  ; shift_register:U1|D2[2] ; shift_register:U1|D3[2] ; Clock_reg    ; Clock_reg   ; 1.000        ; -0.041     ; 0.647      ;
; 0.328  ; shift_register:U1|D1[2] ; shift_register:U1|D2[2] ; Clock_reg    ; Clock_reg   ; 1.000        ; -0.041     ; 0.646      ;
; 0.355  ; shift_register:U1|D0[3] ; shift_register:U1|D1[3] ; Clock_reg    ; Clock_reg   ; 1.000        ; -0.040     ; 0.620      ;
+--------+-------------------------+-------------------------+--------------+-------------+--------------+------------+------------+


+-------------------------------------------------------------------------------------------------------------------------------------------------------------------+
; Slow 1200mV 0C Model Hold: 'divisorfrec:U2|clk1'                                                                                                                  ;
+--------+----------------------------------+----------------------------------+---------------------+---------------------+--------------+------------+------------+
; Slack  ; From Node                        ; To Node                          ; Launch Clock        ; Latch Clock         ; Relationship ; Clock Skew ; Data Delay ;
+--------+----------------------------------+----------------------------------+---------------------+---------------------+--------------+------------+------------+
; -0.252 ; confirmar                        ; temporizador_open:U6|contando    ; confirmar           ; divisorfrec:U2|clk1 ; 0.000        ; 2.713      ; 2.635      ;
; 0.106  ; confirmar                        ; temporizador_open:U6|contador[1] ; confirmar           ; divisorfrec:U2|clk1 ; 0.000        ; 2.713      ; 2.993      ;
; 0.106  ; confirmar                        ; temporizador_open:U6|contador[0] ; confirmar           ; divisorfrec:U2|clk1 ; 0.000        ; 2.713      ; 2.993      ;
; 0.106  ; confirmar                        ; temporizador_open:U6|contador[2] ; confirmar           ; divisorfrec:U2|clk1 ; 0.000        ; 2.713      ; 2.993      ;
; 0.313  ; temporizador_open:U6|contador[1] ; temporizador_open:U6|contador[1] ; divisorfrec:U2|clk1 ; divisorfrec:U2|clk1 ; 0.000        ; 0.054      ; 0.511      ;
; 0.313  ; temporizador_open:U6|contador[2] ; temporizador_open:U6|contador[2] ; divisorfrec:U2|clk1 ; divisorfrec:U2|clk1 ; 0.000        ; 0.054      ; 0.511      ;
; 0.321  ; temporizador_open:U6|contador[0] ; temporizador_open:U6|contador[0] ; divisorfrec:U2|clk1 ; divisorfrec:U2|clk1 ; 0.000        ; 0.054      ; 0.519      ;
; 0.341  ; temporizador_open:U6|contador[1] ; temporizador_open:U6|contador[0] ; divisorfrec:U2|clk1 ; divisorfrec:U2|clk1 ; 0.000        ; 0.054      ; 0.539      ;
; 0.346  ; temporizador_open:U6|contador[1] ; temporizador_open:U6|contador[2] ; divisorfrec:U2|clk1 ; divisorfrec:U2|clk1 ; 0.000        ; 0.054      ; 0.544      ;
; 0.355  ; confirmar                        ; temporizador_open:U6|contando    ; confirmar           ; divisorfrec:U2|clk1 ; -0.500       ; 2.713      ; 2.742      ;
; 0.483  ; temporizador_open:U6|contador[0] ; temporizador_open:U6|contador[1] ; divisorfrec:U2|clk1 ; divisorfrec:U2|clk1 ; 0.000        ; 0.054      ; 0.681      ;
; 0.525  ; temporizador_open:U6|contador[0] ; temporizador_open:U6|contador[2] ; divisorfrec:U2|clk1 ; divisorfrec:U2|clk1 ; 0.000        ; 0.054      ; 0.723      ;
; 0.624  ; count18O:U3|CNT_int[7]           ; count18O:U3|CNT_int[7]           ; divisorfrec:U2|clk1 ; divisorfrec:U2|clk1 ; 0.000        ; 0.054      ; 0.822      ;
; 0.684  ; temporizador_open:U6|contador[2] ; temporizador_open:U6|contador[0] ; divisorfrec:U2|clk1 ; divisorfrec:U2|clk1 ; 0.000        ; 0.054      ; 0.882      ;
; 0.685  ; temporizador_open:U6|contador[2] ; temporizador_open:U6|contador[1] ; divisorfrec:U2|clk1 ; divisorfrec:U2|clk1 ; 0.000        ; 0.054      ; 0.883      ;
; 0.719  ; temporizador_open:U6|contador[1] ; temporizador_open:U6|contando    ; divisorfrec:U2|clk1 ; divisorfrec:U2|clk1 ; 0.000        ; 0.054      ; 0.917      ;
; 0.728  ; confirmar                        ; temporizador_open:U6|contador[1] ; confirmar           ; divisorfrec:U2|clk1 ; -0.500       ; 2.713      ; 3.115      ;
; 0.728  ; confirmar                        ; temporizador_open:U6|contador[0] ; confirmar           ; divisorfrec:U2|clk1 ; -0.500       ; 2.713      ; 3.115      ;
; 0.728  ; confirmar                        ; temporizador_open:U6|contador[2] ; confirmar           ; divisorfrec:U2|clk1 ; -0.500       ; 2.713      ; 3.115      ;
; 0.904  ; temporizador_open:U6|contador[2] ; temporizador_open:U6|contando    ; divisorfrec:U2|clk1 ; divisorfrec:U2|clk1 ; 0.000        ; 0.054      ; 1.102      ;
; 0.924  ; count18O:U3|CNT_int[7]           ; count18O:U3|CNT_int[0]           ; divisorfrec:U2|clk1 ; divisorfrec:U2|clk1 ; 0.000        ; 0.054      ; 1.122      ;
; 0.926  ; count18O:U3|CNT_int[7]           ; count18O:U3|CNT_int[1]           ; divisorfrec:U2|clk1 ; divisorfrec:U2|clk1 ; 0.000        ; 0.054      ; 1.124      ;
; 0.946  ; count18O:U3|CNT_int[0]           ; count18O:U3|CNT_int[0]           ; divisorfrec:U2|clk1 ; divisorfrec:U2|clk1 ; 0.000        ; 0.054      ; 1.144      ;
; 0.948  ; count18O:U3|CNT_int[0]           ; count18O:U3|CNT_int[1]           ; divisorfrec:U2|clk1 ; divisorfrec:U2|clk1 ; 0.000        ; 0.054      ; 1.146      ;
; 0.969  ; temporizador_open:U6|contador[0] ; temporizador_open:U6|contando    ; divisorfrec:U2|clk1 ; divisorfrec:U2|clk1 ; 0.000        ; 0.054      ; 1.167      ;
; 0.973  ; temporizador_open:U6|contando    ; temporizador_open:U6|contando    ; divisorfrec:U2|clk1 ; divisorfrec:U2|clk1 ; 0.000        ; 0.054      ; 1.171      ;
; 1.054  ; count18O:U3|CNT_int[3]           ; count18O:U3|CNT_int[3]           ; divisorfrec:U2|clk1 ; divisorfrec:U2|clk1 ; 0.000        ; 0.054      ; 1.252      ;
; 1.059  ; count18O:U3|CNT_int[3]           ; count18O:U3|CNT_int[0]           ; divisorfrec:U2|clk1 ; divisorfrec:U2|clk1 ; 0.000        ; 0.054      ; 1.257      ;
; 1.061  ; count18O:U3|CNT_int[3]           ; count18O:U3|CNT_int[1]           ; divisorfrec:U2|clk1 ; divisorfrec:U2|clk1 ; 0.000        ; 0.054      ; 1.259      ;
; 1.071  ; count18O:U3|CNT_int[4]           ; count18O:U3|CNT_int[4]           ; divisorfrec:U2|clk1 ; divisorfrec:U2|clk1 ; 0.000        ; 0.054      ; 1.269      ;
; 1.097  ; count18O:U3|CNT_int[5]           ; count18O:U3|CNT_int[5]           ; divisorfrec:U2|clk1 ; divisorfrec:U2|clk1 ; 0.000        ; 0.054      ; 1.295      ;
; 1.162  ; count18O:U3|CNT_int[4]           ; count18O:U3|CNT_int[0]           ; divisorfrec:U2|clk1 ; divisorfrec:U2|clk1 ; 0.000        ; 0.054      ; 1.360      ;
; 1.164  ; count18O:U3|CNT_int[4]           ; count18O:U3|CNT_int[1]           ; divisorfrec:U2|clk1 ; divisorfrec:U2|clk1 ; 0.000        ; 0.054      ; 1.362      ;
; 1.180  ; count18O:U3|CNT_int[2]           ; count18O:U3|CNT_int[2]           ; divisorfrec:U2|clk1 ; divisorfrec:U2|clk1 ; 0.000        ; 0.054      ; 1.378      ;
; 1.182  ; count18O:U3|CNT_int[1]           ; count18O:U3|CNT_int[0]           ; divisorfrec:U2|clk1 ; divisorfrec:U2|clk1 ; 0.000        ; 0.054      ; 1.380      ;
; 1.184  ; count18O:U3|CNT_int[1]           ; count18O:U3|CNT_int[1]           ; divisorfrec:U2|clk1 ; divisorfrec:U2|clk1 ; 0.000        ; 0.054      ; 1.382      ;
; 1.247  ; count18O:U3|CNT_int[7]           ; count18O:U3|CNT_int[3]           ; divisorfrec:U2|clk1 ; divisorfrec:U2|clk1 ; 0.000        ; 0.054      ; 1.445      ;
; 1.248  ; count18O:U3|CNT_int[7]           ; count18O:U3|CNT_int[6]           ; divisorfrec:U2|clk1 ; divisorfrec:U2|clk1 ; 0.000        ; 0.054      ; 1.446      ;
; 1.266  ; count18O:U3|CNT_int[5]           ; count18O:U3|CNT_int[7]           ; divisorfrec:U2|clk1 ; divisorfrec:U2|clk1 ; 0.000        ; 0.054      ; 1.464      ;
; 1.269  ; count18O:U3|CNT_int[0]           ; count18O:U3|CNT_int[3]           ; divisorfrec:U2|clk1 ; divisorfrec:U2|clk1 ; 0.000        ; 0.054      ; 1.467      ;
; 1.270  ; count18O:U3|CNT_int[0]           ; count18O:U3|CNT_int[6]           ; divisorfrec:U2|clk1 ; divisorfrec:U2|clk1 ; 0.000        ; 0.054      ; 1.468      ;
; 1.272  ; count18O:U3|CNT_int[4]           ; count18O:U3|CNT_int[7]           ; divisorfrec:U2|clk1 ; divisorfrec:U2|clk1 ; 0.000        ; 0.054      ; 1.470      ;
; 1.279  ; count18O:U3|CNT_int[6]           ; count18O:U3|CNT_int[6]           ; divisorfrec:U2|clk1 ; divisorfrec:U2|clk1 ; 0.000        ; 0.054      ; 1.477      ;
; 1.283  ; count18O:U3|CNT_int[2]           ; count18O:U3|CNT_int[3]           ; divisorfrec:U2|clk1 ; divisorfrec:U2|clk1 ; 0.000        ; 0.054      ; 1.481      ;
; 1.321  ; count18O:U3|CNT_int[3]           ; count18O:U3|CNT_int[4]           ; divisorfrec:U2|clk1 ; divisorfrec:U2|clk1 ; 0.000        ; 0.054      ; 1.519      ;
; 1.322  ; count18O:U3|CNT_int[4]           ; count18O:U3|CNT_int[5]           ; divisorfrec:U2|clk1 ; divisorfrec:U2|clk1 ; 0.000        ; 0.054      ; 1.520      ;
; 1.329  ; count18O:U3|CNT_int[2]           ; count18O:U3|CNT_int[4]           ; divisorfrec:U2|clk1 ; divisorfrec:U2|clk1 ; 0.000        ; 0.054      ; 1.527      ;
; 1.354  ; temporizador_open:U6|contando    ; temporizador_open:U6|contador[2] ; divisorfrec:U2|clk1 ; divisorfrec:U2|clk1 ; 0.000        ; 0.054      ; 1.552      ;
; 1.355  ; count18O:U3|CNT_int[5]           ; count18O:U3|CNT_int[6]           ; divisorfrec:U2|clk1 ; divisorfrec:U2|clk1 ; 0.000        ; 0.054      ; 1.553      ;
; 1.356  ; count18O:U3|CNT_int[3]           ; count18O:U3|CNT_int[7]           ; divisorfrec:U2|clk1 ; divisorfrec:U2|clk1 ; 0.000        ; 0.054      ; 1.554      ;
; 1.361  ; count18O:U3|CNT_int[4]           ; count18O:U3|CNT_int[6]           ; divisorfrec:U2|clk1 ; divisorfrec:U2|clk1 ; 0.000        ; 0.054      ; 1.559      ;
; 1.368  ; count18O:U3|CNT_int[2]           ; count18O:U3|CNT_int[7]           ; divisorfrec:U2|clk1 ; divisorfrec:U2|clk1 ; 0.000        ; 0.054      ; 1.566      ;
; 1.379  ; temporizador_open:U6|contando    ; temporizador_open:U6|contador[1] ; divisorfrec:U2|clk1 ; divisorfrec:U2|clk1 ; 0.000        ; 0.054      ; 1.577      ;
; 1.379  ; temporizador_open:U6|contando    ; temporizador_open:U6|contador[0] ; divisorfrec:U2|clk1 ; divisorfrec:U2|clk1 ; 0.000        ; 0.054      ; 1.577      ;
; 1.383  ; count18O:U3|CNT_int[3]           ; count18O:U3|CNT_int[6]           ; divisorfrec:U2|clk1 ; divisorfrec:U2|clk1 ; 0.000        ; 0.054      ; 1.581      ;
; 1.389  ; count18O:U3|CNT_int[6]           ; count18O:U3|CNT_int[0]           ; divisorfrec:U2|clk1 ; divisorfrec:U2|clk1 ; 0.000        ; 0.054      ; 1.587      ;
; 1.391  ; count18O:U3|CNT_int[5]           ; count18O:U3|CNT_int[0]           ; divisorfrec:U2|clk1 ; divisorfrec:U2|clk1 ; 0.000        ; 0.054      ; 1.589      ;
; 1.391  ; count18O:U3|CNT_int[6]           ; count18O:U3|CNT_int[1]           ; divisorfrec:U2|clk1 ; divisorfrec:U2|clk1 ; 0.000        ; 0.054      ; 1.589      ;
; 1.393  ; count18O:U3|CNT_int[5]           ; count18O:U3|CNT_int[1]           ; divisorfrec:U2|clk1 ; divisorfrec:U2|clk1 ; 0.000        ; 0.054      ; 1.591      ;
; 1.402  ; count18O:U3|CNT_int[6]           ; count18O:U3|CNT_int[7]           ; divisorfrec:U2|clk1 ; divisorfrec:U2|clk1 ; 0.000        ; 0.054      ; 1.600      ;
; 1.412  ; count18O:U3|CNT_int[3]           ; count18O:U3|CNT_int[5]           ; divisorfrec:U2|clk1 ; divisorfrec:U2|clk1 ; 0.000        ; 0.054      ; 1.610      ;
; 1.425  ; count18O:U3|CNT_int[2]           ; count18O:U3|CNT_int[5]           ; divisorfrec:U2|clk1 ; divisorfrec:U2|clk1 ; 0.000        ; 0.054      ; 1.623      ;
; 1.464  ; count18O:U3|CNT_int[2]           ; count18O:U3|CNT_int[6]           ; divisorfrec:U2|clk1 ; divisorfrec:U2|clk1 ; 0.000        ; 0.054      ; 1.662      ;
; 1.471  ; count18O:U3|CNT_int[0]           ; count18O:U3|CNT_int[5]           ; divisorfrec:U2|clk1 ; divisorfrec:U2|clk1 ; 0.000        ; 0.054      ; 1.669      ;
; 1.485  ; count18O:U3|CNT_int[4]           ; count18O:U3|CNT_int[3]           ; divisorfrec:U2|clk1 ; divisorfrec:U2|clk1 ; 0.000        ; 0.054      ; 1.683      ;
; 1.505  ; count18O:U3|CNT_int[1]           ; count18O:U3|CNT_int[3]           ; divisorfrec:U2|clk1 ; divisorfrec:U2|clk1 ; 0.000        ; 0.054      ; 1.703      ;
; 1.506  ; count18O:U3|CNT_int[1]           ; count18O:U3|CNT_int[6]           ; divisorfrec:U2|clk1 ; divisorfrec:U2|clk1 ; 0.000        ; 0.054      ; 1.704      ;
; 1.573  ; count18O:U3|CNT_int[2]           ; count18O:U3|CNT_int[0]           ; divisorfrec:U2|clk1 ; divisorfrec:U2|clk1 ; 0.000        ; 0.054      ; 1.771      ;
; 1.575  ; count18O:U3|CNT_int[2]           ; count18O:U3|CNT_int[1]           ; divisorfrec:U2|clk1 ; divisorfrec:U2|clk1 ; 0.000        ; 0.054      ; 1.773      ;
; 1.587  ; contador_intentos:U5|cont_int[0] ; temporizador_open:U6|contando    ; confirmar           ; divisorfrec:U2|clk1 ; -0.500       ; 0.264      ; 1.525      ;
; 1.607  ; count18O:U3|CNT_int[0]           ; count18O:U3|CNT_int[7]           ; divisorfrec:U2|clk1 ; divisorfrec:U2|clk1 ; 0.000        ; 0.054      ; 1.805      ;
; 1.610  ; count18O:U3|CNT_int[7]           ; temporizador_open:U6|contando    ; divisorfrec:U2|clk1 ; divisorfrec:U2|clk1 ; 0.000        ; 0.054      ; 1.808      ;
; 1.626  ; contador_intentos:U5|cont_int[1] ; temporizador_open:U6|contando    ; confirmar           ; divisorfrec:U2|clk1 ; -0.500       ; 0.265      ; 1.565      ;
; 1.636  ; count18O:U3|CNT_int[1]           ; count18O:U3|CNT_int[4]           ; divisorfrec:U2|clk1 ; divisorfrec:U2|clk1 ; 0.000        ; 0.054      ; 1.834      ;
; 1.646  ; count18O:U3|CNT_int[1]           ; count18O:U3|CNT_int[5]           ; divisorfrec:U2|clk1 ; divisorfrec:U2|clk1 ; 0.000        ; 0.054      ; 1.844      ;
; 1.647  ; count18O:U3|CNT_int[1]           ; count18O:U3|CNT_int[2]           ; divisorfrec:U2|clk1 ; divisorfrec:U2|clk1 ; 0.000        ; 0.054      ; 1.845      ;
; 1.661  ; count18O:U3|CNT_int[1]           ; count18O:U3|CNT_int[7]           ; divisorfrec:U2|clk1 ; divisorfrec:U2|clk1 ; 0.000        ; 0.054      ; 1.859      ;
; 1.665  ; count18O:U3|CNT_int[0]           ; count18O:U3|CNT_int[4]           ; divisorfrec:U2|clk1 ; divisorfrec:U2|clk1 ; 0.000        ; 0.054      ; 1.863      ;
; 1.676  ; count18O:U3|CNT_int[0]           ; count18O:U3|CNT_int[2]           ; divisorfrec:U2|clk1 ; divisorfrec:U2|clk1 ; 0.000        ; 0.054      ; 1.874      ;
; 1.712  ; count18O:U3|CNT_int[6]           ; count18O:U3|CNT_int[3]           ; divisorfrec:U2|clk1 ; divisorfrec:U2|clk1 ; 0.000        ; 0.054      ; 1.910      ;
; 1.714  ; count18O:U3|CNT_int[5]           ; count18O:U3|CNT_int[3]           ; divisorfrec:U2|clk1 ; divisorfrec:U2|clk1 ; 0.000        ; 0.054      ; 1.912      ;
; 1.811  ; contador_intentos:U5|cont_int[0] ; temporizador_open:U6|contador[1] ; confirmar           ; divisorfrec:U2|clk1 ; -0.500       ; 0.264      ; 1.749      ;
; 1.811  ; contador_intentos:U5|cont_int[0] ; temporizador_open:U6|contador[0] ; confirmar           ; divisorfrec:U2|clk1 ; -0.500       ; 0.264      ; 1.749      ;
; 1.811  ; contador_intentos:U5|cont_int[0] ; temporizador_open:U6|contador[2] ; confirmar           ; divisorfrec:U2|clk1 ; -0.500       ; 0.264      ; 1.749      ;
; 1.842  ; count18O:U3|CNT_int[4]           ; count18O:U3|CNT_int[2]           ; divisorfrec:U2|clk1 ; divisorfrec:U2|clk1 ; 0.000        ; 0.054      ; 2.040      ;
; 1.850  ; contador_intentos:U5|cont_int[1] ; temporizador_open:U6|contador[1] ; confirmar           ; divisorfrec:U2|clk1 ; -0.500       ; 0.265      ; 1.789      ;
; 1.850  ; contador_intentos:U5|cont_int[1] ; temporizador_open:U6|contador[0] ; confirmar           ; divisorfrec:U2|clk1 ; -0.500       ; 0.265      ; 1.789      ;
; 1.850  ; contador_intentos:U5|cont_int[1] ; temporizador_open:U6|contador[2] ; confirmar           ; divisorfrec:U2|clk1 ; -0.500       ; 0.265      ; 1.789      ;
; 1.874  ; count18O:U3|CNT_int[6]           ; count18O:U3|CNT_int[4]           ; divisorfrec:U2|clk1 ; divisorfrec:U2|clk1 ; 0.000        ; 0.054      ; 2.072      ;
; 1.874  ; count18O:U3|CNT_int[6]           ; count18O:U3|CNT_int[5]           ; divisorfrec:U2|clk1 ; divisorfrec:U2|clk1 ; 0.000        ; 0.054      ; 2.072      ;
; 1.893  ; count18O:U3|CNT_int[6]           ; count18O:U3|CNT_int[2]           ; divisorfrec:U2|clk1 ; divisorfrec:U2|clk1 ; 0.000        ; 0.054      ; 2.091      ;
; 1.974  ; count18O:U3|CNT_int[7]           ; temporizador_open:U6|contador[1] ; divisorfrec:U2|clk1 ; divisorfrec:U2|clk1 ; 0.000        ; 0.054      ; 2.172      ;
; 1.974  ; count18O:U3|CNT_int[7]           ; temporizador_open:U6|contador[0] ; divisorfrec:U2|clk1 ; divisorfrec:U2|clk1 ; 0.000        ; 0.054      ; 2.172      ;
; 1.974  ; count18O:U3|CNT_int[7]           ; temporizador_open:U6|contador[2] ; divisorfrec:U2|clk1 ; divisorfrec:U2|clk1 ; 0.000        ; 0.054      ; 2.172      ;
; 1.979  ; count18O:U3|CNT_int[3]           ; count18O:U3|CNT_int[2]           ; divisorfrec:U2|clk1 ; divisorfrec:U2|clk1 ; 0.000        ; 0.054      ; 2.177      ;
; 2.109  ; count18O:U3|CNT_int[5]           ; count18O:U3|CNT_int[4]           ; divisorfrec:U2|clk1 ; divisorfrec:U2|clk1 ; 0.000        ; 0.054      ; 2.307      ;
; 2.121  ; count18O:U3|CNT_int[5]           ; count18O:U3|CNT_int[2]           ; divisorfrec:U2|clk1 ; divisorfrec:U2|clk1 ; 0.000        ; 0.054      ; 2.319      ;
; 2.145  ; count18O:U3|CNT_int[7]           ; count18O:U3|CNT_int[4]           ; divisorfrec:U2|clk1 ; divisorfrec:U2|clk1 ; 0.000        ; 0.054      ; 2.343      ;
; 2.147  ; count18O:U3|CNT_int[7]           ; count18O:U3|CNT_int[5]           ; divisorfrec:U2|clk1 ; divisorfrec:U2|clk1 ; 0.000        ; 0.054      ; 2.345      ;
; 2.157  ; count18O:U3|CNT_int[7]           ; count18O:U3|CNT_int[2]           ; divisorfrec:U2|clk1 ; divisorfrec:U2|clk1 ; 0.000        ; 0.054      ; 2.355      ;
+--------+----------------------------------+----------------------------------+---------------------+---------------------+--------------+------------+------------+


+---------------------------------------------------------------------------------------------------------------------------------------------+
; Slow 1200mV 0C Model Hold: 'CLOCK_50'                                                                                                       ;
+--------+---------------------------+---------------------------+---------------------+-------------+--------------+------------+------------+
; Slack  ; From Node                 ; To Node                   ; Launch Clock        ; Latch Clock ; Relationship ; Clock Skew ; Data Delay ;
+--------+---------------------------+---------------------------+---------------------+-------------+--------------+------------+------------+
; -0.174 ; divisorfrec:U2|clk1       ; divisorfrec:U2|clk1       ; divisorfrec:U2|clk1 ; CLOCK_50    ; 0.000        ; 2.222      ; 2.402      ;
; 0.373  ; divisorfrec:U2|clk1       ; divisorfrec:U2|clk1       ; divisorfrec:U2|clk1 ; CLOCK_50    ; -0.500       ; 2.222      ; 2.449      ;
; 0.500  ; divisorfrec:U2|count1[7]  ; divisorfrec:U2|count1[7]  ; CLOCK_50            ; CLOCK_50    ; 0.000        ; 0.055      ; 0.699      ;
; 0.502  ; divisorfrec:U2|count1[2]  ; divisorfrec:U2|count1[2]  ; CLOCK_50            ; CLOCK_50    ; 0.000        ; 0.055      ; 0.701      ;
; 0.503  ; divisorfrec:U2|count1[8]  ; divisorfrec:U2|count1[8]  ; CLOCK_50            ; CLOCK_50    ; 0.000        ; 0.055      ; 0.702      ;
; 0.503  ; divisorfrec:U2|count1[5]  ; divisorfrec:U2|count1[5]  ; CLOCK_50            ; CLOCK_50    ; 0.000        ; 0.055      ; 0.702      ;
; 0.504  ; divisorfrec:U2|count1[4]  ; divisorfrec:U2|count1[4]  ; CLOCK_50            ; CLOCK_50    ; 0.000        ; 0.055      ; 0.703      ;
; 0.510  ; divisorfrec:U2|count1[15] ; divisorfrec:U2|count1[15] ; CLOCK_50            ; CLOCK_50    ; 0.000        ; 0.055      ; 0.709      ;
; 0.510  ; divisorfrec:U2|count1[9]  ; divisorfrec:U2|count1[9]  ; CLOCK_50            ; CLOCK_50    ; 0.000        ; 0.055      ; 0.709      ;
; 0.511  ; divisorfrec:U2|count1[23] ; divisorfrec:U2|count1[23] ; CLOCK_50            ; CLOCK_50    ; 0.000        ; 0.055      ; 0.710      ;
; 0.511  ; divisorfrec:U2|count1[17] ; divisorfrec:U2|count1[17] ; CLOCK_50            ; CLOCK_50    ; 0.000        ; 0.055      ; 0.710      ;
; 0.511  ; divisorfrec:U2|count1[1]  ; divisorfrec:U2|count1[1]  ; CLOCK_50            ; CLOCK_50    ; 0.000        ; 0.055      ; 0.710      ;
; 0.514  ; divisorfrec:U2|count1[10] ; divisorfrec:U2|count1[10] ; CLOCK_50            ; CLOCK_50    ; 0.000        ; 0.055      ; 0.713      ;
; 0.514  ; divisorfrec:U2|count1[3]  ; divisorfrec:U2|count1[3]  ; CLOCK_50            ; CLOCK_50    ; 0.000        ; 0.055      ; 0.713      ;
; 0.531  ; divisorfrec:U2|count1[0]  ; divisorfrec:U2|count1[0]  ; CLOCK_50            ; CLOCK_50    ; 0.000        ; 0.055      ; 0.730      ;
; 0.744  ; divisorfrec:U2|count1[7]  ; divisorfrec:U2|count1[8]  ; CLOCK_50            ; CLOCK_50    ; 0.000        ; 0.055      ; 0.943      ;
; 0.751  ; divisorfrec:U2|count1[2]  ; divisorfrec:U2|count1[3]  ; CLOCK_50            ; CLOCK_50    ; 0.000        ; 0.055      ; 0.950      ;
; 0.752  ; divisorfrec:U2|count1[8]  ; divisorfrec:U2|count1[9]  ; CLOCK_50            ; CLOCK_50    ; 0.000        ; 0.055      ; 0.951      ;
; 0.753  ; divisorfrec:U2|count1[4]  ; divisorfrec:U2|count1[5]  ; CLOCK_50            ; CLOCK_50    ; 0.000        ; 0.055      ; 0.952      ;
; 0.754  ; divisorfrec:U2|count1[9]  ; divisorfrec:U2|count1[10] ; CLOCK_50            ; CLOCK_50    ; 0.000        ; 0.055      ; 0.953      ;
; 0.755  ; divisorfrec:U2|count1[1]  ; divisorfrec:U2|count1[2]  ; CLOCK_50            ; CLOCK_50    ; 0.000        ; 0.055      ; 0.954      ;
; 0.758  ; divisorfrec:U2|count1[2]  ; divisorfrec:U2|count1[4]  ; CLOCK_50            ; CLOCK_50    ; 0.000        ; 0.055      ; 0.957      ;
; 0.759  ; divisorfrec:U2|count1[8]  ; divisorfrec:U2|count1[10] ; CLOCK_50            ; CLOCK_50    ; 0.000        ; 0.055      ; 0.958      ;
; 0.759  ; divisorfrec:U2|count1[3]  ; divisorfrec:U2|count1[4]  ; CLOCK_50            ; CLOCK_50    ; 0.000        ; 0.055      ; 0.958      ;
; 0.764  ; divisorfrec:U2|count1[0]  ; divisorfrec:U2|count1[1]  ; CLOCK_50            ; CLOCK_50    ; 0.000        ; 0.055      ; 0.963      ;
; 0.766  ; divisorfrec:U2|count1[6]  ; divisorfrec:U2|count1[7]  ; CLOCK_50            ; CLOCK_50    ; 0.000        ; 0.055      ; 0.965      ;
; 0.766  ; divisorfrec:U2|count1[16] ; divisorfrec:U2|count1[17] ; CLOCK_50            ; CLOCK_50    ; 0.000        ; 0.055      ; 0.965      ;
; 0.771  ; divisorfrec:U2|count1[0]  ; divisorfrec:U2|count1[2]  ; CLOCK_50            ; CLOCK_50    ; 0.000        ; 0.055      ; 0.970      ;
; 0.773  ; divisorfrec:U2|count1[6]  ; divisorfrec:U2|count1[8]  ; CLOCK_50            ; CLOCK_50    ; 0.000        ; 0.055      ; 0.972      ;
; 0.783  ; divisorfrec:U2|count1[13] ; divisorfrec:U2|count1[13] ; CLOCK_50            ; CLOCK_50    ; 0.000        ; 0.055      ; 0.982      ;
; 0.785  ; divisorfrec:U2|count1[6]  ; divisorfrec:U2|count1[6]  ; CLOCK_50            ; CLOCK_50    ; 0.000        ; 0.055      ; 0.984      ;
; 0.833  ; divisorfrec:U2|count1[7]  ; divisorfrec:U2|count1[9]  ; CLOCK_50            ; CLOCK_50    ; 0.000        ; 0.055      ; 1.032      ;
; 0.837  ; divisorfrec:U2|count1[5]  ; divisorfrec:U2|count1[7]  ; CLOCK_50            ; CLOCK_50    ; 0.000        ; 0.055      ; 1.036      ;
; 0.840  ; divisorfrec:U2|count1[7]  ; divisorfrec:U2|count1[10] ; CLOCK_50            ; CLOCK_50    ; 0.000        ; 0.055      ; 1.039      ;
; 0.843  ; divisorfrec:U2|count1[15] ; divisorfrec:U2|count1[17] ; CLOCK_50            ; CLOCK_50    ; 0.000        ; 0.055      ; 1.042      ;
; 0.844  ; divisorfrec:U2|count1[1]  ; divisorfrec:U2|count1[3]  ; CLOCK_50            ; CLOCK_50    ; 0.000        ; 0.055      ; 1.043      ;
; 0.844  ; divisorfrec:U2|count1[5]  ; divisorfrec:U2|count1[8]  ; CLOCK_50            ; CLOCK_50    ; 0.000        ; 0.055      ; 1.043      ;
; 0.847  ; divisorfrec:U2|count1[13] ; divisorfrec:U2|count1[15] ; CLOCK_50            ; CLOCK_50    ; 0.000        ; 0.055      ; 1.046      ;
; 0.847  ; divisorfrec:U2|count1[2]  ; divisorfrec:U2|count1[5]  ; CLOCK_50            ; CLOCK_50    ; 0.000        ; 0.055      ; 1.046      ;
; 0.848  ; divisorfrec:U2|count1[3]  ; divisorfrec:U2|count1[5]  ; CLOCK_50            ; CLOCK_50    ; 0.000        ; 0.055      ; 1.047      ;
; 0.849  ; divisorfrec:U2|count1[4]  ; divisorfrec:U2|count1[7]  ; CLOCK_50            ; CLOCK_50    ; 0.000        ; 0.055      ; 1.048      ;
; 0.851  ; divisorfrec:U2|count1[1]  ; divisorfrec:U2|count1[4]  ; CLOCK_50            ; CLOCK_50    ; 0.000        ; 0.055      ; 1.050      ;
; 0.856  ; divisorfrec:U2|count1[4]  ; divisorfrec:U2|count1[8]  ; CLOCK_50            ; CLOCK_50    ; 0.000        ; 0.055      ; 1.055      ;
; 0.860  ; divisorfrec:U2|count1[0]  ; divisorfrec:U2|count1[3]  ; CLOCK_50            ; CLOCK_50    ; 0.000        ; 0.055      ; 1.059      ;
; 0.862  ; divisorfrec:U2|count1[6]  ; divisorfrec:U2|count1[9]  ; CLOCK_50            ; CLOCK_50    ; 0.000        ; 0.055      ; 1.061      ;
; 0.867  ; divisorfrec:U2|count1[0]  ; divisorfrec:U2|count1[4]  ; CLOCK_50            ; CLOCK_50    ; 0.000        ; 0.055      ; 1.066      ;
; 0.869  ; divisorfrec:U2|count1[6]  ; divisorfrec:U2|count1[10] ; CLOCK_50            ; CLOCK_50    ; 0.000        ; 0.055      ; 1.068      ;
; 0.878  ; divisorfrec:U2|count1[24] ; divisorfrec:U2|count1[24] ; CLOCK_50            ; CLOCK_50    ; 0.000        ; 0.054      ; 1.076      ;
; 0.878  ; divisorfrec:U2|count1[11] ; divisorfrec:U2|count1[11] ; CLOCK_50            ; CLOCK_50    ; 0.000        ; 0.055      ; 1.077      ;
; 0.880  ; divisorfrec:U2|count1[16] ; divisorfrec:U2|count1[16] ; CLOCK_50            ; CLOCK_50    ; 0.000        ; 0.055      ; 1.079      ;
; 0.897  ; divisorfrec:U2|count1[14] ; divisorfrec:U2|count1[15] ; CLOCK_50            ; CLOCK_50    ; 0.000        ; 0.055      ; 1.096      ;
; 0.899  ; divisorfrec:U2|count1[22] ; divisorfrec:U2|count1[23] ; CLOCK_50            ; CLOCK_50    ; 0.000        ; 0.055      ; 1.098      ;
; 0.916  ; divisorfrec:U2|count1[21] ; divisorfrec:U2|count1[21] ; CLOCK_50            ; CLOCK_50    ; 0.000        ; 0.055      ; 1.115      ;
; 0.933  ; divisorfrec:U2|count1[5]  ; divisorfrec:U2|count1[9]  ; CLOCK_50            ; CLOCK_50    ; 0.000        ; 0.055      ; 1.132      ;
; 0.940  ; divisorfrec:U2|count1[1]  ; divisorfrec:U2|count1[5]  ; CLOCK_50            ; CLOCK_50    ; 0.000        ; 0.055      ; 1.139      ;
; 0.940  ; divisorfrec:U2|count1[5]  ; divisorfrec:U2|count1[10] ; CLOCK_50            ; CLOCK_50    ; 0.000        ; 0.055      ; 1.139      ;
; 0.943  ; divisorfrec:U2|count1[13] ; divisorfrec:U2|count1[17] ; CLOCK_50            ; CLOCK_50    ; 0.000        ; 0.055      ; 1.142      ;
; 0.943  ; divisorfrec:U2|count1[2]  ; divisorfrec:U2|count1[7]  ; CLOCK_50            ; CLOCK_50    ; 0.000        ; 0.055      ; 1.142      ;
; 0.944  ; divisorfrec:U2|count1[3]  ; divisorfrec:U2|count1[7]  ; CLOCK_50            ; CLOCK_50    ; 0.000        ; 0.055      ; 1.143      ;
; 0.945  ; divisorfrec:U2|count1[4]  ; divisorfrec:U2|count1[9]  ; CLOCK_50            ; CLOCK_50    ; 0.000        ; 0.055      ; 1.144      ;
; 0.948  ; divisorfrec:U2|count1[11] ; divisorfrec:U2|count1[15] ; CLOCK_50            ; CLOCK_50    ; 0.000        ; 0.053      ; 1.145      ;
; 0.950  ; divisorfrec:U2|count1[2]  ; divisorfrec:U2|count1[8]  ; CLOCK_50            ; CLOCK_50    ; 0.000        ; 0.055      ; 1.149      ;
; 0.951  ; divisorfrec:U2|count1[3]  ; divisorfrec:U2|count1[8]  ; CLOCK_50            ; CLOCK_50    ; 0.000        ; 0.055      ; 1.150      ;
; 0.952  ; divisorfrec:U2|count1[4]  ; divisorfrec:U2|count1[10] ; CLOCK_50            ; CLOCK_50    ; 0.000        ; 0.055      ; 1.151      ;
; 0.956  ; divisorfrec:U2|count1[0]  ; divisorfrec:U2|count1[5]  ; CLOCK_50            ; CLOCK_50    ; 0.000        ; 0.055      ; 1.155      ;
; 0.957  ; divisorfrec:U2|count1[10] ; divisorfrec:U2|count1[15] ; CLOCK_50            ; CLOCK_50    ; 0.000        ; 0.053      ; 1.154      ;
; 0.981  ; divisorfrec:U2|count1[21] ; divisorfrec:U2|count1[23] ; CLOCK_50            ; CLOCK_50    ; 0.000        ; 0.055      ; 1.180      ;
; 0.993  ; divisorfrec:U2|count1[14] ; divisorfrec:U2|count1[17] ; CLOCK_50            ; CLOCK_50    ; 0.000        ; 0.055      ; 1.192      ;
; 0.997  ; divisorfrec:U2|count1[20] ; divisorfrec:U2|count1[23] ; CLOCK_50            ; CLOCK_50    ; 0.000        ; 0.055      ; 1.196      ;
; 1.016  ; divisorfrec:U2|count1[5]  ; divisorfrec:U2|count1[6]  ; CLOCK_50            ; CLOCK_50    ; 0.000        ; 0.055      ; 1.215      ;
; 1.028  ; divisorfrec:U2|count1[4]  ; divisorfrec:U2|count1[6]  ; CLOCK_50            ; CLOCK_50    ; 0.000        ; 0.055      ; 1.227      ;
; 1.033  ; divisorfrec:U2|count1[12] ; divisorfrec:U2|count1[15] ; CLOCK_50            ; CLOCK_50    ; 0.000        ; 0.055      ; 1.232      ;
; 1.036  ; divisorfrec:U2|count1[1]  ; divisorfrec:U2|count1[7]  ; CLOCK_50            ; CLOCK_50    ; 0.000        ; 0.055      ; 1.235      ;
; 1.036  ; divisorfrec:U2|count1[17] ; divisorfrec:U2|count1[23] ; CLOCK_50            ; CLOCK_50    ; 0.000        ; 0.055      ; 1.235      ;
; 1.037  ; divisorfrec:U2|count1[9]  ; divisorfrec:U2|count1[15] ; CLOCK_50            ; CLOCK_50    ; 0.000        ; 0.053      ; 1.234      ;
; 1.039  ; divisorfrec:U2|count1[2]  ; divisorfrec:U2|count1[9]  ; CLOCK_50            ; CLOCK_50    ; 0.000        ; 0.055      ; 1.238      ;
; 1.040  ; divisorfrec:U2|count1[3]  ; divisorfrec:U2|count1[9]  ; CLOCK_50            ; CLOCK_50    ; 0.000        ; 0.055      ; 1.239      ;
; 1.042  ; divisorfrec:U2|count1[8]  ; divisorfrec:U2|count1[15] ; CLOCK_50            ; CLOCK_50    ; 0.000        ; 0.053      ; 1.239      ;
; 1.043  ; divisorfrec:U2|count1[1]  ; divisorfrec:U2|count1[8]  ; CLOCK_50            ; CLOCK_50    ; 0.000        ; 0.055      ; 1.242      ;
; 1.044  ; divisorfrec:U2|count1[11] ; divisorfrec:U2|count1[17] ; CLOCK_50            ; CLOCK_50    ; 0.000        ; 0.053      ; 1.241      ;
; 1.046  ; divisorfrec:U2|count1[2]  ; divisorfrec:U2|count1[10] ; CLOCK_50            ; CLOCK_50    ; 0.000        ; 0.055      ; 1.245      ;
; 1.047  ; divisorfrec:U2|count1[3]  ; divisorfrec:U2|count1[10] ; CLOCK_50            ; CLOCK_50    ; 0.000        ; 0.055      ; 1.246      ;
; 1.052  ; divisorfrec:U2|count1[0]  ; divisorfrec:U2|count1[7]  ; CLOCK_50            ; CLOCK_50    ; 0.000        ; 0.055      ; 1.251      ;
; 1.053  ; divisorfrec:U2|count1[10] ; divisorfrec:U2|count1[17] ; CLOCK_50            ; CLOCK_50    ; 0.000        ; 0.053      ; 1.250      ;
; 1.054  ; divisorfrec:U2|count1[16] ; divisorfrec:U2|count1[23] ; CLOCK_50            ; CLOCK_50    ; 0.000        ; 0.055      ; 1.253      ;
; 1.059  ; divisorfrec:U2|count1[0]  ; divisorfrec:U2|count1[8]  ; CLOCK_50            ; CLOCK_50    ; 0.000        ; 0.055      ; 1.258      ;
; 1.061  ; divisorfrec:U2|count1[22] ; divisorfrec:U2|count1[22] ; CLOCK_50            ; CLOCK_50    ; 0.000        ; 0.054      ; 1.259      ;
; 1.072  ; divisorfrec:U2|count1[19] ; divisorfrec:U2|count1[19] ; CLOCK_50            ; CLOCK_50    ; 0.000        ; 0.054      ; 1.270      ;
; 1.090  ; divisorfrec:U2|count1[18] ; divisorfrec:U2|count1[18] ; CLOCK_50            ; CLOCK_50    ; 0.000        ; 0.054      ; 1.288      ;
; 1.099  ; divisorfrec:U2|count1[19] ; divisorfrec:U2|count1[23] ; CLOCK_50            ; CLOCK_50    ; 0.000        ; 0.055      ; 1.298      ;
; 1.117  ; divisorfrec:U2|count1[15] ; divisorfrec:U2|count1[16] ; CLOCK_50            ; CLOCK_50    ; 0.000        ; 0.055      ; 1.316      ;
; 1.120  ; divisorfrec:U2|count1[11] ; divisorfrec:U2|count1[13] ; CLOCK_50            ; CLOCK_50    ; 0.000        ; 0.053      ; 1.317      ;
; 1.120  ; divisorfrec:U2|count1[18] ; divisorfrec:U2|count1[23] ; CLOCK_50            ; CLOCK_50    ; 0.000        ; 0.055      ; 1.319      ;
; 1.122  ; divisorfrec:U2|count1[2]  ; divisorfrec:U2|count1[6]  ; CLOCK_50            ; CLOCK_50    ; 0.000        ; 0.055      ; 1.321      ;
; 1.123  ; divisorfrec:U2|count1[7]  ; divisorfrec:U2|count1[15] ; CLOCK_50            ; CLOCK_50    ; 0.000        ; 0.053      ; 1.320      ;
; 1.123  ; divisorfrec:U2|count1[3]  ; divisorfrec:U2|count1[6]  ; CLOCK_50            ; CLOCK_50    ; 0.000        ; 0.055      ; 1.322      ;
; 1.129  ; divisorfrec:U2|count1[12] ; divisorfrec:U2|count1[17] ; CLOCK_50            ; CLOCK_50    ; 0.000        ; 0.055      ; 1.328      ;
; 1.129  ; divisorfrec:U2|count1[10] ; divisorfrec:U2|count1[13] ; CLOCK_50            ; CLOCK_50    ; 0.000        ; 0.053      ; 1.326      ;
; 1.131  ; divisorfrec:U2|count1[14] ; divisorfrec:U2|count1[14] ; CLOCK_50            ; CLOCK_50    ; 0.000        ; 0.054      ; 1.329      ;
; 1.131  ; divisorfrec:U2|count1[10] ; divisorfrec:U2|count1[11] ; CLOCK_50            ; CLOCK_50    ; 0.000        ; 0.055      ; 1.330      ;
+--------+---------------------------+---------------------------+---------------------+-------------+--------------+------------+------------+


+----------------------------------------------------------------------------------------------------------------------------------------------------------+
; Slow 1200mV 0C Model Hold: 'confirmar'                                                                                                                   ;
+-------+----------------------------------+----------------------------------+---------------------+-------------+--------------+------------+------------+
; Slack ; From Node                        ; To Node                          ; Launch Clock        ; Latch Clock ; Relationship ; Clock Skew ; Data Delay ;
+-------+----------------------------------+----------------------------------+---------------------+-------------+--------------+------------+------------+
; 0.333 ; contador_intentos:U5|cont_int[1] ; contador_intentos:U5|cont_int[1] ; confirmar           ; confirmar   ; 0.000        ; 0.034      ; 0.511      ;
; 0.738 ; contador_intentos:U5|cont_int[0] ; contador_intentos:U5|cont_int[0] ; confirmar           ; confirmar   ; 0.000        ; 0.061      ; 0.943      ;
; 0.790 ; contador_intentos:U5|cont_int[1] ; contador_intentos:U5|cont_int[0] ; confirmar           ; confirmar   ; 0.000        ; 0.062      ; 0.996      ;
; 0.839 ; contador_intentos:U5|cont_int[0] ; contador_intentos:U5|cont_int[1] ; confirmar           ; confirmar   ; 0.000        ; 0.061      ; 1.044      ;
; 1.572 ; shift_register:U1|D3[0]          ; contador_intentos:U5|cont_int[0] ; Clock_reg           ; confirmar   ; 0.000        ; 0.183      ; 1.929      ;
; 1.683 ; shift_register:U1|D3[2]          ; contador_intentos:U5|cont_int[0] ; Clock_reg           ; confirmar   ; 0.000        ; 0.166      ; 2.023      ;
; 1.688 ; shift_register:U1|D3[1]          ; contador_intentos:U5|cont_int[0] ; Clock_reg           ; confirmar   ; 0.000        ; 0.183      ; 2.045      ;
; 1.716 ; count18O:U3|CNT_int[7]           ; contador_intentos:U5|cont_int[1] ; divisorfrec:U2|clk1 ; confirmar   ; -0.500       ; -0.058     ; 1.332      ;
; 1.809 ; shift_register:U1|D3[0]          ; contador_intentos:U5|cont_int[1] ; Clock_reg           ; confirmar   ; 0.000        ; 0.183      ; 2.166      ;
; 1.811 ; shift_register:U1|D1[0]          ; contador_intentos:U5|cont_int[0] ; Clock_reg           ; confirmar   ; 0.000        ; 0.183      ; 2.168      ;
; 1.846 ; shift_register:U1|D0[1]          ; contador_intentos:U5|cont_int[0] ; Clock_reg           ; confirmar   ; 0.000        ; 0.183      ; 2.203      ;
; 1.871 ; shift_register:U1|D0[3]          ; contador_intentos:U5|cont_int[0] ; Clock_reg           ; confirmar   ; 0.000        ; 0.183      ; 2.228      ;
; 1.901 ; count18O:U3|CNT_int[7]           ; contador_intentos:U5|cont_int[0] ; divisorfrec:U2|clk1 ; confirmar   ; -0.500       ; -0.058     ; 1.517      ;
; 1.910 ; shift_register:U1|D0[0]          ; contador_intentos:U5|cont_int[0] ; Clock_reg           ; confirmar   ; 0.000        ; 0.183      ; 2.267      ;
; 1.918 ; shift_register:U1|D0[0]          ; contador_intentos:U5|cont_int[1] ; Clock_reg           ; confirmar   ; 0.000        ; 0.183      ; 2.275      ;
; 1.926 ; shift_register:U1|D2[1]          ; contador_intentos:U5|cont_int[0] ; Clock_reg           ; confirmar   ; 0.000        ; 0.183      ; 2.283      ;
; 1.930 ; shift_register:U1|D3[3]          ; contador_intentos:U5|cont_int[0] ; Clock_reg           ; confirmar   ; 0.000        ; 0.183      ; 2.287      ;
; 1.946 ; shift_register:U1|D3[1]          ; contador_intentos:U5|cont_int[1] ; Clock_reg           ; confirmar   ; 0.000        ; 0.183      ; 2.303      ;
; 1.955 ; shift_register:U1|D2[2]          ; contador_intentos:U5|cont_int[0] ; Clock_reg           ; confirmar   ; 0.000        ; 0.166      ; 2.295      ;
; 1.962 ; shift_register:U1|D3[2]          ; contador_intentos:U5|cont_int[1] ; Clock_reg           ; confirmar   ; 0.000        ; 0.166      ; 2.302      ;
; 2.020 ; shift_register:U1|D2[0]          ; contador_intentos:U5|cont_int[1] ; Clock_reg           ; confirmar   ; 0.000        ; 0.183      ; 2.377      ;
; 2.022 ; shift_register:U1|D2[3]          ; contador_intentos:U5|cont_int[0] ; Clock_reg           ; confirmar   ; 0.000        ; 0.183      ; 2.379      ;
; 2.024 ; shift_register:U1|D1[2]          ; contador_intentos:U5|cont_int[0] ; Clock_reg           ; confirmar   ; 0.000        ; 0.166      ; 2.364      ;
; 2.036 ; shift_register:U1|D2[0]          ; contador_intentos:U5|cont_int[0] ; Clock_reg           ; confirmar   ; 0.000        ; 0.183      ; 2.393      ;
; 2.092 ; shift_register:U1|D3[3]          ; contador_intentos:U5|cont_int[1] ; Clock_reg           ; confirmar   ; 0.000        ; 0.183      ; 2.449      ;
; 2.098 ; shift_register:U1|D1[0]          ; contador_intentos:U5|cont_int[1] ; Clock_reg           ; confirmar   ; 0.000        ; 0.183      ; 2.455      ;
; 2.098 ; shift_register:U1|D2[3]          ; contador_intentos:U5|cont_int[1] ; Clock_reg           ; confirmar   ; 0.000        ; 0.183      ; 2.455      ;
; 2.105 ; shift_register:U1|D2[2]          ; contador_intentos:U5|cont_int[1] ; Clock_reg           ; confirmar   ; 0.000        ; 0.166      ; 2.445      ;
; 2.112 ; shift_register:U1|D0[2]          ; contador_intentos:U5|cont_int[0] ; Clock_reg           ; confirmar   ; 0.000        ; 0.166      ; 2.452      ;
; 2.122 ; shift_register:U1|D0[1]          ; contador_intentos:U5|cont_int[1] ; Clock_reg           ; confirmar   ; 0.000        ; 0.183      ; 2.479      ;
; 2.157 ; shift_register:U1|D2[1]          ; contador_intentos:U5|cont_int[1] ; Clock_reg           ; confirmar   ; 0.000        ; 0.183      ; 2.514      ;
; 2.186 ; shift_register:U1|D0[3]          ; contador_intentos:U5|cont_int[1] ; Clock_reg           ; confirmar   ; 0.000        ; 0.183      ; 2.543      ;
; 2.230 ; shift_register:U1|D1[3]          ; contador_intentos:U5|cont_int[0] ; Clock_reg           ; confirmar   ; 0.000        ; 0.183      ; 2.587      ;
; 2.273 ; shift_register:U1|D1[2]          ; contador_intentos:U5|cont_int[1] ; Clock_reg           ; confirmar   ; 0.000        ; 0.166      ; 2.613      ;
; 2.311 ; shift_register:U1|D1[3]          ; contador_intentos:U5|cont_int[1] ; Clock_reg           ; confirmar   ; 0.000        ; 0.183      ; 2.668      ;
; 2.314 ; shift_register:U1|D0[2]          ; contador_intentos:U5|cont_int[1] ; Clock_reg           ; confirmar   ; 0.000        ; 0.166      ; 2.654      ;
; 2.332 ; shift_register:U1|D1[1]          ; contador_intentos:U5|cont_int[0] ; Clock_reg           ; confirmar   ; 0.000        ; 0.183      ; 2.689      ;
; 2.350 ; shift_register:U1|D1[1]          ; contador_intentos:U5|cont_int[1] ; Clock_reg           ; confirmar   ; 0.000        ; 0.183      ; 2.707      ;
; 2.526 ; count18O:U3|CNT_int[4]           ; contador_intentos:U5|cont_int[0] ; divisorfrec:U2|clk1 ; confirmar   ; -0.500       ; -0.058     ; 2.142      ;
; 2.590 ; count18O:U3|CNT_int[6]           ; contador_intentos:U5|cont_int[0] ; divisorfrec:U2|clk1 ; confirmar   ; -0.500       ; -0.058     ; 2.206      ;
; 2.603 ; count18O:U3|CNT_int[0]           ; contador_intentos:U5|cont_int[0] ; divisorfrec:U2|clk1 ; confirmar   ; -0.500       ; -0.058     ; 2.219      ;
; 2.605 ; count18O:U3|CNT_int[2]           ; contador_intentos:U5|cont_int[0] ; divisorfrec:U2|clk1 ; confirmar   ; -0.500       ; -0.058     ; 2.221      ;
; 2.705 ; count18O:U3|CNT_int[5]           ; contador_intentos:U5|cont_int[0] ; divisorfrec:U2|clk1 ; confirmar   ; -0.500       ; -0.058     ; 2.321      ;
; 2.716 ; count18O:U3|CNT_int[3]           ; contador_intentos:U5|cont_int[0] ; divisorfrec:U2|clk1 ; confirmar   ; -0.500       ; -0.058     ; 2.332      ;
; 2.824 ; count18O:U3|CNT_int[6]           ; contador_intentos:U5|cont_int[1] ; divisorfrec:U2|clk1 ; confirmar   ; -0.500       ; -0.058     ; 2.440      ;
; 2.839 ; count18O:U3|CNT_int[1]           ; contador_intentos:U5|cont_int[0] ; divisorfrec:U2|clk1 ; confirmar   ; -0.500       ; -0.058     ; 2.455      ;
; 2.841 ; count18O:U3|CNT_int[4]           ; contador_intentos:U5|cont_int[1] ; divisorfrec:U2|clk1 ; confirmar   ; -0.500       ; -0.058     ; 2.457      ;
; 2.916 ; count18O:U3|CNT_int[0]           ; contador_intentos:U5|cont_int[1] ; divisorfrec:U2|clk1 ; confirmar   ; -0.500       ; -0.058     ; 2.532      ;
; 2.920 ; count18O:U3|CNT_int[2]           ; contador_intentos:U5|cont_int[1] ; divisorfrec:U2|clk1 ; confirmar   ; -0.500       ; -0.058     ; 2.536      ;
; 2.986 ; count18O:U3|CNT_int[5]           ; contador_intentos:U5|cont_int[1] ; divisorfrec:U2|clk1 ; confirmar   ; -0.500       ; -0.058     ; 2.602      ;
; 3.031 ; count18O:U3|CNT_int[3]           ; contador_intentos:U5|cont_int[1] ; divisorfrec:U2|clk1 ; confirmar   ; -0.500       ; -0.058     ; 2.647      ;
; 3.139 ; count18O:U3|CNT_int[1]           ; contador_intentos:U5|cont_int[1] ; divisorfrec:U2|clk1 ; confirmar   ; -0.500       ; -0.058     ; 2.755      ;
+-------+----------------------------------+----------------------------------+---------------------+-------------+--------------+------------+------------+


+---------------------------------------------------------------------------------------------------------------------------------+
; Slow 1200mV 0C Model Hold: 'Clock_reg'                                                                                          ;
+-------+-------------------------+-------------------------+--------------+-------------+--------------+------------+------------+
; Slack ; From Node               ; To Node                 ; Launch Clock ; Latch Clock ; Relationship ; Clock Skew ; Data Delay ;
+-------+-------------------------+-------------------------+--------------+-------------+--------------+------------+------------+
; 0.361 ; shift_register:U1|D0[3] ; shift_register:U1|D1[3] ; Clock_reg    ; Clock_reg   ; 0.000        ; 0.040      ; 0.545      ;
; 0.383 ; shift_register:U1|D2[2] ; shift_register:U1|D3[2] ; Clock_reg    ; Clock_reg   ; 0.000        ; 0.041      ; 0.568      ;
; 0.383 ; shift_register:U1|D1[2] ; shift_register:U1|D2[2] ; Clock_reg    ; Clock_reg   ; 0.000        ; 0.041      ; 0.568      ;
; 0.488 ; shift_register:U1|D1[0] ; shift_register:U1|D2[0] ; Clock_reg    ; Clock_reg   ; 0.000        ; 0.040      ; 0.672      ;
; 0.503 ; shift_register:U1|D0[0] ; shift_register:U1|D1[0] ; Clock_reg    ; Clock_reg   ; 0.000        ; 0.040      ; 0.687      ;
; 0.507 ; shift_register:U1|D2[1] ; shift_register:U1|D3[1] ; Clock_reg    ; Clock_reg   ; 0.000        ; 0.040      ; 0.691      ;
; 0.510 ; shift_register:U1|D0[2] ; shift_register:U1|D1[2] ; Clock_reg    ; Clock_reg   ; 0.000        ; 0.041      ; 0.695      ;
; 0.511 ; shift_register:U1|D2[0] ; shift_register:U1|D3[0] ; Clock_reg    ; Clock_reg   ; 0.000        ; 0.040      ; 0.695      ;
; 0.516 ; shift_register:U1|D1[3] ; shift_register:U1|D2[3] ; Clock_reg    ; Clock_reg   ; 0.000        ; 0.040      ; 0.700      ;
; 0.587 ; shift_register:U1|D2[3] ; shift_register:U1|D3[3] ; Clock_reg    ; Clock_reg   ; 0.000        ; 0.040      ; 0.771      ;
; 0.629 ; shift_register:U1|D1[1] ; shift_register:U1|D2[1] ; Clock_reg    ; Clock_reg   ; 0.000        ; 0.040      ; 0.813      ;
; 0.855 ; shift_register:U1|D0[1] ; shift_register:U1|D1[1] ; Clock_reg    ; Clock_reg   ; 0.000        ; 0.040      ; 1.039      ;
+-------+-------------------------+-------------------------+--------------+-------------+--------------+------------+------------+


+--------------------------------------------------------------------------------------------------------------------+
; Slow 1200mV 0C Model Minimum Pulse Width: 'CLOCK_50'                                                               ;
+--------+--------------+----------------+------------------+----------+------------+--------------------------------+
; Slack  ; Actual Width ; Required Width ; Type             ; Clock    ; Clock Edge ; Target                         ;
+--------+--------------+----------------+------------------+----------+------------+--------------------------------+
; -3.000 ; 1.000        ; 4.000          ; Port Rate        ; CLOCK_50 ; Rise       ; CLOCK_50                       ;
; -1.000 ; 1.000        ; 2.000          ; Min Period       ; CLOCK_50 ; Rise       ; divisorfrec:U2|clk1            ;
; -1.000 ; 1.000        ; 2.000          ; Min Period       ; CLOCK_50 ; Rise       ; divisorfrec:U2|count1[0]       ;
; -1.000 ; 1.000        ; 2.000          ; Min Period       ; CLOCK_50 ; Rise       ; divisorfrec:U2|count1[10]      ;
; -1.000 ; 1.000        ; 2.000          ; Min Period       ; CLOCK_50 ; Rise       ; divisorfrec:U2|count1[11]      ;
; -1.000 ; 1.000        ; 2.000          ; Min Period       ; CLOCK_50 ; Rise       ; divisorfrec:U2|count1[12]      ;
; -1.000 ; 1.000        ; 2.000          ; Min Period       ; CLOCK_50 ; Rise       ; divisorfrec:U2|count1[13]      ;
; -1.000 ; 1.000        ; 2.000          ; Min Period       ; CLOCK_50 ; Rise       ; divisorfrec:U2|count1[14]      ;
; -1.000 ; 1.000        ; 2.000          ; Min Period       ; CLOCK_50 ; Rise       ; divisorfrec:U2|count1[15]      ;
; -1.000 ; 1.000        ; 2.000          ; Min Period       ; CLOCK_50 ; Rise       ; divisorfrec:U2|count1[16]      ;
; -1.000 ; 1.000        ; 2.000          ; Min Period       ; CLOCK_50 ; Rise       ; divisorfrec:U2|count1[17]      ;
; -1.000 ; 1.000        ; 2.000          ; Min Period       ; CLOCK_50 ; Rise       ; divisorfrec:U2|count1[18]      ;
; -1.000 ; 1.000        ; 2.000          ; Min Period       ; CLOCK_50 ; Rise       ; divisorfrec:U2|count1[19]      ;
; -1.000 ; 1.000        ; 2.000          ; Min Period       ; CLOCK_50 ; Rise       ; divisorfrec:U2|count1[1]       ;
; -1.000 ; 1.000        ; 2.000          ; Min Period       ; CLOCK_50 ; Rise       ; divisorfrec:U2|count1[20]      ;
; -1.000 ; 1.000        ; 2.000          ; Min Period       ; CLOCK_50 ; Rise       ; divisorfrec:U2|count1[21]      ;
; -1.000 ; 1.000        ; 2.000          ; Min Period       ; CLOCK_50 ; Rise       ; divisorfrec:U2|count1[22]      ;
; -1.000 ; 1.000        ; 2.000          ; Min Period       ; CLOCK_50 ; Rise       ; divisorfrec:U2|count1[23]      ;
; -1.000 ; 1.000        ; 2.000          ; Min Period       ; CLOCK_50 ; Rise       ; divisorfrec:U2|count1[24]      ;
; -1.000 ; 1.000        ; 2.000          ; Min Period       ; CLOCK_50 ; Rise       ; divisorfrec:U2|count1[2]       ;
; -1.000 ; 1.000        ; 2.000          ; Min Period       ; CLOCK_50 ; Rise       ; divisorfrec:U2|count1[3]       ;
; -1.000 ; 1.000        ; 2.000          ; Min Period       ; CLOCK_50 ; Rise       ; divisorfrec:U2|count1[4]       ;
; -1.000 ; 1.000        ; 2.000          ; Min Period       ; CLOCK_50 ; Rise       ; divisorfrec:U2|count1[5]       ;
; -1.000 ; 1.000        ; 2.000          ; Min Period       ; CLOCK_50 ; Rise       ; divisorfrec:U2|count1[6]       ;
; -1.000 ; 1.000        ; 2.000          ; Min Period       ; CLOCK_50 ; Rise       ; divisorfrec:U2|count1[7]       ;
; -1.000 ; 1.000        ; 2.000          ; Min Period       ; CLOCK_50 ; Rise       ; divisorfrec:U2|count1[8]       ;
; -1.000 ; 1.000        ; 2.000          ; Min Period       ; CLOCK_50 ; Rise       ; divisorfrec:U2|count1[9]       ;
; 0.184  ; 0.368        ; 0.184          ; Low Pulse Width  ; CLOCK_50 ; Rise       ; divisorfrec:U2|count1[0]       ;
; 0.184  ; 0.368        ; 0.184          ; Low Pulse Width  ; CLOCK_50 ; Rise       ; divisorfrec:U2|count1[10]      ;
; 0.184  ; 0.368        ; 0.184          ; Low Pulse Width  ; CLOCK_50 ; Rise       ; divisorfrec:U2|count1[11]      ;
; 0.184  ; 0.368        ; 0.184          ; Low Pulse Width  ; CLOCK_50 ; Rise       ; divisorfrec:U2|count1[13]      ;
; 0.184  ; 0.368        ; 0.184          ; Low Pulse Width  ; CLOCK_50 ; Rise       ; divisorfrec:U2|count1[15]      ;
; 0.184  ; 0.368        ; 0.184          ; Low Pulse Width  ; CLOCK_50 ; Rise       ; divisorfrec:U2|count1[16]      ;
; 0.184  ; 0.368        ; 0.184          ; Low Pulse Width  ; CLOCK_50 ; Rise       ; divisorfrec:U2|count1[17]      ;
; 0.184  ; 0.368        ; 0.184          ; Low Pulse Width  ; CLOCK_50 ; Rise       ; divisorfrec:U2|count1[1]       ;
; 0.184  ; 0.368        ; 0.184          ; Low Pulse Width  ; CLOCK_50 ; Rise       ; divisorfrec:U2|count1[21]      ;
; 0.184  ; 0.368        ; 0.184          ; Low Pulse Width  ; CLOCK_50 ; Rise       ; divisorfrec:U2|count1[23]      ;
; 0.184  ; 0.368        ; 0.184          ; Low Pulse Width  ; CLOCK_50 ; Rise       ; divisorfrec:U2|count1[2]       ;
; 0.184  ; 0.368        ; 0.184          ; Low Pulse Width  ; CLOCK_50 ; Rise       ; divisorfrec:U2|count1[3]       ;
; 0.184  ; 0.368        ; 0.184          ; Low Pulse Width  ; CLOCK_50 ; Rise       ; divisorfrec:U2|count1[4]       ;
; 0.184  ; 0.368        ; 0.184          ; Low Pulse Width  ; CLOCK_50 ; Rise       ; divisorfrec:U2|count1[5]       ;
; 0.184  ; 0.368        ; 0.184          ; Low Pulse Width  ; CLOCK_50 ; Rise       ; divisorfrec:U2|count1[6]       ;
; 0.184  ; 0.368        ; 0.184          ; Low Pulse Width  ; CLOCK_50 ; Rise       ; divisorfrec:U2|count1[7]       ;
; 0.184  ; 0.368        ; 0.184          ; Low Pulse Width  ; CLOCK_50 ; Rise       ; divisorfrec:U2|count1[8]       ;
; 0.184  ; 0.368        ; 0.184          ; Low Pulse Width  ; CLOCK_50 ; Rise       ; divisorfrec:U2|count1[9]       ;
; 0.185  ; 0.369        ; 0.184          ; Low Pulse Width  ; CLOCK_50 ; Rise       ; divisorfrec:U2|clk1            ;
; 0.185  ; 0.369        ; 0.184          ; Low Pulse Width  ; CLOCK_50 ; Rise       ; divisorfrec:U2|count1[12]      ;
; 0.185  ; 0.369        ; 0.184          ; Low Pulse Width  ; CLOCK_50 ; Rise       ; divisorfrec:U2|count1[14]      ;
; 0.185  ; 0.369        ; 0.184          ; Low Pulse Width  ; CLOCK_50 ; Rise       ; divisorfrec:U2|count1[18]      ;
; 0.185  ; 0.369        ; 0.184          ; Low Pulse Width  ; CLOCK_50 ; Rise       ; divisorfrec:U2|count1[19]      ;
; 0.185  ; 0.369        ; 0.184          ; Low Pulse Width  ; CLOCK_50 ; Rise       ; divisorfrec:U2|count1[20]      ;
; 0.185  ; 0.369        ; 0.184          ; Low Pulse Width  ; CLOCK_50 ; Rise       ; divisorfrec:U2|count1[22]      ;
; 0.185  ; 0.369        ; 0.184          ; Low Pulse Width  ; CLOCK_50 ; Rise       ; divisorfrec:U2|count1[24]      ;
; 0.339  ; 0.339        ; 0.000          ; Low Pulse Width  ; CLOCK_50 ; Rise       ; CLOCK_50~input|o               ;
; 0.344  ; 0.344        ; 0.000          ; Low Pulse Width  ; CLOCK_50 ; Rise       ; U2|count1[0]|clk               ;
; 0.344  ; 0.344        ; 0.000          ; Low Pulse Width  ; CLOCK_50 ; Rise       ; U2|count1[10]|clk              ;
; 0.344  ; 0.344        ; 0.000          ; Low Pulse Width  ; CLOCK_50 ; Rise       ; U2|count1[11]|clk              ;
; 0.344  ; 0.344        ; 0.000          ; Low Pulse Width  ; CLOCK_50 ; Rise       ; U2|count1[13]|clk              ;
; 0.344  ; 0.344        ; 0.000          ; Low Pulse Width  ; CLOCK_50 ; Rise       ; U2|count1[15]|clk              ;
; 0.344  ; 0.344        ; 0.000          ; Low Pulse Width  ; CLOCK_50 ; Rise       ; U2|count1[16]|clk              ;
; 0.344  ; 0.344        ; 0.000          ; Low Pulse Width  ; CLOCK_50 ; Rise       ; U2|count1[17]|clk              ;
; 0.344  ; 0.344        ; 0.000          ; Low Pulse Width  ; CLOCK_50 ; Rise       ; U2|count1[1]|clk               ;
; 0.344  ; 0.344        ; 0.000          ; Low Pulse Width  ; CLOCK_50 ; Rise       ; U2|count1[21]|clk              ;
; 0.344  ; 0.344        ; 0.000          ; Low Pulse Width  ; CLOCK_50 ; Rise       ; U2|count1[23]|clk              ;
; 0.344  ; 0.344        ; 0.000          ; Low Pulse Width  ; CLOCK_50 ; Rise       ; U2|count1[2]|clk               ;
; 0.344  ; 0.344        ; 0.000          ; Low Pulse Width  ; CLOCK_50 ; Rise       ; U2|count1[3]|clk               ;
; 0.344  ; 0.344        ; 0.000          ; Low Pulse Width  ; CLOCK_50 ; Rise       ; U2|count1[4]|clk               ;
; 0.344  ; 0.344        ; 0.000          ; Low Pulse Width  ; CLOCK_50 ; Rise       ; U2|count1[5]|clk               ;
; 0.344  ; 0.344        ; 0.000          ; Low Pulse Width  ; CLOCK_50 ; Rise       ; U2|count1[6]|clk               ;
; 0.344  ; 0.344        ; 0.000          ; Low Pulse Width  ; CLOCK_50 ; Rise       ; U2|count1[7]|clk               ;
; 0.344  ; 0.344        ; 0.000          ; Low Pulse Width  ; CLOCK_50 ; Rise       ; U2|count1[8]|clk               ;
; 0.344  ; 0.344        ; 0.000          ; Low Pulse Width  ; CLOCK_50 ; Rise       ; U2|count1[9]|clk               ;
; 0.345  ; 0.345        ; 0.000          ; Low Pulse Width  ; CLOCK_50 ; Rise       ; U2|clk1|clk                    ;
; 0.345  ; 0.345        ; 0.000          ; Low Pulse Width  ; CLOCK_50 ; Rise       ; U2|count1[12]|clk              ;
; 0.345  ; 0.345        ; 0.000          ; Low Pulse Width  ; CLOCK_50 ; Rise       ; U2|count1[14]|clk              ;
; 0.345  ; 0.345        ; 0.000          ; Low Pulse Width  ; CLOCK_50 ; Rise       ; U2|count1[18]|clk              ;
; 0.345  ; 0.345        ; 0.000          ; Low Pulse Width  ; CLOCK_50 ; Rise       ; U2|count1[19]|clk              ;
; 0.345  ; 0.345        ; 0.000          ; Low Pulse Width  ; CLOCK_50 ; Rise       ; U2|count1[20]|clk              ;
; 0.345  ; 0.345        ; 0.000          ; Low Pulse Width  ; CLOCK_50 ; Rise       ; U2|count1[22]|clk              ;
; 0.345  ; 0.345        ; 0.000          ; Low Pulse Width  ; CLOCK_50 ; Rise       ; U2|count1[24]|clk              ;
; 0.348  ; 0.348        ; 0.000          ; Low Pulse Width  ; CLOCK_50 ; Rise       ; CLOCK_50~inputclkctrl|inclk[0] ;
; 0.348  ; 0.348        ; 0.000          ; Low Pulse Width  ; CLOCK_50 ; Rise       ; CLOCK_50~inputclkctrl|outclk   ;
; 0.415  ; 0.631        ; 0.216          ; High Pulse Width ; CLOCK_50 ; Rise       ; divisorfrec:U2|clk1            ;
; 0.415  ; 0.631        ; 0.216          ; High Pulse Width ; CLOCK_50 ; Rise       ; divisorfrec:U2|count1[0]       ;
; 0.415  ; 0.631        ; 0.216          ; High Pulse Width ; CLOCK_50 ; Rise       ; divisorfrec:U2|count1[10]      ;
; 0.415  ; 0.631        ; 0.216          ; High Pulse Width ; CLOCK_50 ; Rise       ; divisorfrec:U2|count1[11]      ;
; 0.415  ; 0.631        ; 0.216          ; High Pulse Width ; CLOCK_50 ; Rise       ; divisorfrec:U2|count1[12]      ;
; 0.415  ; 0.631        ; 0.216          ; High Pulse Width ; CLOCK_50 ; Rise       ; divisorfrec:U2|count1[13]      ;
; 0.415  ; 0.631        ; 0.216          ; High Pulse Width ; CLOCK_50 ; Rise       ; divisorfrec:U2|count1[14]      ;
; 0.415  ; 0.631        ; 0.216          ; High Pulse Width ; CLOCK_50 ; Rise       ; divisorfrec:U2|count1[15]      ;
; 0.415  ; 0.631        ; 0.216          ; High Pulse Width ; CLOCK_50 ; Rise       ; divisorfrec:U2|count1[16]      ;
; 0.415  ; 0.631        ; 0.216          ; High Pulse Width ; CLOCK_50 ; Rise       ; divisorfrec:U2|count1[17]      ;
; 0.415  ; 0.631        ; 0.216          ; High Pulse Width ; CLOCK_50 ; Rise       ; divisorfrec:U2|count1[18]      ;
; 0.415  ; 0.631        ; 0.216          ; High Pulse Width ; CLOCK_50 ; Rise       ; divisorfrec:U2|count1[19]      ;
; 0.415  ; 0.631        ; 0.216          ; High Pulse Width ; CLOCK_50 ; Rise       ; divisorfrec:U2|count1[1]       ;
; 0.415  ; 0.631        ; 0.216          ; High Pulse Width ; CLOCK_50 ; Rise       ; divisorfrec:U2|count1[20]      ;
; 0.415  ; 0.631        ; 0.216          ; High Pulse Width ; CLOCK_50 ; Rise       ; divisorfrec:U2|count1[21]      ;
; 0.415  ; 0.631        ; 0.216          ; High Pulse Width ; CLOCK_50 ; Rise       ; divisorfrec:U2|count1[22]      ;
; 0.415  ; 0.631        ; 0.216          ; High Pulse Width ; CLOCK_50 ; Rise       ; divisorfrec:U2|count1[23]      ;
; 0.415  ; 0.631        ; 0.216          ; High Pulse Width ; CLOCK_50 ; Rise       ; divisorfrec:U2|count1[24]      ;
+--------+--------------+----------------+------------------+----------+------------+--------------------------------+


+--------------------------------------------------------------------------------------------------------------+
; Slow 1200mV 0C Model Minimum Pulse Width: 'Clock_reg'                                                        ;
+--------+--------------+----------------+------------------+-----------+------------+-------------------------+
; Slack  ; Actual Width ; Required Width ; Type             ; Clock     ; Clock Edge ; Target                  ;
+--------+--------------+----------------+------------------+-----------+------------+-------------------------+
; -3.000 ; 1.000        ; 4.000          ; Port Rate        ; Clock_reg ; Rise       ; Clock_reg               ;
; -1.000 ; 1.000        ; 2.000          ; Min Period       ; Clock_reg ; Fall       ; shift_register:U1|D0[0] ;
; -1.000 ; 1.000        ; 2.000          ; Min Period       ; Clock_reg ; Fall       ; shift_register:U1|D0[1] ;
; -1.000 ; 1.000        ; 2.000          ; Min Period       ; Clock_reg ; Fall       ; shift_register:U1|D0[2] ;
; -1.000 ; 1.000        ; 2.000          ; Min Period       ; Clock_reg ; Fall       ; shift_register:U1|D0[3] ;
; -1.000 ; 1.000        ; 2.000          ; Min Period       ; Clock_reg ; Fall       ; shift_register:U1|D1[0] ;
; -1.000 ; 1.000        ; 2.000          ; Min Period       ; Clock_reg ; Fall       ; shift_register:U1|D1[1] ;
; -1.000 ; 1.000        ; 2.000          ; Min Period       ; Clock_reg ; Fall       ; shift_register:U1|D1[2] ;
; -1.000 ; 1.000        ; 2.000          ; Min Period       ; Clock_reg ; Fall       ; shift_register:U1|D1[3] ;
; -1.000 ; 1.000        ; 2.000          ; Min Period       ; Clock_reg ; Fall       ; shift_register:U1|D2[0] ;
; -1.000 ; 1.000        ; 2.000          ; Min Period       ; Clock_reg ; Fall       ; shift_register:U1|D2[1] ;
; -1.000 ; 1.000        ; 2.000          ; Min Period       ; Clock_reg ; Fall       ; shift_register:U1|D2[2] ;
; -1.000 ; 1.000        ; 2.000          ; Min Period       ; Clock_reg ; Fall       ; shift_register:U1|D2[3] ;
; -1.000 ; 1.000        ; 2.000          ; Min Period       ; Clock_reg ; Fall       ; shift_register:U1|D3[0] ;
; -1.000 ; 1.000        ; 2.000          ; Min Period       ; Clock_reg ; Fall       ; shift_register:U1|D3[1] ;
; -1.000 ; 1.000        ; 2.000          ; Min Period       ; Clock_reg ; Fall       ; shift_register:U1|D3[2] ;
; -1.000 ; 1.000        ; 2.000          ; Min Period       ; Clock_reg ; Fall       ; shift_register:U1|D3[3] ;
; 0.147  ; 0.363        ; 0.216          ; High Pulse Width ; Clock_reg ; Fall       ; shift_register:U1|D0[2] ;
; 0.147  ; 0.363        ; 0.216          ; High Pulse Width ; Clock_reg ; Fall       ; shift_register:U1|D1[2] ;
; 0.147  ; 0.363        ; 0.216          ; High Pulse Width ; Clock_reg ; Fall       ; shift_register:U1|D2[2] ;
; 0.147  ; 0.363        ; 0.216          ; High Pulse Width ; Clock_reg ; Fall       ; shift_register:U1|D3[2] ;
; 0.162  ; 0.378        ; 0.216          ; High Pulse Width ; Clock_reg ; Fall       ; shift_register:U1|D0[0] ;
; 0.162  ; 0.378        ; 0.216          ; High Pulse Width ; Clock_reg ; Fall       ; shift_register:U1|D0[1] ;
; 0.162  ; 0.378        ; 0.216          ; High Pulse Width ; Clock_reg ; Fall       ; shift_register:U1|D0[3] ;
; 0.162  ; 0.378        ; 0.216          ; High Pulse Width ; Clock_reg ; Fall       ; shift_register:U1|D1[0] ;
; 0.162  ; 0.378        ; 0.216          ; High Pulse Width ; Clock_reg ; Fall       ; shift_register:U1|D1[1] ;
; 0.162  ; 0.378        ; 0.216          ; High Pulse Width ; Clock_reg ; Fall       ; shift_register:U1|D1[3] ;
; 0.162  ; 0.378        ; 0.216          ; High Pulse Width ; Clock_reg ; Fall       ; shift_register:U1|D2[0] ;
; 0.162  ; 0.378        ; 0.216          ; High Pulse Width ; Clock_reg ; Fall       ; shift_register:U1|D2[1] ;
; 0.162  ; 0.378        ; 0.216          ; High Pulse Width ; Clock_reg ; Fall       ; shift_register:U1|D2[3] ;
; 0.162  ; 0.378        ; 0.216          ; High Pulse Width ; Clock_reg ; Fall       ; shift_register:U1|D3[0] ;
; 0.162  ; 0.378        ; 0.216          ; High Pulse Width ; Clock_reg ; Fall       ; shift_register:U1|D3[1] ;
; 0.162  ; 0.378        ; 0.216          ; High Pulse Width ; Clock_reg ; Fall       ; shift_register:U1|D3[3] ;
; 0.339  ; 0.339        ; 0.000          ; Low Pulse Width  ; Clock_reg ; Rise       ; Clock_reg~input|o       ;
; 0.349  ; 0.349        ; 0.000          ; Low Pulse Width  ; Clock_reg ; Rise       ; U1|D0[2]|clk            ;
; 0.349  ; 0.349        ; 0.000          ; Low Pulse Width  ; Clock_reg ; Rise       ; U1|D1[2]|clk            ;
; 0.349  ; 0.349        ; 0.000          ; Low Pulse Width  ; Clock_reg ; Rise       ; U1|D2[2]|clk            ;
; 0.349  ; 0.349        ; 0.000          ; Low Pulse Width  ; Clock_reg ; Rise       ; U1|D3[2]|clk            ;
; 0.364  ; 0.364        ; 0.000          ; Low Pulse Width  ; Clock_reg ; Rise       ; U1|D0[0]|clk            ;
; 0.364  ; 0.364        ; 0.000          ; Low Pulse Width  ; Clock_reg ; Rise       ; U1|D0[1]|clk            ;
; 0.364  ; 0.364        ; 0.000          ; Low Pulse Width  ; Clock_reg ; Rise       ; U1|D0[3]|clk            ;
; 0.364  ; 0.364        ; 0.000          ; Low Pulse Width  ; Clock_reg ; Rise       ; U1|D1[0]|clk            ;
; 0.364  ; 0.364        ; 0.000          ; Low Pulse Width  ; Clock_reg ; Rise       ; U1|D1[1]|clk            ;
; 0.364  ; 0.364        ; 0.000          ; Low Pulse Width  ; Clock_reg ; Rise       ; U1|D1[3]|clk            ;
; 0.364  ; 0.364        ; 0.000          ; Low Pulse Width  ; Clock_reg ; Rise       ; U1|D2[0]|clk            ;
; 0.364  ; 0.364        ; 0.000          ; Low Pulse Width  ; Clock_reg ; Rise       ; U1|D2[1]|clk            ;
; 0.364  ; 0.364        ; 0.000          ; Low Pulse Width  ; Clock_reg ; Rise       ; U1|D2[3]|clk            ;
; 0.364  ; 0.364        ; 0.000          ; Low Pulse Width  ; Clock_reg ; Rise       ; U1|D3[0]|clk            ;
; 0.364  ; 0.364        ; 0.000          ; Low Pulse Width  ; Clock_reg ; Rise       ; U1|D3[1]|clk            ;
; 0.364  ; 0.364        ; 0.000          ; Low Pulse Width  ; Clock_reg ; Rise       ; U1|D3[3]|clk            ;
; 0.435  ; 0.619        ; 0.184          ; Low Pulse Width  ; Clock_reg ; Fall       ; shift_register:U1|D0[0] ;
; 0.435  ; 0.619        ; 0.184          ; Low Pulse Width  ; Clock_reg ; Fall       ; shift_register:U1|D0[1] ;
; 0.435  ; 0.619        ; 0.184          ; Low Pulse Width  ; Clock_reg ; Fall       ; shift_register:U1|D0[3] ;
; 0.435  ; 0.619        ; 0.184          ; Low Pulse Width  ; Clock_reg ; Fall       ; shift_register:U1|D1[0] ;
; 0.435  ; 0.619        ; 0.184          ; Low Pulse Width  ; Clock_reg ; Fall       ; shift_register:U1|D1[1] ;
; 0.435  ; 0.619        ; 0.184          ; Low Pulse Width  ; Clock_reg ; Fall       ; shift_register:U1|D1[3] ;
; 0.435  ; 0.619        ; 0.184          ; Low Pulse Width  ; Clock_reg ; Fall       ; shift_register:U1|D2[0] ;
; 0.435  ; 0.619        ; 0.184          ; Low Pulse Width  ; Clock_reg ; Fall       ; shift_register:U1|D2[1] ;
; 0.435  ; 0.619        ; 0.184          ; Low Pulse Width  ; Clock_reg ; Fall       ; shift_register:U1|D2[3] ;
; 0.435  ; 0.619        ; 0.184          ; Low Pulse Width  ; Clock_reg ; Fall       ; shift_register:U1|D3[0] ;
; 0.435  ; 0.619        ; 0.184          ; Low Pulse Width  ; Clock_reg ; Fall       ; shift_register:U1|D3[1] ;
; 0.435  ; 0.619        ; 0.184          ; Low Pulse Width  ; Clock_reg ; Fall       ; shift_register:U1|D3[3] ;
; 0.452  ; 0.636        ; 0.184          ; Low Pulse Width  ; Clock_reg ; Fall       ; shift_register:U1|D0[2] ;
; 0.452  ; 0.636        ; 0.184          ; Low Pulse Width  ; Clock_reg ; Fall       ; shift_register:U1|D1[2] ;
; 0.452  ; 0.636        ; 0.184          ; Low Pulse Width  ; Clock_reg ; Fall       ; shift_register:U1|D2[2] ;
; 0.452  ; 0.636        ; 0.184          ; Low Pulse Width  ; Clock_reg ; Fall       ; shift_register:U1|D3[2] ;
; 0.500  ; 0.500        ; 0.000          ; High Pulse Width ; Clock_reg ; Rise       ; Clock_reg~input|i       ;
; 0.500  ; 0.500        ; 0.000          ; Low Pulse Width  ; Clock_reg ; Rise       ; Clock_reg~input|i       ;
; 0.634  ; 0.634        ; 0.000          ; High Pulse Width ; Clock_reg ; Rise       ; U1|D0[0]|clk            ;
; 0.634  ; 0.634        ; 0.000          ; High Pulse Width ; Clock_reg ; Rise       ; U1|D0[1]|clk            ;
; 0.634  ; 0.634        ; 0.000          ; High Pulse Width ; Clock_reg ; Rise       ; U1|D0[3]|clk            ;
; 0.634  ; 0.634        ; 0.000          ; High Pulse Width ; Clock_reg ; Rise       ; U1|D1[0]|clk            ;
; 0.634  ; 0.634        ; 0.000          ; High Pulse Width ; Clock_reg ; Rise       ; U1|D1[1]|clk            ;
; 0.634  ; 0.634        ; 0.000          ; High Pulse Width ; Clock_reg ; Rise       ; U1|D1[3]|clk            ;
; 0.634  ; 0.634        ; 0.000          ; High Pulse Width ; Clock_reg ; Rise       ; U1|D2[0]|clk            ;
; 0.634  ; 0.634        ; 0.000          ; High Pulse Width ; Clock_reg ; Rise       ; U1|D2[1]|clk            ;
; 0.634  ; 0.634        ; 0.000          ; High Pulse Width ; Clock_reg ; Rise       ; U1|D2[3]|clk            ;
; 0.634  ; 0.634        ; 0.000          ; High Pulse Width ; Clock_reg ; Rise       ; U1|D3[0]|clk            ;
; 0.634  ; 0.634        ; 0.000          ; High Pulse Width ; Clock_reg ; Rise       ; U1|D3[1]|clk            ;
; 0.634  ; 0.634        ; 0.000          ; High Pulse Width ; Clock_reg ; Rise       ; U1|D3[3]|clk            ;
; 0.651  ; 0.651        ; 0.000          ; High Pulse Width ; Clock_reg ; Rise       ; U1|D0[2]|clk            ;
; 0.651  ; 0.651        ; 0.000          ; High Pulse Width ; Clock_reg ; Rise       ; U1|D1[2]|clk            ;
; 0.651  ; 0.651        ; 0.000          ; High Pulse Width ; Clock_reg ; Rise       ; U1|D2[2]|clk            ;
; 0.651  ; 0.651        ; 0.000          ; High Pulse Width ; Clock_reg ; Rise       ; U1|D3[2]|clk            ;
; 0.661  ; 0.661        ; 0.000          ; High Pulse Width ; Clock_reg ; Rise       ; Clock_reg~input|o       ;
+--------+--------------+----------------+------------------+-----------+------------+-------------------------+


+-----------------------------------------------------------------------------------------------------------------------+
; Slow 1200mV 0C Model Minimum Pulse Width: 'confirmar'                                                                 ;
+--------+--------------+----------------+------------------+-----------+------------+----------------------------------+
; Slack  ; Actual Width ; Required Width ; Type             ; Clock     ; Clock Edge ; Target                           ;
+--------+--------------+----------------+------------------+-----------+------------+----------------------------------+
; -3.000 ; 1.000        ; 4.000          ; Port Rate        ; confirmar ; Rise       ; confirmar                        ;
; -1.000 ; 1.000        ; 2.000          ; Min Period       ; confirmar ; Fall       ; contador_intentos:U5|cont_int[0] ;
; -1.000 ; 1.000        ; 2.000          ; Min Period       ; confirmar ; Fall       ; contador_intentos:U5|cont_int[1] ;
; 0.137  ; 0.353        ; 0.216          ; High Pulse Width ; confirmar ; Fall       ; contador_intentos:U5|cont_int[0] ;
; 0.140  ; 0.356        ; 0.216          ; High Pulse Width ; confirmar ; Fall       ; contador_intentos:U5|cont_int[1] ;
; 0.339  ; 0.339        ; 0.000          ; Low Pulse Width  ; confirmar ; Rise       ; U5|cont_int[0]|clk               ;
; 0.339  ; 0.339        ; 0.000          ; Low Pulse Width  ; confirmar ; Rise       ; confirmar~input|o                ;
; 0.342  ; 0.342        ; 0.000          ; Low Pulse Width  ; confirmar ; Rise       ; U5|cont_int[1]|clk               ;
; 0.459  ; 0.643        ; 0.184          ; Low Pulse Width  ; confirmar ; Fall       ; contador_intentos:U5|cont_int[1] ;
; 0.461  ; 0.645        ; 0.184          ; Low Pulse Width  ; confirmar ; Fall       ; contador_intentos:U5|cont_int[0] ;
; 0.500  ; 0.500        ; 0.000          ; High Pulse Width ; confirmar ; Rise       ; confirmar~input|i                ;
; 0.500  ; 0.500        ; 0.000          ; Low Pulse Width  ; confirmar ; Rise       ; confirmar~input|i                ;
; 0.658  ; 0.658        ; 0.000          ; High Pulse Width ; confirmar ; Rise       ; U5|cont_int[1]|clk               ;
; 0.660  ; 0.660        ; 0.000          ; High Pulse Width ; confirmar ; Rise       ; U5|cont_int[0]|clk               ;
; 0.661  ; 0.661        ; 0.000          ; High Pulse Width ; confirmar ; Rise       ; confirmar~input|o                ;
+--------+--------------+----------------+------------------+-----------+------------+----------------------------------+


+---------------------------------------------------------------------------------------------------------------------------------+
; Slow 1200mV 0C Model Minimum Pulse Width: 'divisorfrec:U2|clk1'                                                                 ;
+--------+--------------+----------------+------------------+---------------------+------------+----------------------------------+
; Slack  ; Actual Width ; Required Width ; Type             ; Clock               ; Clock Edge ; Target                           ;
+--------+--------------+----------------+------------------+---------------------+------------+----------------------------------+
; -1.000 ; 1.000        ; 2.000          ; Min Period       ; divisorfrec:U2|clk1 ; Rise       ; count18O:U3|CNT_int[0]           ;
; -1.000 ; 1.000        ; 2.000          ; Min Period       ; divisorfrec:U2|clk1 ; Rise       ; count18O:U3|CNT_int[1]           ;
; -1.000 ; 1.000        ; 2.000          ; Min Period       ; divisorfrec:U2|clk1 ; Rise       ; count18O:U3|CNT_int[2]           ;
; -1.000 ; 1.000        ; 2.000          ; Min Period       ; divisorfrec:U2|clk1 ; Rise       ; count18O:U3|CNT_int[3]           ;
; -1.000 ; 1.000        ; 2.000          ; Min Period       ; divisorfrec:U2|clk1 ; Rise       ; count18O:U3|CNT_int[4]           ;
; -1.000 ; 1.000        ; 2.000          ; Min Period       ; divisorfrec:U2|clk1 ; Rise       ; count18O:U3|CNT_int[5]           ;
; -1.000 ; 1.000        ; 2.000          ; Min Period       ; divisorfrec:U2|clk1 ; Rise       ; count18O:U3|CNT_int[6]           ;
; -1.000 ; 1.000        ; 2.000          ; Min Period       ; divisorfrec:U2|clk1 ; Rise       ; count18O:U3|CNT_int[7]           ;
; -1.000 ; 1.000        ; 2.000          ; Min Period       ; divisorfrec:U2|clk1 ; Rise       ; temporizador_open:U6|contador[0] ;
; -1.000 ; 1.000        ; 2.000          ; Min Period       ; divisorfrec:U2|clk1 ; Rise       ; temporizador_open:U6|contador[1] ;
; -1.000 ; 1.000        ; 2.000          ; Min Period       ; divisorfrec:U2|clk1 ; Rise       ; temporizador_open:U6|contador[2] ;
; -1.000 ; 1.000        ; 2.000          ; Min Period       ; divisorfrec:U2|clk1 ; Rise       ; temporizador_open:U6|contando    ;
; 0.246  ; 0.430        ; 0.184          ; Low Pulse Width  ; divisorfrec:U2|clk1 ; Rise       ; count18O:U3|CNT_int[0]           ;
; 0.246  ; 0.430        ; 0.184          ; Low Pulse Width  ; divisorfrec:U2|clk1 ; Rise       ; count18O:U3|CNT_int[1]           ;
; 0.246  ; 0.430        ; 0.184          ; Low Pulse Width  ; divisorfrec:U2|clk1 ; Rise       ; count18O:U3|CNT_int[2]           ;
; 0.246  ; 0.430        ; 0.184          ; Low Pulse Width  ; divisorfrec:U2|clk1 ; Rise       ; count18O:U3|CNT_int[3]           ;
; 0.246  ; 0.430        ; 0.184          ; Low Pulse Width  ; divisorfrec:U2|clk1 ; Rise       ; count18O:U3|CNT_int[4]           ;
; 0.246  ; 0.430        ; 0.184          ; Low Pulse Width  ; divisorfrec:U2|clk1 ; Rise       ; count18O:U3|CNT_int[5]           ;
; 0.246  ; 0.430        ; 0.184          ; Low Pulse Width  ; divisorfrec:U2|clk1 ; Rise       ; count18O:U3|CNT_int[6]           ;
; 0.246  ; 0.430        ; 0.184          ; Low Pulse Width  ; divisorfrec:U2|clk1 ; Rise       ; count18O:U3|CNT_int[7]           ;
; 0.246  ; 0.430        ; 0.184          ; Low Pulse Width  ; divisorfrec:U2|clk1 ; Rise       ; temporizador_open:U6|contador[0] ;
; 0.246  ; 0.430        ; 0.184          ; Low Pulse Width  ; divisorfrec:U2|clk1 ; Rise       ; temporizador_open:U6|contador[1] ;
; 0.246  ; 0.430        ; 0.184          ; Low Pulse Width  ; divisorfrec:U2|clk1 ; Rise       ; temporizador_open:U6|contador[2] ;
; 0.246  ; 0.430        ; 0.184          ; Low Pulse Width  ; divisorfrec:U2|clk1 ; Rise       ; temporizador_open:U6|contando    ;
; 0.349  ; 0.565        ; 0.216          ; High Pulse Width ; divisorfrec:U2|clk1 ; Rise       ; count18O:U3|CNT_int[7]           ;
; 0.349  ; 0.565        ; 0.216          ; High Pulse Width ; divisorfrec:U2|clk1 ; Rise       ; temporizador_open:U6|contador[0] ;
; 0.349  ; 0.565        ; 0.216          ; High Pulse Width ; divisorfrec:U2|clk1 ; Rise       ; temporizador_open:U6|contador[1] ;
; 0.349  ; 0.565        ; 0.216          ; High Pulse Width ; divisorfrec:U2|clk1 ; Rise       ; temporizador_open:U6|contador[2] ;
; 0.349  ; 0.565        ; 0.216          ; High Pulse Width ; divisorfrec:U2|clk1 ; Rise       ; temporizador_open:U6|contando    ;
; 0.350  ; 0.566        ; 0.216          ; High Pulse Width ; divisorfrec:U2|clk1 ; Rise       ; count18O:U3|CNT_int[0]           ;
; 0.350  ; 0.566        ; 0.216          ; High Pulse Width ; divisorfrec:U2|clk1 ; Rise       ; count18O:U3|CNT_int[1]           ;
; 0.350  ; 0.566        ; 0.216          ; High Pulse Width ; divisorfrec:U2|clk1 ; Rise       ; count18O:U3|CNT_int[2]           ;
; 0.350  ; 0.566        ; 0.216          ; High Pulse Width ; divisorfrec:U2|clk1 ; Rise       ; count18O:U3|CNT_int[3]           ;
; 0.350  ; 0.566        ; 0.216          ; High Pulse Width ; divisorfrec:U2|clk1 ; Rise       ; count18O:U3|CNT_int[4]           ;
; 0.350  ; 0.566        ; 0.216          ; High Pulse Width ; divisorfrec:U2|clk1 ; Rise       ; count18O:U3|CNT_int[5]           ;
; 0.350  ; 0.566        ; 0.216          ; High Pulse Width ; divisorfrec:U2|clk1 ; Rise       ; count18O:U3|CNT_int[6]           ;
; 0.406  ; 0.406        ; 0.000          ; Low Pulse Width  ; divisorfrec:U2|clk1 ; Rise       ; U3|CNT_int[0]|clk                ;
; 0.406  ; 0.406        ; 0.000          ; Low Pulse Width  ; divisorfrec:U2|clk1 ; Rise       ; U3|CNT_int[1]|clk                ;
; 0.406  ; 0.406        ; 0.000          ; Low Pulse Width  ; divisorfrec:U2|clk1 ; Rise       ; U3|CNT_int[2]|clk                ;
; 0.406  ; 0.406        ; 0.000          ; Low Pulse Width  ; divisorfrec:U2|clk1 ; Rise       ; U3|CNT_int[3]|clk                ;
; 0.406  ; 0.406        ; 0.000          ; Low Pulse Width  ; divisorfrec:U2|clk1 ; Rise       ; U3|CNT_int[4]|clk                ;
; 0.406  ; 0.406        ; 0.000          ; Low Pulse Width  ; divisorfrec:U2|clk1 ; Rise       ; U3|CNT_int[5]|clk                ;
; 0.406  ; 0.406        ; 0.000          ; Low Pulse Width  ; divisorfrec:U2|clk1 ; Rise       ; U3|CNT_int[6]|clk                ;
; 0.406  ; 0.406        ; 0.000          ; Low Pulse Width  ; divisorfrec:U2|clk1 ; Rise       ; U3|CNT_int[7]|clk                ;
; 0.406  ; 0.406        ; 0.000          ; Low Pulse Width  ; divisorfrec:U2|clk1 ; Rise       ; U6|contador[0]|clk               ;
; 0.406  ; 0.406        ; 0.000          ; Low Pulse Width  ; divisorfrec:U2|clk1 ; Rise       ; U6|contador[1]|clk               ;
; 0.406  ; 0.406        ; 0.000          ; Low Pulse Width  ; divisorfrec:U2|clk1 ; Rise       ; U6|contador[2]|clk               ;
; 0.406  ; 0.406        ; 0.000          ; Low Pulse Width  ; divisorfrec:U2|clk1 ; Rise       ; U6|contando|clk                  ;
; 0.412  ; 0.412        ; 0.000          ; Low Pulse Width  ; divisorfrec:U2|clk1 ; Rise       ; U2|clk1~clkctrl|inclk[0]         ;
; 0.412  ; 0.412        ; 0.000          ; Low Pulse Width  ; divisorfrec:U2|clk1 ; Rise       ; U2|clk1~clkctrl|outclk           ;
; 0.500  ; 0.500        ; 0.000          ; High Pulse Width ; divisorfrec:U2|clk1 ; Rise       ; U2|clk1|q                        ;
; 0.500  ; 0.500        ; 0.000          ; Low Pulse Width  ; divisorfrec:U2|clk1 ; Rise       ; U2|clk1|q                        ;
; 0.584  ; 0.584        ; 0.000          ; High Pulse Width ; divisorfrec:U2|clk1 ; Rise       ; U2|clk1~clkctrl|inclk[0]         ;
; 0.584  ; 0.584        ; 0.000          ; High Pulse Width ; divisorfrec:U2|clk1 ; Rise       ; U2|clk1~clkctrl|outclk           ;
; 0.589  ; 0.589        ; 0.000          ; High Pulse Width ; divisorfrec:U2|clk1 ; Rise       ; U3|CNT_int[7]|clk                ;
; 0.589  ; 0.589        ; 0.000          ; High Pulse Width ; divisorfrec:U2|clk1 ; Rise       ; U6|contador[0]|clk               ;
; 0.589  ; 0.589        ; 0.000          ; High Pulse Width ; divisorfrec:U2|clk1 ; Rise       ; U6|contador[1]|clk               ;
; 0.589  ; 0.589        ; 0.000          ; High Pulse Width ; divisorfrec:U2|clk1 ; Rise       ; U6|contador[2]|clk               ;
; 0.589  ; 0.589        ; 0.000          ; High Pulse Width ; divisorfrec:U2|clk1 ; Rise       ; U6|contando|clk                  ;
; 0.590  ; 0.590        ; 0.000          ; High Pulse Width ; divisorfrec:U2|clk1 ; Rise       ; U3|CNT_int[0]|clk                ;
; 0.590  ; 0.590        ; 0.000          ; High Pulse Width ; divisorfrec:U2|clk1 ; Rise       ; U3|CNT_int[1]|clk                ;
; 0.590  ; 0.590        ; 0.000          ; High Pulse Width ; divisorfrec:U2|clk1 ; Rise       ; U3|CNT_int[2]|clk                ;
; 0.590  ; 0.590        ; 0.000          ; High Pulse Width ; divisorfrec:U2|clk1 ; Rise       ; U3|CNT_int[3]|clk                ;
; 0.590  ; 0.590        ; 0.000          ; High Pulse Width ; divisorfrec:U2|clk1 ; Rise       ; U3|CNT_int[4]|clk                ;
; 0.590  ; 0.590        ; 0.000          ; High Pulse Width ; divisorfrec:U2|clk1 ; Rise       ; U3|CNT_int[5]|clk                ;
; 0.590  ; 0.590        ; 0.000          ; High Pulse Width ; divisorfrec:U2|clk1 ; Rise       ; U3|CNT_int[6]|clk                ;
+--------+--------------+----------------+------------------+---------------------+------------+----------------------------------+


+------------------------------------------------------------------------------------+
; Setup Times                                                                        ;
+-----------+---------------------+-------+-------+------------+---------------------+
; Data Port ; Clock Port          ; Rise  ; Fall  ; Clock Edge ; Clock Reference     ;
+-----------+---------------------+-------+-------+------------+---------------------+
; Din[*]    ; Clock_reg           ; 1.595 ; 1.965 ; Fall       ; Clock_reg           ;
;  Din[0]   ; Clock_reg           ; 1.355 ; 1.705 ; Fall       ; Clock_reg           ;
;  Din[1]   ; Clock_reg           ; 1.595 ; 1.965 ; Fall       ; Clock_reg           ;
;  Din[2]   ; Clock_reg           ; 1.484 ; 1.847 ; Fall       ; Clock_reg           ;
;  Din[3]   ; Clock_reg           ; 1.464 ; 1.807 ; Fall       ; Clock_reg           ;
; UP_DOWN   ; divisorfrec:U2|clk1 ; 2.657 ; 3.050 ; Rise       ; divisorfrec:U2|clk1 ;
; confirmar ; divisorfrec:U2|clk1 ; 0.386 ; 0.506 ; Rise       ; divisorfrec:U2|clk1 ;
+-----------+---------------------+-------+-------+------------+---------------------+


+--------------------------------------------------------------------------------------+
; Hold Times                                                                           ;
+-----------+---------------------+--------+--------+------------+---------------------+
; Data Port ; Clock Port          ; Rise   ; Fall   ; Clock Edge ; Clock Reference     ;
+-----------+---------------------+--------+--------+------------+---------------------+
; Din[*]    ; Clock_reg           ; -1.025 ; -1.365 ; Fall       ; Clock_reg           ;
;  Din[0]   ; Clock_reg           ; -1.025 ; -1.365 ; Fall       ; Clock_reg           ;
;  Din[1]   ; Clock_reg           ; -1.256 ; -1.615 ; Fall       ; Clock_reg           ;
;  Din[2]   ; Clock_reg           ; -1.136 ; -1.484 ; Fall       ; Clock_reg           ;
;  Din[3]   ; Clock_reg           ; -1.130 ; -1.464 ; Fall       ; Clock_reg           ;
; UP_DOWN   ; divisorfrec:U2|clk1 ; -1.017 ; -1.373 ; Rise       ; divisorfrec:U2|clk1 ;
; confirmar ; divisorfrec:U2|clk1 ; 0.222  ; 0.115  ; Rise       ; divisorfrec:U2|clk1 ;
+-----------+---------------------+--------+--------+------------+---------------------+


+---------------------------------------------------------------------------------------------+
; Clock to Output Times                                                                       ;
+------------------+---------------------+--------+--------+------------+---------------------+
; Data Port        ; Clock Port          ; Rise   ; Fall   ; Clock Edge ; Clock Reference     ;
+------------------+---------------------+--------+--------+------------+---------------------+
; LED_load         ; Clock_reg           ; 5.707  ; 5.373  ; Rise       ; Clock_reg           ;
; Disp0[*]         ; Clock_reg           ; 9.431  ; 9.361  ; Fall       ; Clock_reg           ;
;  Disp0[2]        ; Clock_reg           ; 9.431  ; 9.361  ; Fall       ; Clock_reg           ;
; Disp1[*]         ; Clock_reg           ; 9.686  ; 9.602  ; Fall       ; Clock_reg           ;
;  Disp1[0]        ; Clock_reg           ; 9.686  ; 9.602  ; Fall       ; Clock_reg           ;
;  Disp1[3]        ; Clock_reg           ; 9.017  ; 9.116  ; Fall       ; Clock_reg           ;
;  Disp1[5]        ; Clock_reg           ; 9.485  ; 9.593  ; Fall       ; Clock_reg           ;
; Disp2[*]         ; Clock_reg           ; 9.491  ; 9.606  ; Fall       ; Clock_reg           ;
;  Disp2[1]        ; Clock_reg           ; 9.491  ; 9.606  ; Fall       ; Clock_reg           ;
;  Disp2[3]        ; Clock_reg           ; 9.289  ; 9.369  ; Fall       ; Clock_reg           ;
; Disp3[*]         ; Clock_reg           ; 9.867  ; 9.801  ; Fall       ; Clock_reg           ;
;  Disp3[0]        ; Clock_reg           ; 9.867  ; 9.743  ; Fall       ; Clock_reg           ;
;  Disp3[1]        ; Clock_reg           ; 9.688  ; 9.801  ; Fall       ; Clock_reg           ;
;  Disp3[2]        ; Clock_reg           ; 9.490  ; 9.594  ; Fall       ; Clock_reg           ;
;  Disp3[3]        ; Clock_reg           ; 9.848  ; 9.729  ; Fall       ; Clock_reg           ;
;  Disp3[4]        ; Clock_reg           ; 9.794  ; 9.660  ; Fall       ; Clock_reg           ;
;  Disp3[5]        ; Clock_reg           ; 9.794  ; 9.660  ; Fall       ; Clock_reg           ;
; LED_acceso       ; Clock_reg           ; 9.314  ; 9.363  ; Fall       ; Clock_reg           ;
; LED_clave        ; Clock_reg           ; 10.601 ; 10.678 ; Fall       ; Clock_reg           ;
; LED_horario      ; Clock_reg           ; 9.680  ; 9.777  ; Fall       ; Clock_reg           ;
; LED_load         ; Clock_reg           ; 5.707  ; 5.373  ; Fall       ; Clock_reg           ;
; Disp0[*]         ; confirmar           ; 7.394  ; 7.538  ; Rise       ; confirmar           ;
;  Disp0[0]        ; confirmar           ; 7.327  ; 6.835  ; Rise       ; confirmar           ;
;  Disp0[2]        ; confirmar           ; 7.203  ; 7.538  ; Rise       ; confirmar           ;
;  Disp0[3]        ; confirmar           ; 7.394  ; 6.924  ; Rise       ; confirmar           ;
;  Disp0[5]        ; confirmar           ; 7.384  ; 6.914  ; Rise       ; confirmar           ;
; Disp1[*]         ; confirmar           ; 7.604  ; 7.779  ; Rise       ; confirmar           ;
;  Disp1[0]        ; confirmar           ; 7.458  ; 7.779  ; Rise       ; confirmar           ;
;  Disp1[3]        ; confirmar           ; 7.136  ; 6.835  ; Rise       ; confirmar           ;
;  Disp1[5]        ; confirmar           ; 7.604  ; 7.312  ; Rise       ; confirmar           ;
;  Disp1[6]        ; confirmar           ; 6.808  ; 7.114  ; Rise       ; confirmar           ;
; Disp2[*]         ; confirmar           ; 7.610  ; 7.722  ; Rise       ; confirmar           ;
;  Disp2[0]        ; confirmar           ; 6.934  ; 7.404  ; Rise       ; confirmar           ;
;  Disp2[1]        ; confirmar           ; 7.610  ; 7.325  ; Rise       ; confirmar           ;
;  Disp2[2]        ; confirmar           ; 7.397  ; 6.907  ; Rise       ; confirmar           ;
;  Disp2[3]        ; confirmar           ; 7.465  ; 7.142  ; Rise       ; confirmar           ;
;  Disp2[5]        ; confirmar           ; 7.255  ; 7.722  ; Rise       ; confirmar           ;
; Disp3[*]         ; confirmar           ; 7.799  ; 7.920  ; Rise       ; confirmar           ;
;  Disp3[0]        ; confirmar           ; 7.639  ; 7.920  ; Rise       ; confirmar           ;
;  Disp3[1]        ; confirmar           ; 7.799  ; 7.523  ; Rise       ; confirmar           ;
;  Disp3[2]        ; confirmar           ; 7.601  ; 7.316  ; Rise       ; confirmar           ;
;  Disp3[3]        ; confirmar           ; 7.620  ; 7.906  ; Rise       ; confirmar           ;
;  Disp3[4]        ; confirmar           ; 7.566  ; 7.837  ; Rise       ; confirmar           ;
;  Disp3[5]        ; confirmar           ; 7.566  ; 7.837  ; Rise       ; confirmar           ;
; Disp0[*]         ; confirmar           ; 7.394  ; 7.538  ; Fall       ; confirmar           ;
;  Disp0[0]        ; confirmar           ; 7.327  ; 6.835  ; Fall       ; confirmar           ;
;  Disp0[2]        ; confirmar           ; 7.203  ; 7.538  ; Fall       ; confirmar           ;
;  Disp0[3]        ; confirmar           ; 7.394  ; 6.924  ; Fall       ; confirmar           ;
;  Disp0[5]        ; confirmar           ; 7.384  ; 6.914  ; Fall       ; confirmar           ;
; Disp1[*]         ; confirmar           ; 7.604  ; 7.779  ; Fall       ; confirmar           ;
;  Disp1[0]        ; confirmar           ; 7.458  ; 7.779  ; Fall       ; confirmar           ;
;  Disp1[3]        ; confirmar           ; 7.136  ; 6.835  ; Fall       ; confirmar           ;
;  Disp1[5]        ; confirmar           ; 7.604  ; 7.312  ; Fall       ; confirmar           ;
;  Disp1[6]        ; confirmar           ; 6.808  ; 7.114  ; Fall       ; confirmar           ;
; Disp2[*]         ; confirmar           ; 7.610  ; 7.722  ; Fall       ; confirmar           ;
;  Disp2[0]        ; confirmar           ; 6.934  ; 7.404  ; Fall       ; confirmar           ;
;  Disp2[1]        ; confirmar           ; 7.610  ; 7.325  ; Fall       ; confirmar           ;
;  Disp2[2]        ; confirmar           ; 7.397  ; 6.907  ; Fall       ; confirmar           ;
;  Disp2[3]        ; confirmar           ; 7.465  ; 7.142  ; Fall       ; confirmar           ;
;  Disp2[5]        ; confirmar           ; 7.255  ; 7.722  ; Fall       ; confirmar           ;
; Disp3[*]         ; confirmar           ; 7.799  ; 7.920  ; Fall       ; confirmar           ;
;  Disp3[0]        ; confirmar           ; 7.639  ; 7.920  ; Fall       ; confirmar           ;
;  Disp3[1]        ; confirmar           ; 7.799  ; 7.523  ; Fall       ; confirmar           ;
;  Disp3[2]        ; confirmar           ; 7.601  ; 7.316  ; Fall       ; confirmar           ;
;  Disp3[3]        ; confirmar           ; 7.620  ; 7.906  ; Fall       ; confirmar           ;
;  Disp3[4]        ; confirmar           ; 7.566  ; 7.837  ; Fall       ; confirmar           ;
;  Disp3[5]        ; confirmar           ; 7.566  ; 7.837  ; Fall       ; confirmar           ;
; LED_alarma       ; confirmar           ; 6.788  ; 6.824  ; Fall       ; confirmar           ;
; LED_intentos[*]  ; confirmar           ; 6.507  ; 6.493  ; Fall       ; confirmar           ;
;  LED_intentos[0] ; confirmar           ; 6.367  ; 6.366  ; Fall       ; confirmar           ;
;  LED_intentos[1] ; confirmar           ; 6.507  ; 6.493  ; Fall       ; confirmar           ;
; Disp0[*]         ; divisorfrec:U2|clk1 ; 9.032  ; 8.983  ; Rise       ; divisorfrec:U2|clk1 ;
;  Disp0[0]        ; divisorfrec:U2|clk1 ; 7.278  ; 7.209  ; Rise       ; divisorfrec:U2|clk1 ;
;  Disp0[2]        ; divisorfrec:U2|clk1 ; 9.032  ; 8.983  ; Rise       ; divisorfrec:U2|clk1 ;
;  Disp0[3]        ; divisorfrec:U2|clk1 ; 7.345  ; 7.298  ; Rise       ; divisorfrec:U2|clk1 ;
;  Disp0[5]        ; divisorfrec:U2|clk1 ; 7.335  ; 7.288  ; Rise       ; divisorfrec:U2|clk1 ;
; Disp1[*]         ; divisorfrec:U2|clk1 ; 9.287  ; 9.224  ; Rise       ; divisorfrec:U2|clk1 ;
;  Disp1[0]        ; divisorfrec:U2|clk1 ; 9.287  ; 9.224  ; Rise       ; divisorfrec:U2|clk1 ;
;  Disp1[3]        ; divisorfrec:U2|clk1 ; 8.618  ; 8.738  ; Rise       ; divisorfrec:U2|clk1 ;
;  Disp1[5]        ; divisorfrec:U2|clk1 ; 9.086  ; 9.215  ; Rise       ; divisorfrec:U2|clk1 ;
;  Disp1[6]        ; divisorfrec:U2|clk1 ; 7.189  ; 7.075  ; Rise       ; divisorfrec:U2|clk1 ;
; Disp2[*]         ; divisorfrec:U2|clk1 ; 9.092  ; 9.228  ; Rise       ; divisorfrec:U2|clk1 ;
;  Disp2[0]        ; divisorfrec:U2|clk1 ; 7.308  ; 7.355  ; Rise       ; divisorfrec:U2|clk1 ;
;  Disp2[1]        ; divisorfrec:U2|clk1 ; 9.092  ; 9.228  ; Rise       ; divisorfrec:U2|clk1 ;
;  Disp2[2]        ; divisorfrec:U2|clk1 ; 7.353  ; 7.293  ; Rise       ; divisorfrec:U2|clk1 ;
;  Disp2[3]        ; divisorfrec:U2|clk1 ; 8.911  ; 8.970  ; Rise       ; divisorfrec:U2|clk1 ;
;  Disp2[5]        ; divisorfrec:U2|clk1 ; 7.629  ; 7.673  ; Rise       ; divisorfrec:U2|clk1 ;
; Disp3[*]         ; divisorfrec:U2|clk1 ; 9.468  ; 9.423  ; Rise       ; divisorfrec:U2|clk1 ;
;  Disp3[0]        ; divisorfrec:U2|clk1 ; 9.468  ; 9.365  ; Rise       ; divisorfrec:U2|clk1 ;
;  Disp3[1]        ; divisorfrec:U2|clk1 ; 9.289  ; 9.423  ; Rise       ; divisorfrec:U2|clk1 ;
;  Disp3[2]        ; divisorfrec:U2|clk1 ; 9.091  ; 9.216  ; Rise       ; divisorfrec:U2|clk1 ;
;  Disp3[3]        ; divisorfrec:U2|clk1 ; 9.449  ; 9.351  ; Rise       ; divisorfrec:U2|clk1 ;
;  Disp3[4]        ; divisorfrec:U2|clk1 ; 9.395  ; 9.282  ; Rise       ; divisorfrec:U2|clk1 ;
;  Disp3[5]        ; divisorfrec:U2|clk1 ; 9.395  ; 9.282  ; Rise       ; divisorfrec:U2|clk1 ;
; LED_acceso       ; divisorfrec:U2|clk1 ; 8.936  ; 8.964  ; Rise       ; divisorfrec:U2|clk1 ;
; LED_clk_count    ; divisorfrec:U2|clk1 ; 3.251  ;        ; Rise       ; divisorfrec:U2|clk1 ;
; LED_horario      ; divisorfrec:U2|clk1 ; 9.302  ; 9.378  ; Rise       ; divisorfrec:U2|clk1 ;
; LED_clk_count    ; divisorfrec:U2|clk1 ;        ; 3.230  ; Fall       ; divisorfrec:U2|clk1 ;
+------------------+---------------------+--------+--------+------------+---------------------+


+-------------------------------------------------------------------------------------------+
; Minimum Clock to Output Times                                                             ;
+------------------+---------------------+-------+-------+------------+---------------------+
; Data Port        ; Clock Port          ; Rise  ; Fall  ; Clock Edge ; Clock Reference     ;
+------------------+---------------------+-------+-------+------------+---------------------+
; LED_load         ; Clock_reg           ; 5.601 ; 5.276 ; Rise       ; Clock_reg           ;
; Disp0[*]         ; Clock_reg           ; 7.794 ; 7.711 ; Fall       ; Clock_reg           ;
;  Disp0[2]        ; Clock_reg           ; 7.794 ; 7.711 ; Fall       ; Clock_reg           ;
; Disp1[*]         ; Clock_reg           ; 7.395 ; 7.477 ; Fall       ; Clock_reg           ;
;  Disp1[0]        ; Clock_reg           ; 8.040 ; 7.943 ; Fall       ; Clock_reg           ;
;  Disp1[3]        ; Clock_reg           ; 7.395 ; 7.477 ; Fall       ; Clock_reg           ;
;  Disp1[5]        ; Clock_reg           ; 7.843 ; 7.934 ; Fall       ; Clock_reg           ;
; Disp2[*]         ; Clock_reg           ; 7.642 ; 7.735 ; Fall       ; Clock_reg           ;
;  Disp2[1]        ; Clock_reg           ; 7.849 ; 7.947 ; Fall       ; Clock_reg           ;
;  Disp2[3]        ; Clock_reg           ; 7.642 ; 7.735 ; Fall       ; Clock_reg           ;
; Disp3[*]         ; Clock_reg           ; 7.849 ; 7.936 ; Fall       ; Clock_reg           ;
;  Disp3[0]        ; Clock_reg           ; 8.214 ; 8.080 ; Fall       ; Clock_reg           ;
;  Disp3[1]        ; Clock_reg           ; 8.037 ; 8.133 ; Fall       ; Clock_reg           ;
;  Disp3[2]        ; Clock_reg           ; 7.849 ; 7.936 ; Fall       ; Clock_reg           ;
;  Disp3[3]        ; Clock_reg           ; 8.195 ; 8.066 ; Fall       ; Clock_reg           ;
;  Disp3[4]        ; Clock_reg           ; 8.144 ; 7.998 ; Fall       ; Clock_reg           ;
;  Disp3[5]        ; Clock_reg           ; 8.144 ; 7.998 ; Fall       ; Clock_reg           ;
; LED_acceso       ; Clock_reg           ; 7.672 ; 7.735 ; Fall       ; Clock_reg           ;
; LED_clave        ; Clock_reg           ; 8.479 ; 8.546 ; Fall       ; Clock_reg           ;
; LED_horario      ; Clock_reg           ; 8.024 ; 8.133 ; Fall       ; Clock_reg           ;
; LED_load         ; Clock_reg           ; 5.601 ; 5.276 ; Fall       ; Clock_reg           ;
; Disp0[*]         ; confirmar           ; 7.024 ; 6.666 ; Rise       ; confirmar           ;
;  Disp0[0]        ; confirmar           ; 7.147 ; 6.666 ; Rise       ; confirmar           ;
;  Disp0[2]        ; confirmar           ; 7.024 ; 7.348 ; Rise       ; confirmar           ;
;  Disp0[3]        ; confirmar           ; 7.212 ; 6.753 ; Rise       ; confirmar           ;
;  Disp0[5]        ; confirmar           ; 7.202 ; 6.743 ; Rise       ; confirmar           ;
; Disp1[*]         ; confirmar           ; 6.644 ; 6.672 ; Rise       ; confirmar           ;
;  Disp1[0]        ; confirmar           ; 7.270 ; 7.580 ; Rise       ; confirmar           ;
;  Disp1[3]        ; confirmar           ; 6.964 ; 6.672 ; Rise       ; confirmar           ;
;  Disp1[5]        ; confirmar           ; 7.412 ; 7.129 ; Rise       ; confirmar           ;
;  Disp1[6]        ; confirmar           ; 6.644 ; 6.941 ; Rise       ; confirmar           ;
; Disp2[*]         ; confirmar           ; 6.762 ; 6.737 ; Rise       ; confirmar           ;
;  Disp2[0]        ; confirmar           ; 6.762 ; 7.220 ; Rise       ; confirmar           ;
;  Disp2[1]        ; confirmar           ; 7.418 ; 7.142 ; Rise       ; confirmar           ;
;  Disp2[2]        ; confirmar           ; 7.215 ; 6.737 ; Rise       ; confirmar           ;
;  Disp2[3]        ; confirmar           ; 7.278 ; 6.966 ; Rise       ; confirmar           ;
;  Disp2[5]        ; confirmar           ; 7.071 ; 7.527 ; Rise       ; confirmar           ;
; Disp3[*]         ; confirmar           ; 7.374 ; 7.134 ; Rise       ; confirmar           ;
;  Disp3[0]        ; confirmar           ; 7.444 ; 7.717 ; Rise       ; confirmar           ;
;  Disp3[1]        ; confirmar           ; 7.599 ; 7.331 ; Rise       ; confirmar           ;
;  Disp3[2]        ; confirmar           ; 7.411 ; 7.134 ; Rise       ; confirmar           ;
;  Disp3[3]        ; confirmar           ; 7.425 ; 7.703 ; Rise       ; confirmar           ;
;  Disp3[4]        ; confirmar           ; 7.374 ; 7.635 ; Rise       ; confirmar           ;
;  Disp3[5]        ; confirmar           ; 7.374 ; 7.635 ; Rise       ; confirmar           ;
; Disp0[*]         ; confirmar           ; 6.047 ; 5.969 ; Fall       ; confirmar           ;
;  Disp0[0]        ; confirmar           ; 6.047 ; 5.969 ; Fall       ; confirmar           ;
;  Disp0[2]        ; confirmar           ; 6.746 ; 6.764 ; Fall       ; confirmar           ;
;  Disp0[3]        ; confirmar           ; 6.112 ; 6.056 ; Fall       ; confirmar           ;
;  Disp0[5]        ; confirmar           ; 6.102 ; 6.046 ; Fall       ; confirmar           ;
; Disp1[*]         ; confirmar           ; 5.916 ; 5.844 ; Fall       ; confirmar           ;
;  Disp1[0]        ; confirmar           ; 6.992 ; 6.996 ; Fall       ; confirmar           ;
;  Disp1[3]        ; confirmar           ; 6.446 ; 6.455 ; Fall       ; confirmar           ;
;  Disp1[5]        ; confirmar           ; 6.894 ; 6.912 ; Fall       ; confirmar           ;
;  Disp1[6]        ; confirmar           ; 5.916 ; 5.844 ; Fall       ; confirmar           ;
; Disp2[*]         ; confirmar           ; 6.065 ; 6.011 ; Fall       ; confirmar           ;
;  Disp2[0]        ; confirmar           ; 6.065 ; 6.120 ; Fall       ; confirmar           ;
;  Disp2[1]        ; confirmar           ; 6.900 ; 6.925 ; Fall       ; confirmar           ;
;  Disp2[2]        ; confirmar           ; 6.154 ; 6.011 ; Fall       ; confirmar           ;
;  Disp2[3]        ; confirmar           ; 6.646 ; 6.788 ; Fall       ; confirmar           ;
;  Disp2[5]        ; confirmar           ; 6.374 ; 6.427 ; Fall       ; confirmar           ;
; Disp3[*]         ; confirmar           ; 6.825 ; 6.996 ; Fall       ; confirmar           ;
;  Disp3[0]        ; confirmar           ; 7.166 ; 7.133 ; Fall       ; confirmar           ;
;  Disp3[1]        ; confirmar           ; 7.013 ; 7.193 ; Fall       ; confirmar           ;
;  Disp3[2]        ; confirmar           ; 6.825 ; 6.996 ; Fall       ; confirmar           ;
;  Disp3[3]        ; confirmar           ; 7.147 ; 7.119 ; Fall       ; confirmar           ;
;  Disp3[4]        ; confirmar           ; 7.096 ; 7.051 ; Fall       ; confirmar           ;
;  Disp3[5]        ; confirmar           ; 7.096 ; 7.051 ; Fall       ; confirmar           ;
; LED_alarma       ; confirmar           ; 6.592 ; 6.646 ; Fall       ; confirmar           ;
; LED_intentos[*]  ; confirmar           ; 6.228 ; 6.227 ; Fall       ; confirmar           ;
;  LED_intentos[0] ; confirmar           ; 6.228 ; 6.227 ; Fall       ; confirmar           ;
;  LED_intentos[1] ; confirmar           ; 6.362 ; 6.348 ; Fall       ; confirmar           ;
; Disp0[*]         ; divisorfrec:U2|clk1 ; 7.029 ; 6.934 ; Rise       ; divisorfrec:U2|clk1 ;
;  Disp0[0]        ; divisorfrec:U2|clk1 ; 7.029 ; 6.934 ; Rise       ; divisorfrec:U2|clk1 ;
;  Disp0[2]        ; divisorfrec:U2|clk1 ; 7.071 ; 6.996 ; Rise       ; divisorfrec:U2|clk1 ;
;  Disp0[3]        ; divisorfrec:U2|clk1 ; 7.094 ; 7.021 ; Rise       ; divisorfrec:U2|clk1 ;
;  Disp0[5]        ; divisorfrec:U2|clk1 ; 7.084 ; 7.011 ; Rise       ; divisorfrec:U2|clk1 ;
; Disp1[*]         ; divisorfrec:U2|clk1 ; 6.713 ; 6.771 ; Rise       ; divisorfrec:U2|clk1 ;
;  Disp1[0]        ; divisorfrec:U2|clk1 ; 7.317 ; 7.228 ; Rise       ; divisorfrec:U2|clk1 ;
;  Disp1[3]        ; divisorfrec:U2|clk1 ; 6.713 ; 6.771 ; Rise       ; divisorfrec:U2|clk1 ;
;  Disp1[5]        ; divisorfrec:U2|clk1 ; 7.161 ; 7.228 ; Rise       ; divisorfrec:U2|clk1 ;
;  Disp1[6]        ; divisorfrec:U2|clk1 ; 6.928 ; 6.810 ; Rise       ; divisorfrec:U2|clk1 ;
; Disp2[*]         ; divisorfrec:U2|clk1 ; 6.945 ; 7.017 ; Rise       ; divisorfrec:U2|clk1 ;
;  Disp2[0]        ; divisorfrec:U2|clk1 ; 7.030 ; 7.102 ; Rise       ; divisorfrec:U2|clk1 ;
;  Disp2[1]        ; divisorfrec:U2|clk1 ; 7.167 ; 7.241 ; Rise       ; divisorfrec:U2|clk1 ;
;  Disp2[2]        ; divisorfrec:U2|clk1 ; 7.102 ; 7.017 ; Rise       ; divisorfrec:U2|clk1 ;
;  Disp2[3]        ; divisorfrec:U2|clk1 ; 6.945 ; 7.027 ; Rise       ; divisorfrec:U2|clk1 ;
;  Disp2[5]        ; divisorfrec:U2|clk1 ; 7.339 ; 7.409 ; Rise       ; divisorfrec:U2|clk1 ;
; Disp3[*]         ; divisorfrec:U2|clk1 ; 7.158 ; 7.220 ; Rise       ; divisorfrec:U2|clk1 ;
;  Disp3[0]        ; divisorfrec:U2|clk1 ; 7.491 ; 7.365 ; Rise       ; divisorfrec:U2|clk1 ;
;  Disp3[1]        ; divisorfrec:U2|clk1 ; 7.346 ; 7.417 ; Rise       ; divisorfrec:U2|clk1 ;
;  Disp3[2]        ; divisorfrec:U2|clk1 ; 7.158 ; 7.220 ; Rise       ; divisorfrec:U2|clk1 ;
;  Disp3[3]        ; divisorfrec:U2|clk1 ; 7.472 ; 7.351 ; Rise       ; divisorfrec:U2|clk1 ;
;  Disp3[4]        ; divisorfrec:U2|clk1 ; 7.421 ; 7.283 ; Rise       ; divisorfrec:U2|clk1 ;
;  Disp3[5]        ; divisorfrec:U2|clk1 ; 7.421 ; 7.283 ; Rise       ; divisorfrec:U2|clk1 ;
; LED_acceso       ; divisorfrec:U2|clk1 ; 7.098 ; 7.121 ; Rise       ; divisorfrec:U2|clk1 ;
; LED_clk_count    ; divisorfrec:U2|clk1 ; 3.211 ;       ; Rise       ; divisorfrec:U2|clk1 ;
; LED_horario      ; divisorfrec:U2|clk1 ; 7.450 ; 7.519 ; Rise       ; divisorfrec:U2|clk1 ;
; LED_clk_count    ; divisorfrec:U2|clk1 ;       ; 3.190 ; Fall       ; divisorfrec:U2|clk1 ;
+------------------+---------------------+-------+-------+------------+---------------------+


---------------------------------------------
; Slow 1200mV 0C Model Metastability Report ;
---------------------------------------------
No synchronizer chains to report.


+----------------------------------------------+
; Fast 1200mV 0C Model Setup Summary           ;
+---------------------+--------+---------------+
; Clock               ; Slack  ; End Point TNS ;
+---------------------+--------+---------------+
; divisorfrec:U2|clk1 ; -2.384 ; -14.433       ;
; confirmar           ; -1.346 ; -2.684        ;
; CLOCK_50            ; -1.059 ; -11.034       ;
; Clock_reg           ; 0.312  ; 0.000         ;
+---------------------+--------+---------------+


+----------------------------------------------+
; Fast 1200mV 0C Model Hold Summary            ;
+---------------------+--------+---------------+
; Clock               ; Slack  ; End Point TNS ;
+---------------------+--------+---------------+
; divisorfrec:U2|clk1 ; -0.340 ; -0.715        ;
; CLOCK_50            ; -0.195 ; -0.195        ;
; confirmar           ; 0.199  ; 0.000         ;
; Clock_reg           ; 0.208  ; 0.000         ;
+---------------------+--------+---------------+


-----------------------------------------
; Fast 1200mV 0C Model Recovery Summary ;
-----------------------------------------
No paths to report.


----------------------------------------
; Fast 1200mV 0C Model Removal Summary ;
----------------------------------------
No paths to report.


+--------------------------------------------------+
; Fast 1200mV 0C Model Minimum Pulse Width Summary ;
+---------------------+--------+-------------------+
; Clock               ; Slack  ; End Point TNS     ;
+---------------------+--------+-------------------+
; CLOCK_50            ; -3.000 ; -30.442           ;
; Clock_reg           ; -3.000 ; -21.884           ;
; confirmar           ; -3.000 ; -5.381            ;
; divisorfrec:U2|clk1 ; -1.000 ; -12.000           ;
+---------------------+--------+-------------------+


+-------------------------------------------------------------------------------------------------------------------------------------------------------------------+
; Fast 1200mV 0C Model Setup: 'divisorfrec:U2|clk1'                                                                                                                 ;
+--------+----------------------------------+----------------------------------+---------------------+---------------------+--------------+------------+------------+
; Slack  ; From Node                        ; To Node                          ; Launch Clock        ; Latch Clock         ; Relationship ; Clock Skew ; Data Delay ;
+--------+----------------------------------+----------------------------------+---------------------+---------------------+--------------+------------+------------+
; -2.384 ; shift_register:U1|D2[2]          ; temporizador_open:U6|contador[1] ; Clock_reg           ; divisorfrec:U2|clk1 ; 0.500        ; -0.136     ; 2.725      ;
; -2.384 ; shift_register:U1|D2[2]          ; temporizador_open:U6|contador[0] ; Clock_reg           ; divisorfrec:U2|clk1 ; 0.500        ; -0.136     ; 2.725      ;
; -2.384 ; shift_register:U1|D2[2]          ; temporizador_open:U6|contador[2] ; Clock_reg           ; divisorfrec:U2|clk1 ; 0.500        ; -0.136     ; 2.725      ;
; -2.384 ; shift_register:U1|D3[0]          ; temporizador_open:U6|contador[1] ; Clock_reg           ; divisorfrec:U2|clk1 ; 0.500        ; -0.133     ; 2.728      ;
; -2.384 ; shift_register:U1|D3[0]          ; temporizador_open:U6|contador[0] ; Clock_reg           ; divisorfrec:U2|clk1 ; 0.500        ; -0.133     ; 2.728      ;
; -2.384 ; shift_register:U1|D3[0]          ; temporizador_open:U6|contador[2] ; Clock_reg           ; divisorfrec:U2|clk1 ; 0.500        ; -0.133     ; 2.728      ;
; -2.383 ; shift_register:U1|D0[1]          ; temporizador_open:U6|contador[1] ; Clock_reg           ; divisorfrec:U2|clk1 ; 0.500        ; -0.133     ; 2.727      ;
; -2.383 ; shift_register:U1|D0[1]          ; temporizador_open:U6|contador[0] ; Clock_reg           ; divisorfrec:U2|clk1 ; 0.500        ; -0.133     ; 2.727      ;
; -2.383 ; shift_register:U1|D0[1]          ; temporizador_open:U6|contador[2] ; Clock_reg           ; divisorfrec:U2|clk1 ; 0.500        ; -0.133     ; 2.727      ;
; -2.292 ; shift_register:U1|D1[1]          ; temporizador_open:U6|contador[1] ; Clock_reg           ; divisorfrec:U2|clk1 ; 0.500        ; -0.133     ; 2.636      ;
; -2.292 ; shift_register:U1|D1[1]          ; temporizador_open:U6|contador[0] ; Clock_reg           ; divisorfrec:U2|clk1 ; 0.500        ; -0.133     ; 2.636      ;
; -2.292 ; shift_register:U1|D1[1]          ; temporizador_open:U6|contador[2] ; Clock_reg           ; divisorfrec:U2|clk1 ; 0.500        ; -0.133     ; 2.636      ;
; -2.287 ; shift_register:U1|D0[2]          ; temporizador_open:U6|contador[1] ; Clock_reg           ; divisorfrec:U2|clk1 ; 0.500        ; -0.136     ; 2.628      ;
; -2.287 ; shift_register:U1|D0[2]          ; temporizador_open:U6|contador[0] ; Clock_reg           ; divisorfrec:U2|clk1 ; 0.500        ; -0.136     ; 2.628      ;
; -2.287 ; shift_register:U1|D0[2]          ; temporizador_open:U6|contador[2] ; Clock_reg           ; divisorfrec:U2|clk1 ; 0.500        ; -0.136     ; 2.628      ;
; -2.238 ; shift_register:U1|D3[2]          ; temporizador_open:U6|contador[1] ; Clock_reg           ; divisorfrec:U2|clk1 ; 0.500        ; -0.136     ; 2.579      ;
; -2.238 ; shift_register:U1|D3[2]          ; temporizador_open:U6|contador[0] ; Clock_reg           ; divisorfrec:U2|clk1 ; 0.500        ; -0.136     ; 2.579      ;
; -2.238 ; shift_register:U1|D3[2]          ; temporizador_open:U6|contador[2] ; Clock_reg           ; divisorfrec:U2|clk1 ; 0.500        ; -0.136     ; 2.579      ;
; -2.234 ; shift_register:U1|D2[2]          ; temporizador_open:U6|contando    ; Clock_reg           ; divisorfrec:U2|clk1 ; 0.500        ; -0.135     ; 2.576      ;
; -2.234 ; shift_register:U1|D3[0]          ; temporizador_open:U6|contando    ; Clock_reg           ; divisorfrec:U2|clk1 ; 0.500        ; -0.132     ; 2.579      ;
; -2.229 ; shift_register:U1|D1[2]          ; temporizador_open:U6|contador[1] ; Clock_reg           ; divisorfrec:U2|clk1 ; 0.500        ; -0.136     ; 2.570      ;
; -2.229 ; shift_register:U1|D1[2]          ; temporizador_open:U6|contador[0] ; Clock_reg           ; divisorfrec:U2|clk1 ; 0.500        ; -0.136     ; 2.570      ;
; -2.229 ; shift_register:U1|D1[2]          ; temporizador_open:U6|contador[2] ; Clock_reg           ; divisorfrec:U2|clk1 ; 0.500        ; -0.136     ; 2.570      ;
; -2.218 ; shift_register:U1|D1[0]          ; temporizador_open:U6|contador[1] ; Clock_reg           ; divisorfrec:U2|clk1 ; 0.500        ; -0.133     ; 2.562      ;
; -2.218 ; shift_register:U1|D1[0]          ; temporizador_open:U6|contador[0] ; Clock_reg           ; divisorfrec:U2|clk1 ; 0.500        ; -0.133     ; 2.562      ;
; -2.218 ; shift_register:U1|D1[0]          ; temporizador_open:U6|contador[2] ; Clock_reg           ; divisorfrec:U2|clk1 ; 0.500        ; -0.133     ; 2.562      ;
; -2.217 ; shift_register:U1|D0[3]          ; temporizador_open:U6|contador[1] ; Clock_reg           ; divisorfrec:U2|clk1 ; 0.500        ; -0.133     ; 2.561      ;
; -2.217 ; shift_register:U1|D0[3]          ; temporizador_open:U6|contador[0] ; Clock_reg           ; divisorfrec:U2|clk1 ; 0.500        ; -0.133     ; 2.561      ;
; -2.217 ; shift_register:U1|D0[3]          ; temporizador_open:U6|contador[2] ; Clock_reg           ; divisorfrec:U2|clk1 ; 0.500        ; -0.133     ; 2.561      ;
; -2.215 ; shift_register:U1|D0[1]          ; temporizador_open:U6|contando    ; Clock_reg           ; divisorfrec:U2|clk1 ; 0.500        ; -0.132     ; 2.560      ;
; -2.211 ; shift_register:U1|D2[0]          ; temporizador_open:U6|contador[1] ; Clock_reg           ; divisorfrec:U2|clk1 ; 0.500        ; -0.133     ; 2.555      ;
; -2.211 ; shift_register:U1|D2[0]          ; temporizador_open:U6|contador[0] ; Clock_reg           ; divisorfrec:U2|clk1 ; 0.500        ; -0.133     ; 2.555      ;
; -2.211 ; shift_register:U1|D2[0]          ; temporizador_open:U6|contador[2] ; Clock_reg           ; divisorfrec:U2|clk1 ; 0.500        ; -0.133     ; 2.555      ;
; -2.170 ; shift_register:U1|D0[0]          ; temporizador_open:U6|contador[1] ; Clock_reg           ; divisorfrec:U2|clk1 ; 0.500        ; -0.133     ; 2.514      ;
; -2.170 ; shift_register:U1|D0[0]          ; temporizador_open:U6|contador[0] ; Clock_reg           ; divisorfrec:U2|clk1 ; 0.500        ; -0.133     ; 2.514      ;
; -2.170 ; shift_register:U1|D0[0]          ; temporizador_open:U6|contador[2] ; Clock_reg           ; divisorfrec:U2|clk1 ; 0.500        ; -0.133     ; 2.514      ;
; -2.165 ; shift_register:U1|D2[3]          ; temporizador_open:U6|contador[1] ; Clock_reg           ; divisorfrec:U2|clk1 ; 0.500        ; -0.133     ; 2.509      ;
; -2.165 ; shift_register:U1|D2[3]          ; temporizador_open:U6|contador[0] ; Clock_reg           ; divisorfrec:U2|clk1 ; 0.500        ; -0.133     ; 2.509      ;
; -2.165 ; shift_register:U1|D2[3]          ; temporizador_open:U6|contador[2] ; Clock_reg           ; divisorfrec:U2|clk1 ; 0.500        ; -0.133     ; 2.509      ;
; -2.162 ; shift_register:U1|D1[3]          ; temporizador_open:U6|contador[1] ; Clock_reg           ; divisorfrec:U2|clk1 ; 0.500        ; -0.133     ; 2.506      ;
; -2.162 ; shift_register:U1|D1[3]          ; temporizador_open:U6|contador[0] ; Clock_reg           ; divisorfrec:U2|clk1 ; 0.500        ; -0.133     ; 2.506      ;
; -2.162 ; shift_register:U1|D1[3]          ; temporizador_open:U6|contador[2] ; Clock_reg           ; divisorfrec:U2|clk1 ; 0.500        ; -0.133     ; 2.506      ;
; -2.157 ; shift_register:U1|D3[1]          ; temporizador_open:U6|contador[1] ; Clock_reg           ; divisorfrec:U2|clk1 ; 0.500        ; -0.133     ; 2.501      ;
; -2.157 ; shift_register:U1|D2[1]          ; temporizador_open:U6|contador[1] ; Clock_reg           ; divisorfrec:U2|clk1 ; 0.500        ; -0.133     ; 2.501      ;
; -2.157 ; shift_register:U1|D3[1]          ; temporizador_open:U6|contador[0] ; Clock_reg           ; divisorfrec:U2|clk1 ; 0.500        ; -0.133     ; 2.501      ;
; -2.157 ; shift_register:U1|D2[1]          ; temporizador_open:U6|contador[0] ; Clock_reg           ; divisorfrec:U2|clk1 ; 0.500        ; -0.133     ; 2.501      ;
; -2.157 ; shift_register:U1|D3[1]          ; temporizador_open:U6|contador[2] ; Clock_reg           ; divisorfrec:U2|clk1 ; 0.500        ; -0.133     ; 2.501      ;
; -2.157 ; shift_register:U1|D2[1]          ; temporizador_open:U6|contador[2] ; Clock_reg           ; divisorfrec:U2|clk1 ; 0.500        ; -0.133     ; 2.501      ;
; -2.137 ; shift_register:U1|D0[2]          ; temporizador_open:U6|contando    ; Clock_reg           ; divisorfrec:U2|clk1 ; 0.500        ; -0.135     ; 2.479      ;
; -2.124 ; shift_register:U1|D1[1]          ; temporizador_open:U6|contando    ; Clock_reg           ; divisorfrec:U2|clk1 ; 0.500        ; -0.132     ; 2.469      ;
; -2.088 ; shift_register:U1|D3[2]          ; temporizador_open:U6|contando    ; Clock_reg           ; divisorfrec:U2|clk1 ; 0.500        ; -0.135     ; 2.430      ;
; -2.079 ; shift_register:U1|D1[2]          ; temporizador_open:U6|contando    ; Clock_reg           ; divisorfrec:U2|clk1 ; 0.500        ; -0.135     ; 2.421      ;
; -2.050 ; shift_register:U1|D1[0]          ; temporizador_open:U6|contando    ; Clock_reg           ; divisorfrec:U2|clk1 ; 0.500        ; -0.132     ; 2.395      ;
; -2.049 ; shift_register:U1|D0[3]          ; temporizador_open:U6|contando    ; Clock_reg           ; divisorfrec:U2|clk1 ; 0.500        ; -0.132     ; 2.394      ;
; -2.043 ; shift_register:U1|D2[0]          ; temporizador_open:U6|contando    ; Clock_reg           ; divisorfrec:U2|clk1 ; 0.500        ; -0.132     ; 2.388      ;
; -2.015 ; shift_register:U1|D2[3]          ; temporizador_open:U6|contando    ; Clock_reg           ; divisorfrec:U2|clk1 ; 0.500        ; -0.132     ; 2.360      ;
; -2.006 ; shift_register:U1|D3[3]          ; temporizador_open:U6|contador[1] ; Clock_reg           ; divisorfrec:U2|clk1 ; 0.500        ; -0.133     ; 2.350      ;
; -2.006 ; shift_register:U1|D3[3]          ; temporizador_open:U6|contador[0] ; Clock_reg           ; divisorfrec:U2|clk1 ; 0.500        ; -0.133     ; 2.350      ;
; -2.006 ; shift_register:U1|D3[3]          ; temporizador_open:U6|contador[2] ; Clock_reg           ; divisorfrec:U2|clk1 ; 0.500        ; -0.133     ; 2.350      ;
; -2.002 ; shift_register:U1|D0[0]          ; temporizador_open:U6|contando    ; Clock_reg           ; divisorfrec:U2|clk1 ; 0.500        ; -0.132     ; 2.347      ;
; -1.994 ; shift_register:U1|D1[3]          ; temporizador_open:U6|contando    ; Clock_reg           ; divisorfrec:U2|clk1 ; 0.500        ; -0.132     ; 2.339      ;
; -1.989 ; shift_register:U1|D3[1]          ; temporizador_open:U6|contando    ; Clock_reg           ; divisorfrec:U2|clk1 ; 0.500        ; -0.132     ; 2.334      ;
; -1.989 ; shift_register:U1|D2[1]          ; temporizador_open:U6|contando    ; Clock_reg           ; divisorfrec:U2|clk1 ; 0.500        ; -0.132     ; 2.334      ;
; -1.856 ; shift_register:U1|D3[3]          ; temporizador_open:U6|contando    ; Clock_reg           ; divisorfrec:U2|clk1 ; 0.500        ; -0.132     ; 2.201      ;
; -1.403 ; count18O:U3|CNT_int[3]           ; temporizador_open:U6|contador[1] ; divisorfrec:U2|clk1 ; divisorfrec:U2|clk1 ; 1.000        ; -0.037     ; 2.353      ;
; -1.403 ; count18O:U3|CNT_int[3]           ; temporizador_open:U6|contador[0] ; divisorfrec:U2|clk1 ; divisorfrec:U2|clk1 ; 1.000        ; -0.037     ; 2.353      ;
; -1.403 ; count18O:U3|CNT_int[3]           ; temporizador_open:U6|contador[2] ; divisorfrec:U2|clk1 ; divisorfrec:U2|clk1 ; 1.000        ; -0.037     ; 2.353      ;
; -1.350 ; count18O:U3|CNT_int[5]           ; temporizador_open:U6|contador[1] ; divisorfrec:U2|clk1 ; divisorfrec:U2|clk1 ; 1.000        ; -0.037     ; 2.300      ;
; -1.350 ; count18O:U3|CNT_int[5]           ; temporizador_open:U6|contador[0] ; divisorfrec:U2|clk1 ; divisorfrec:U2|clk1 ; 1.000        ; -0.037     ; 2.300      ;
; -1.350 ; count18O:U3|CNT_int[5]           ; temporizador_open:U6|contador[2] ; divisorfrec:U2|clk1 ; divisorfrec:U2|clk1 ; 1.000        ; -0.037     ; 2.300      ;
; -1.279 ; count18O:U3|CNT_int[4]           ; temporizador_open:U6|contador[1] ; divisorfrec:U2|clk1 ; divisorfrec:U2|clk1 ; 1.000        ; -0.037     ; 2.229      ;
; -1.279 ; count18O:U3|CNT_int[4]           ; temporizador_open:U6|contador[0] ; divisorfrec:U2|clk1 ; divisorfrec:U2|clk1 ; 1.000        ; -0.037     ; 2.229      ;
; -1.279 ; count18O:U3|CNT_int[4]           ; temporizador_open:U6|contador[2] ; divisorfrec:U2|clk1 ; divisorfrec:U2|clk1 ; 1.000        ; -0.037     ; 2.229      ;
; -1.266 ; count18O:U3|CNT_int[1]           ; temporizador_open:U6|contador[1] ; divisorfrec:U2|clk1 ; divisorfrec:U2|clk1 ; 1.000        ; -0.037     ; 2.216      ;
; -1.266 ; count18O:U3|CNT_int[1]           ; temporizador_open:U6|contador[0] ; divisorfrec:U2|clk1 ; divisorfrec:U2|clk1 ; 1.000        ; -0.037     ; 2.216      ;
; -1.266 ; count18O:U3|CNT_int[1]           ; temporizador_open:U6|contador[2] ; divisorfrec:U2|clk1 ; divisorfrec:U2|clk1 ; 1.000        ; -0.037     ; 2.216      ;
; -1.255 ; count18O:U3|CNT_int[2]           ; temporizador_open:U6|contador[1] ; divisorfrec:U2|clk1 ; divisorfrec:U2|clk1 ; 1.000        ; -0.037     ; 2.205      ;
; -1.255 ; count18O:U3|CNT_int[2]           ; temporizador_open:U6|contador[0] ; divisorfrec:U2|clk1 ; divisorfrec:U2|clk1 ; 1.000        ; -0.037     ; 2.205      ;
; -1.255 ; count18O:U3|CNT_int[2]           ; temporizador_open:U6|contador[2] ; divisorfrec:U2|clk1 ; divisorfrec:U2|clk1 ; 1.000        ; -0.037     ; 2.205      ;
; -1.253 ; count18O:U3|CNT_int[3]           ; temporizador_open:U6|contando    ; divisorfrec:U2|clk1 ; divisorfrec:U2|clk1 ; 1.000        ; -0.036     ; 2.204      ;
; -1.200 ; count18O:U3|CNT_int[5]           ; temporizador_open:U6|contando    ; divisorfrec:U2|clk1 ; divisorfrec:U2|clk1 ; 1.000        ; -0.036     ; 2.151      ;
; -1.178 ; count18O:U3|CNT_int[6]           ; temporizador_open:U6|contador[1] ; divisorfrec:U2|clk1 ; divisorfrec:U2|clk1 ; 1.000        ; -0.037     ; 2.128      ;
; -1.178 ; count18O:U3|CNT_int[6]           ; temporizador_open:U6|contador[0] ; divisorfrec:U2|clk1 ; divisorfrec:U2|clk1 ; 1.000        ; -0.037     ; 2.128      ;
; -1.178 ; count18O:U3|CNT_int[6]           ; temporizador_open:U6|contador[2] ; divisorfrec:U2|clk1 ; divisorfrec:U2|clk1 ; 1.000        ; -0.037     ; 2.128      ;
; -1.129 ; count18O:U3|CNT_int[4]           ; temporizador_open:U6|contando    ; divisorfrec:U2|clk1 ; divisorfrec:U2|clk1 ; 1.000        ; -0.036     ; 2.080      ;
; -1.116 ; count18O:U3|CNT_int[1]           ; temporizador_open:U6|contando    ; divisorfrec:U2|clk1 ; divisorfrec:U2|clk1 ; 1.000        ; -0.036     ; 2.067      ;
; -1.112 ; count18O:U3|CNT_int[0]           ; temporizador_open:U6|contador[1] ; divisorfrec:U2|clk1 ; divisorfrec:U2|clk1 ; 1.000        ; -0.037     ; 2.062      ;
; -1.112 ; count18O:U3|CNT_int[0]           ; temporizador_open:U6|contador[0] ; divisorfrec:U2|clk1 ; divisorfrec:U2|clk1 ; 1.000        ; -0.037     ; 2.062      ;
; -1.112 ; count18O:U3|CNT_int[0]           ; temporizador_open:U6|contador[2] ; divisorfrec:U2|clk1 ; divisorfrec:U2|clk1 ; 1.000        ; -0.037     ; 2.062      ;
; -1.105 ; count18O:U3|CNT_int[2]           ; temporizador_open:U6|contando    ; divisorfrec:U2|clk1 ; divisorfrec:U2|clk1 ; 1.000        ; -0.036     ; 2.056      ;
; -1.025 ; count18O:U3|CNT_int[6]           ; temporizador_open:U6|contando    ; divisorfrec:U2|clk1 ; divisorfrec:U2|clk1 ; 1.000        ; -0.036     ; 1.976      ;
; -0.962 ; count18O:U3|CNT_int[0]           ; temporizador_open:U6|contando    ; divisorfrec:U2|clk1 ; divisorfrec:U2|clk1 ; 1.000        ; -0.036     ; 1.913      ;
; -0.957 ; count18O:U3|CNT_int[7]           ; temporizador_open:U6|contador[1] ; divisorfrec:U2|clk1 ; divisorfrec:U2|clk1 ; 1.000        ; -0.037     ; 1.907      ;
; -0.957 ; count18O:U3|CNT_int[7]           ; temporizador_open:U6|contador[0] ; divisorfrec:U2|clk1 ; divisorfrec:U2|clk1 ; 1.000        ; -0.037     ; 1.907      ;
; -0.957 ; count18O:U3|CNT_int[7]           ; temporizador_open:U6|contador[2] ; divisorfrec:U2|clk1 ; divisorfrec:U2|clk1 ; 1.000        ; -0.037     ; 1.907      ;
; -0.813 ; contador_intentos:U5|cont_int[0] ; temporizador_open:U6|contador[1] ; confirmar           ; divisorfrec:U2|clk1 ; 0.500        ; -0.195     ; 1.095      ;
; -0.813 ; contador_intentos:U5|cont_int[0] ; temporizador_open:U6|contador[0] ; confirmar           ; divisorfrec:U2|clk1 ; 0.500        ; -0.195     ; 1.095      ;
; -0.813 ; contador_intentos:U5|cont_int[0] ; temporizador_open:U6|contador[2] ; confirmar           ; divisorfrec:U2|clk1 ; 0.500        ; -0.195     ; 1.095      ;
; -0.809 ; contador_intentos:U5|cont_int[1] ; temporizador_open:U6|contador[1] ; confirmar           ; divisorfrec:U2|clk1 ; 0.500        ; -0.193     ; 1.093      ;
; -0.809 ; contador_intentos:U5|cont_int[1] ; temporizador_open:U6|contador[0] ; confirmar           ; divisorfrec:U2|clk1 ; 0.500        ; -0.193     ; 1.093      ;
+--------+----------------------------------+----------------------------------+---------------------+---------------------+--------------+------------+------------+


+-----------------------------------------------------------------------------------------------------------------------------------------------------------+
; Fast 1200mV 0C Model Setup: 'confirmar'                                                                                                                   ;
+--------+----------------------------------+----------------------------------+---------------------+-------------+--------------+------------+------------+
; Slack  ; From Node                        ; To Node                          ; Launch Clock        ; Latch Clock ; Relationship ; Clock Skew ; Data Delay ;
+--------+----------------------------------+----------------------------------+---------------------+-------------+--------------+------------+------------+
; -1.346 ; count18O:U3|CNT_int[3]           ; contador_intentos:U5|cont_int[1] ; divisorfrec:U2|clk1 ; confirmar   ; 0.500        ; 0.053      ; 1.876      ;
; -1.338 ; count18O:U3|CNT_int[3]           ; contador_intentos:U5|cont_int[0] ; divisorfrec:U2|clk1 ; confirmar   ; 0.500        ; 0.055      ; 1.870      ;
; -1.297 ; shift_register:U1|D0[1]          ; contador_intentos:U5|cont_int[1] ; Clock_reg           ; confirmar   ; 1.000        ; 0.002      ; 2.276      ;
; -1.293 ; count18O:U3|CNT_int[5]           ; contador_intentos:U5|cont_int[1] ; divisorfrec:U2|clk1 ; confirmar   ; 0.500        ; 0.053      ; 1.823      ;
; -1.290 ; count18O:U3|CNT_int[5]           ; contador_intentos:U5|cont_int[0] ; divisorfrec:U2|clk1 ; confirmar   ; 0.500        ; 0.055      ; 1.822      ;
; -1.272 ; shift_register:U1|D2[2]          ; contador_intentos:U5|cont_int[1] ; Clock_reg           ; confirmar   ; 1.000        ; -0.001     ; 2.248      ;
; -1.272 ; shift_register:U1|D3[0]          ; contador_intentos:U5|cont_int[1] ; Clock_reg           ; confirmar   ; 1.000        ; 0.002      ; 2.251      ;
; -1.229 ; count18O:U3|CNT_int[4]           ; contador_intentos:U5|cont_int[0] ; divisorfrec:U2|clk1 ; confirmar   ; 0.500        ; 0.055      ; 1.761      ;
; -1.222 ; count18O:U3|CNT_int[4]           ; contador_intentos:U5|cont_int[1] ; divisorfrec:U2|clk1 ; confirmar   ; 0.500        ; 0.053      ; 1.752      ;
; -1.220 ; count18O:U3|CNT_int[1]           ; contador_intentos:U5|cont_int[1] ; divisorfrec:U2|clk1 ; confirmar   ; 0.500        ; 0.053      ; 1.750      ;
; -1.206 ; shift_register:U1|D1[1]          ; contador_intentos:U5|cont_int[1] ; Clock_reg           ; confirmar   ; 1.000        ; 0.002      ; 2.185      ;
; -1.198 ; count18O:U3|CNT_int[2]           ; contador_intentos:U5|cont_int[1] ; divisorfrec:U2|clk1 ; confirmar   ; 0.500        ; 0.053      ; 1.728      ;
; -1.178 ; count18O:U3|CNT_int[2]           ; contador_intentos:U5|cont_int[0] ; divisorfrec:U2|clk1 ; confirmar   ; 0.500        ; 0.055      ; 1.710      ;
; -1.175 ; shift_register:U1|D0[2]          ; contador_intentos:U5|cont_int[1] ; Clock_reg           ; confirmar   ; 1.000        ; -0.001     ; 2.151      ;
; -1.147 ; count18O:U3|CNT_int[6]           ; contador_intentos:U5|cont_int[1] ; divisorfrec:U2|clk1 ; confirmar   ; 0.500        ; 0.053      ; 1.677      ;
; -1.132 ; shift_register:U1|D1[0]          ; contador_intentos:U5|cont_int[1] ; Clock_reg           ; confirmar   ; 1.000        ; 0.002      ; 2.111      ;
; -1.131 ; shift_register:U1|D0[3]          ; contador_intentos:U5|cont_int[1] ; Clock_reg           ; confirmar   ; 1.000        ; 0.002      ; 2.110      ;
; -1.126 ; shift_register:U1|D3[2]          ; contador_intentos:U5|cont_int[1] ; Clock_reg           ; confirmar   ; 1.000        ; -0.001     ; 2.102      ;
; -1.125 ; shift_register:U1|D2[0]          ; contador_intentos:U5|cont_int[1] ; Clock_reg           ; confirmar   ; 1.000        ; 0.002      ; 2.104      ;
; -1.117 ; shift_register:U1|D1[2]          ; contador_intentos:U5|cont_int[1] ; Clock_reg           ; confirmar   ; 1.000        ; -0.001     ; 2.093      ;
; -1.114 ; count18O:U3|CNT_int[6]           ; contador_intentos:U5|cont_int[0] ; divisorfrec:U2|clk1 ; confirmar   ; 0.500        ; 0.055      ; 1.646      ;
; -1.100 ; shift_register:U1|D2[2]          ; contador_intentos:U5|cont_int[0] ; Clock_reg           ; confirmar   ; 1.000        ; 0.001      ; 2.078      ;
; -1.100 ; shift_register:U1|D3[0]          ; contador_intentos:U5|cont_int[0] ; Clock_reg           ; confirmar   ; 1.000        ; 0.004      ; 2.081      ;
; -1.093 ; shift_register:U1|D0[1]          ; contador_intentos:U5|cont_int[0] ; Clock_reg           ; confirmar   ; 1.000        ; 0.004      ; 2.074      ;
; -1.084 ; shift_register:U1|D0[0]          ; contador_intentos:U5|cont_int[1] ; Clock_reg           ; confirmar   ; 1.000        ; 0.002      ; 2.063      ;
; -1.076 ; shift_register:U1|D1[3]          ; contador_intentos:U5|cont_int[1] ; Clock_reg           ; confirmar   ; 1.000        ; 0.002      ; 2.055      ;
; -1.071 ; shift_register:U1|D3[1]          ; contador_intentos:U5|cont_int[1] ; Clock_reg           ; confirmar   ; 1.000        ; 0.002      ; 2.050      ;
; -1.071 ; shift_register:U1|D2[1]          ; contador_intentos:U5|cont_int[1] ; Clock_reg           ; confirmar   ; 1.000        ; 0.002      ; 2.050      ;
; -1.055 ; count18O:U3|CNT_int[0]           ; contador_intentos:U5|cont_int[1] ; divisorfrec:U2|clk1 ; confirmar   ; 0.500        ; 0.053      ; 1.585      ;
; -1.053 ; shift_register:U1|D2[3]          ; contador_intentos:U5|cont_int[1] ; Clock_reg           ; confirmar   ; 1.000        ; 0.002      ; 2.032      ;
; -1.037 ; count18O:U3|CNT_int[1]           ; contador_intentos:U5|cont_int[0] ; divisorfrec:U2|clk1 ; confirmar   ; 0.500        ; 0.055      ; 1.569      ;
; -1.003 ; shift_register:U1|D0[2]          ; contador_intentos:U5|cont_int[0] ; Clock_reg           ; confirmar   ; 1.000        ; 0.001      ; 1.981      ;
; -1.002 ; shift_register:U1|D1[1]          ; contador_intentos:U5|cont_int[0] ; Clock_reg           ; confirmar   ; 1.000        ; 0.004      ; 1.983      ;
; -0.954 ; shift_register:U1|D3[2]          ; contador_intentos:U5|cont_int[0] ; Clock_reg           ; confirmar   ; 1.000        ; 0.001      ; 1.932      ;
; -0.945 ; shift_register:U1|D1[2]          ; contador_intentos:U5|cont_int[0] ; Clock_reg           ; confirmar   ; 1.000        ; 0.001      ; 1.923      ;
; -0.940 ; shift_register:U1|D3[1]          ; contador_intentos:U5|cont_int[0] ; Clock_reg           ; confirmar   ; 1.000        ; 0.004      ; 1.921      ;
; -0.928 ; shift_register:U1|D1[0]          ; contador_intentos:U5|cont_int[0] ; Clock_reg           ; confirmar   ; 1.000        ; 0.004      ; 1.909      ;
; -0.927 ; shift_register:U1|D0[3]          ; contador_intentos:U5|cont_int[0] ; Clock_reg           ; confirmar   ; 1.000        ; 0.004      ; 1.908      ;
; -0.921 ; shift_register:U1|D2[0]          ; contador_intentos:U5|cont_int[0] ; Clock_reg           ; confirmar   ; 1.000        ; 0.004      ; 1.902      ;
; -0.900 ; count18O:U3|CNT_int[7]           ; contador_intentos:U5|cont_int[1] ; divisorfrec:U2|clk1 ; confirmar   ; 0.500        ; 0.053      ; 1.430      ;
; -0.894 ; shift_register:U1|D3[3]          ; contador_intentos:U5|cont_int[1] ; Clock_reg           ; confirmar   ; 1.000        ; 0.002      ; 1.873      ;
; -0.883 ; count18O:U3|CNT_int[0]           ; contador_intentos:U5|cont_int[0] ; divisorfrec:U2|clk1 ; confirmar   ; 0.500        ; 0.055      ; 1.415      ;
; -0.881 ; shift_register:U1|D2[3]          ; contador_intentos:U5|cont_int[0] ; Clock_reg           ; confirmar   ; 1.000        ; 0.004      ; 1.862      ;
; -0.880 ; shift_register:U1|D0[0]          ; contador_intentos:U5|cont_int[0] ; Clock_reg           ; confirmar   ; 1.000        ; 0.004      ; 1.861      ;
; -0.872 ; shift_register:U1|D1[3]          ; contador_intentos:U5|cont_int[0] ; Clock_reg           ; confirmar   ; 1.000        ; 0.004      ; 1.853      ;
; -0.867 ; shift_register:U1|D2[1]          ; contador_intentos:U5|cont_int[0] ; Clock_reg           ; confirmar   ; 1.000        ; 0.004      ; 1.848      ;
; -0.775 ; shift_register:U1|D3[3]          ; contador_intentos:U5|cont_int[0] ; Clock_reg           ; confirmar   ; 1.000        ; 0.004      ; 1.756      ;
; -0.736 ; count18O:U3|CNT_int[7]           ; contador_intentos:U5|cont_int[0] ; divisorfrec:U2|clk1 ; confirmar   ; 0.500        ; 0.055      ; 1.268      ;
; 0.240  ; contador_intentos:U5|cont_int[0] ; contador_intentos:U5|cont_int[1] ; confirmar           ; confirmar   ; 1.000        ; -0.043     ; 0.724      ;
; 0.302  ; contador_intentos:U5|cont_int[1] ; contador_intentos:U5|cont_int[0] ; confirmar           ; confirmar   ; 1.000        ; -0.039     ; 0.666      ;
; 0.335  ; contador_intentos:U5|cont_int[0] ; contador_intentos:U5|cont_int[0] ; confirmar           ; confirmar   ; 1.000        ; -0.041     ; 0.631      ;
; 0.633  ; contador_intentos:U5|cont_int[1] ; contador_intentos:U5|cont_int[1] ; confirmar           ; confirmar   ; 1.000        ; -0.024     ; 0.350      ;
+--------+----------------------------------+----------------------------------+---------------------+-------------+--------------+------------+------------+


+--------------------------------------------------------------------------------------------------------------------------------------+
; Fast 1200mV 0C Model Setup: 'CLOCK_50'                                                                                               ;
+--------+---------------------------+---------------------------+--------------+-------------+--------------+------------+------------+
; Slack  ; From Node                 ; To Node                   ; Launch Clock ; Latch Clock ; Relationship ; Clock Skew ; Data Delay ;
+--------+---------------------------+---------------------------+--------------+-------------+--------------+------------+------------+
; -1.059 ; divisorfrec:U2|count1[16] ; divisorfrec:U2|clk1       ; CLOCK_50     ; CLOCK_50    ; 1.000        ; -0.035     ; 2.011      ;
; -1.058 ; divisorfrec:U2|count1[21] ; divisorfrec:U2|clk1       ; CLOCK_50     ; CLOCK_50    ; 1.000        ; -0.035     ; 2.010      ;
; -1.041 ; divisorfrec:U2|count1[1]  ; divisorfrec:U2|clk1       ; CLOCK_50     ; CLOCK_50    ; 1.000        ; -0.038     ; 1.990      ;
; -1.035 ; divisorfrec:U2|count1[24] ; divisorfrec:U2|clk1       ; CLOCK_50     ; CLOCK_50    ; 1.000        ; -0.035     ; 1.987      ;
; -1.029 ; divisorfrec:U2|count1[10] ; divisorfrec:U2|clk1       ; CLOCK_50     ; CLOCK_50    ; 1.000        ; -0.038     ; 1.978      ;
; -1.026 ; divisorfrec:U2|count1[2]  ; divisorfrec:U2|clk1       ; CLOCK_50     ; CLOCK_50    ; 1.000        ; -0.038     ; 1.975      ;
; -1.025 ; divisorfrec:U2|count1[4]  ; divisorfrec:U2|clk1       ; CLOCK_50     ; CLOCK_50    ; 1.000        ; -0.038     ; 1.974      ;
; -0.999 ; divisorfrec:U2|count1[11] ; divisorfrec:U2|clk1       ; CLOCK_50     ; CLOCK_50    ; 1.000        ; -0.038     ; 1.948      ;
; -0.998 ; divisorfrec:U2|count1[9]  ; divisorfrec:U2|clk1       ; CLOCK_50     ; CLOCK_50    ; 1.000        ; -0.038     ; 1.947      ;
; -0.967 ; divisorfrec:U2|count1[3]  ; divisorfrec:U2|clk1       ; CLOCK_50     ; CLOCK_50    ; 1.000        ; -0.038     ; 1.916      ;
; -0.966 ; divisorfrec:U2|count1[22] ; divisorfrec:U2|clk1       ; CLOCK_50     ; CLOCK_50    ; 1.000        ; -0.035     ; 1.918      ;
; -0.962 ; divisorfrec:U2|count1[20] ; divisorfrec:U2|clk1       ; CLOCK_50     ; CLOCK_50    ; 1.000        ; -0.035     ; 1.914      ;
; -0.959 ; divisorfrec:U2|count1[19] ; divisorfrec:U2|clk1       ; CLOCK_50     ; CLOCK_50    ; 1.000        ; -0.035     ; 1.911      ;
; -0.948 ; divisorfrec:U2|count1[23] ; divisorfrec:U2|clk1       ; CLOCK_50     ; CLOCK_50    ; 1.000        ; -0.035     ; 1.900      ;
; -0.941 ; divisorfrec:U2|count1[17] ; divisorfrec:U2|clk1       ; CLOCK_50     ; CLOCK_50    ; 1.000        ; -0.035     ; 1.893      ;
; -0.909 ; divisorfrec:U2|count1[6]  ; divisorfrec:U2|clk1       ; CLOCK_50     ; CLOCK_50    ; 1.000        ; -0.038     ; 1.858      ;
; -0.889 ; divisorfrec:U2|count1[1]  ; divisorfrec:U2|count1[24] ; CLOCK_50     ; CLOCK_50    ; 1.000        ; -0.038     ; 1.838      ;
; -0.889 ; divisorfrec:U2|count1[8]  ; divisorfrec:U2|clk1       ; CLOCK_50     ; CLOCK_50    ; 1.000        ; -0.038     ; 1.838      ;
; -0.888 ; divisorfrec:U2|count1[7]  ; divisorfrec:U2|clk1       ; CLOCK_50     ; CLOCK_50    ; 1.000        ; -0.038     ; 1.837      ;
; -0.882 ; divisorfrec:U2|count1[14] ; divisorfrec:U2|clk1       ; CLOCK_50     ; CLOCK_50    ; 1.000        ; -0.035     ; 1.834      ;
; -0.878 ; divisorfrec:U2|count1[18] ; divisorfrec:U2|clk1       ; CLOCK_50     ; CLOCK_50    ; 1.000        ; -0.035     ; 1.830      ;
; -0.844 ; divisorfrec:U2|count1[0]  ; divisorfrec:U2|count1[24] ; CLOCK_50     ; CLOCK_50    ; 1.000        ; -0.038     ; 1.793      ;
; -0.838 ; divisorfrec:U2|count1[15] ; divisorfrec:U2|clk1       ; CLOCK_50     ; CLOCK_50    ; 1.000        ; -0.035     ; 1.790      ;
; -0.831 ; divisorfrec:U2|count1[1]  ; divisorfrec:U2|count1[20] ; CLOCK_50     ; CLOCK_50    ; 1.000        ; -0.038     ; 1.780      ;
; -0.825 ; divisorfrec:U2|count1[0]  ; divisorfrec:U2|clk1       ; CLOCK_50     ; CLOCK_50    ; 1.000        ; -0.038     ; 1.774      ;
; -0.824 ; divisorfrec:U2|count1[3]  ; divisorfrec:U2|count1[24] ; CLOCK_50     ; CLOCK_50    ; 1.000        ; -0.038     ; 1.773      ;
; -0.822 ; divisorfrec:U2|count1[1]  ; divisorfrec:U2|count1[22] ; CLOCK_50     ; CLOCK_50    ; 1.000        ; -0.038     ; 1.771      ;
; -0.818 ; divisorfrec:U2|count1[13] ; divisorfrec:U2|clk1       ; CLOCK_50     ; CLOCK_50    ; 1.000        ; -0.035     ; 1.770      ;
; -0.812 ; divisorfrec:U2|count1[12] ; divisorfrec:U2|clk1       ; CLOCK_50     ; CLOCK_50    ; 1.000        ; -0.035     ; 1.764      ;
; -0.809 ; divisorfrec:U2|count1[5]  ; divisorfrec:U2|clk1       ; CLOCK_50     ; CLOCK_50    ; 1.000        ; -0.038     ; 1.758      ;
; -0.792 ; divisorfrec:U2|count1[16] ; divisorfrec:U2|count1[11] ; CLOCK_50     ; CLOCK_50    ; 1.000        ; -0.032     ; 1.747      ;
; -0.791 ; divisorfrec:U2|count1[21] ; divisorfrec:U2|count1[11] ; CLOCK_50     ; CLOCK_50    ; 1.000        ; -0.032     ; 1.746      ;
; -0.786 ; divisorfrec:U2|count1[0]  ; divisorfrec:U2|count1[20] ; CLOCK_50     ; CLOCK_50    ; 1.000        ; -0.038     ; 1.735      ;
; -0.777 ; divisorfrec:U2|count1[0]  ; divisorfrec:U2|count1[22] ; CLOCK_50     ; CLOCK_50    ; 1.000        ; -0.038     ; 1.726      ;
; -0.774 ; divisorfrec:U2|count1[1]  ; divisorfrec:U2|count1[11] ; CLOCK_50     ; CLOCK_50    ; 1.000        ; -0.035     ; 1.726      ;
; -0.773 ; divisorfrec:U2|count1[2]  ; divisorfrec:U2|count1[24] ; CLOCK_50     ; CLOCK_50    ; 1.000        ; -0.038     ; 1.722      ;
; -0.768 ; divisorfrec:U2|count1[24] ; divisorfrec:U2|count1[11] ; CLOCK_50     ; CLOCK_50    ; 1.000        ; -0.032     ; 1.723      ;
; -0.766 ; divisorfrec:U2|count1[3]  ; divisorfrec:U2|count1[20] ; CLOCK_50     ; CLOCK_50    ; 1.000        ; -0.038     ; 1.715      ;
; -0.759 ; divisorfrec:U2|count1[2]  ; divisorfrec:U2|count1[11] ; CLOCK_50     ; CLOCK_50    ; 1.000        ; -0.035     ; 1.711      ;
; -0.758 ; divisorfrec:U2|count1[4]  ; divisorfrec:U2|count1[11] ; CLOCK_50     ; CLOCK_50    ; 1.000        ; -0.035     ; 1.710      ;
; -0.757 ; divisorfrec:U2|count1[3]  ; divisorfrec:U2|count1[22] ; CLOCK_50     ; CLOCK_50    ; 1.000        ; -0.038     ; 1.706      ;
; -0.751 ; divisorfrec:U2|count1[5]  ; divisorfrec:U2|count1[24] ; CLOCK_50     ; CLOCK_50    ; 1.000        ; -0.038     ; 1.700      ;
; -0.742 ; divisorfrec:U2|count1[10] ; divisorfrec:U2|count1[11] ; CLOCK_50     ; CLOCK_50    ; 1.000        ; -0.035     ; 1.694      ;
; -0.732 ; divisorfrec:U2|count1[11] ; divisorfrec:U2|count1[11] ; CLOCK_50     ; CLOCK_50    ; 1.000        ; -0.035     ; 1.684      ;
; -0.715 ; divisorfrec:U2|count1[2]  ; divisorfrec:U2|count1[20] ; CLOCK_50     ; CLOCK_50    ; 1.000        ; -0.038     ; 1.664      ;
; -0.706 ; divisorfrec:U2|count1[2]  ; divisorfrec:U2|count1[22] ; CLOCK_50     ; CLOCK_50    ; 1.000        ; -0.038     ; 1.655      ;
; -0.703 ; divisorfrec:U2|count1[4]  ; divisorfrec:U2|count1[24] ; CLOCK_50     ; CLOCK_50    ; 1.000        ; -0.038     ; 1.652      ;
; -0.701 ; divisorfrec:U2|count1[9]  ; divisorfrec:U2|count1[11] ; CLOCK_50     ; CLOCK_50    ; 1.000        ; -0.035     ; 1.653      ;
; -0.700 ; divisorfrec:U2|count1[3]  ; divisorfrec:U2|count1[11] ; CLOCK_50     ; CLOCK_50    ; 1.000        ; -0.035     ; 1.652      ;
; -0.699 ; divisorfrec:U2|count1[22] ; divisorfrec:U2|count1[11] ; CLOCK_50     ; CLOCK_50    ; 1.000        ; -0.032     ; 1.654      ;
; -0.695 ; divisorfrec:U2|count1[20] ; divisorfrec:U2|count1[11] ; CLOCK_50     ; CLOCK_50    ; 1.000        ; -0.032     ; 1.650      ;
; -0.693 ; divisorfrec:U2|count1[5]  ; divisorfrec:U2|count1[20] ; CLOCK_50     ; CLOCK_50    ; 1.000        ; -0.038     ; 1.642      ;
; -0.692 ; divisorfrec:U2|count1[19] ; divisorfrec:U2|count1[11] ; CLOCK_50     ; CLOCK_50    ; 1.000        ; -0.032     ; 1.647      ;
; -0.685 ; divisorfrec:U2|count1[1]  ; divisorfrec:U2|count1[18] ; CLOCK_50     ; CLOCK_50    ; 1.000        ; -0.038     ; 1.634      ;
; -0.684 ; divisorfrec:U2|count1[5]  ; divisorfrec:U2|count1[22] ; CLOCK_50     ; CLOCK_50    ; 1.000        ; -0.038     ; 1.633      ;
; -0.681 ; divisorfrec:U2|count1[23] ; divisorfrec:U2|count1[11] ; CLOCK_50     ; CLOCK_50    ; 1.000        ; -0.032     ; 1.636      ;
; -0.679 ; divisorfrec:U2|count1[16] ; divisorfrec:U2|count1[6]  ; CLOCK_50     ; CLOCK_50    ; 1.000        ; -0.032     ; 1.634      ;
; -0.679 ; divisorfrec:U2|count1[7]  ; divisorfrec:U2|count1[24] ; CLOCK_50     ; CLOCK_50    ; 1.000        ; -0.038     ; 1.628      ;
; -0.678 ; divisorfrec:U2|count1[21] ; divisorfrec:U2|count1[6]  ; CLOCK_50     ; CLOCK_50    ; 1.000        ; -0.032     ; 1.633      ;
; -0.676 ; divisorfrec:U2|count1[1]  ; divisorfrec:U2|count1[19] ; CLOCK_50     ; CLOCK_50    ; 1.000        ; -0.038     ; 1.625      ;
; -0.674 ; divisorfrec:U2|count1[17] ; divisorfrec:U2|count1[11] ; CLOCK_50     ; CLOCK_50    ; 1.000        ; -0.032     ; 1.629      ;
; -0.668 ; divisorfrec:U2|count1[1]  ; divisorfrec:U2|count1[21] ; CLOCK_50     ; CLOCK_50    ; 1.000        ; -0.038     ; 1.617      ;
; -0.666 ; divisorfrec:U2|count1[0]  ; divisorfrec:U2|count1[19] ; CLOCK_50     ; CLOCK_50    ; 1.000        ; -0.038     ; 1.615      ;
; -0.661 ; divisorfrec:U2|count1[1]  ; divisorfrec:U2|count1[6]  ; CLOCK_50     ; CLOCK_50    ; 1.000        ; -0.035     ; 1.613      ;
; -0.658 ; divisorfrec:U2|count1[0]  ; divisorfrec:U2|count1[21] ; CLOCK_50     ; CLOCK_50    ; 1.000        ; -0.038     ; 1.607      ;
; -0.655 ; divisorfrec:U2|count1[24] ; divisorfrec:U2|count1[6]  ; CLOCK_50     ; CLOCK_50    ; 1.000        ; -0.032     ; 1.610      ;
; -0.646 ; divisorfrec:U2|count1[2]  ; divisorfrec:U2|count1[6]  ; CLOCK_50     ; CLOCK_50    ; 1.000        ; -0.035     ; 1.598      ;
; -0.645 ; divisorfrec:U2|count1[4]  ; divisorfrec:U2|count1[20] ; CLOCK_50     ; CLOCK_50    ; 1.000        ; -0.038     ; 1.594      ;
; -0.645 ; divisorfrec:U2|count1[4]  ; divisorfrec:U2|count1[6]  ; CLOCK_50     ; CLOCK_50    ; 1.000        ; -0.035     ; 1.597      ;
; -0.644 ; divisorfrec:U2|count1[6]  ; divisorfrec:U2|count1[24] ; CLOCK_50     ; CLOCK_50    ; 1.000        ; -0.038     ; 1.593      ;
; -0.642 ; divisorfrec:U2|count1[6]  ; divisorfrec:U2|count1[11] ; CLOCK_50     ; CLOCK_50    ; 1.000        ; -0.035     ; 1.594      ;
; -0.640 ; divisorfrec:U2|count1[0]  ; divisorfrec:U2|count1[18] ; CLOCK_50     ; CLOCK_50    ; 1.000        ; -0.038     ; 1.589      ;
; -0.636 ; divisorfrec:U2|count1[4]  ; divisorfrec:U2|count1[22] ; CLOCK_50     ; CLOCK_50    ; 1.000        ; -0.038     ; 1.585      ;
; -0.635 ; divisorfrec:U2|count1[10] ; divisorfrec:U2|count1[6]  ; CLOCK_50     ; CLOCK_50    ; 1.000        ; -0.035     ; 1.587      ;
; -0.622 ; divisorfrec:U2|count1[8]  ; divisorfrec:U2|count1[11] ; CLOCK_50     ; CLOCK_50    ; 1.000        ; -0.035     ; 1.574      ;
; -0.621 ; divisorfrec:U2|count1[7]  ; divisorfrec:U2|count1[20] ; CLOCK_50     ; CLOCK_50    ; 1.000        ; -0.038     ; 1.570      ;
; -0.621 ; divisorfrec:U2|count1[7]  ; divisorfrec:U2|count1[11] ; CLOCK_50     ; CLOCK_50    ; 1.000        ; -0.035     ; 1.573      ;
; -0.620 ; divisorfrec:U2|count1[3]  ; divisorfrec:U2|count1[18] ; CLOCK_50     ; CLOCK_50    ; 1.000        ; -0.038     ; 1.569      ;
; -0.619 ; divisorfrec:U2|count1[11] ; divisorfrec:U2|count1[6]  ; CLOCK_50     ; CLOCK_50    ; 1.000        ; -0.035     ; 1.571      ;
; -0.617 ; divisorfrec:U2|count1[9]  ; divisorfrec:U2|count1[24] ; CLOCK_50     ; CLOCK_50    ; 1.000        ; -0.038     ; 1.566      ;
; -0.615 ; divisorfrec:U2|count1[14] ; divisorfrec:U2|count1[11] ; CLOCK_50     ; CLOCK_50    ; 1.000        ; -0.032     ; 1.570      ;
; -0.612 ; divisorfrec:U2|count1[7]  ; divisorfrec:U2|count1[22] ; CLOCK_50     ; CLOCK_50    ; 1.000        ; -0.038     ; 1.561      ;
; -0.611 ; divisorfrec:U2|count1[18] ; divisorfrec:U2|count1[11] ; CLOCK_50     ; CLOCK_50    ; 1.000        ; -0.032     ; 1.566      ;
; -0.611 ; divisorfrec:U2|count1[3]  ; divisorfrec:U2|count1[19] ; CLOCK_50     ; CLOCK_50    ; 1.000        ; -0.038     ; 1.560      ;
; -0.607 ; divisorfrec:U2|count1[1]  ; divisorfrec:U2|count1[14] ; CLOCK_50     ; CLOCK_50    ; 1.000        ; -0.038     ; 1.556      ;
; -0.604 ; divisorfrec:U2|count1[1]  ; divisorfrec:U2|count1[16] ; CLOCK_50     ; CLOCK_50    ; 1.000        ; -0.038     ; 1.553      ;
; -0.604 ; divisorfrec:U2|count1[9]  ; divisorfrec:U2|count1[6]  ; CLOCK_50     ; CLOCK_50    ; 1.000        ; -0.035     ; 1.556      ;
; -0.603 ; divisorfrec:U2|count1[3]  ; divisorfrec:U2|count1[21] ; CLOCK_50     ; CLOCK_50    ; 1.000        ; -0.038     ; 1.552      ;
; -0.602 ; divisorfrec:U2|count1[16] ; divisorfrec:U2|count1[13] ; CLOCK_50     ; CLOCK_50    ; 1.000        ; -0.035     ; 1.554      ;
; -0.601 ; divisorfrec:U2|count1[16] ; divisorfrec:U2|count1[21] ; CLOCK_50     ; CLOCK_50    ; 1.000        ; -0.035     ; 1.553      ;
; -0.601 ; divisorfrec:U2|count1[21] ; divisorfrec:U2|count1[13] ; CLOCK_50     ; CLOCK_50    ; 1.000        ; -0.035     ; 1.553      ;
; -0.600 ; divisorfrec:U2|count1[21] ; divisorfrec:U2|count1[21] ; CLOCK_50     ; CLOCK_50    ; 1.000        ; -0.035     ; 1.552      ;
; -0.591 ; divisorfrec:U2|count1[2]  ; divisorfrec:U2|count1[19] ; CLOCK_50     ; CLOCK_50    ; 1.000        ; -0.038     ; 1.540      ;
; -0.587 ; divisorfrec:U2|count1[3]  ; divisorfrec:U2|count1[6]  ; CLOCK_50     ; CLOCK_50    ; 1.000        ; -0.035     ; 1.539      ;
; -0.586 ; divisorfrec:U2|count1[6]  ; divisorfrec:U2|count1[20] ; CLOCK_50     ; CLOCK_50    ; 1.000        ; -0.038     ; 1.535      ;
; -0.586 ; divisorfrec:U2|count1[22] ; divisorfrec:U2|count1[6]  ; CLOCK_50     ; CLOCK_50    ; 1.000        ; -0.032     ; 1.541      ;
; -0.584 ; divisorfrec:U2|count1[1]  ; divisorfrec:U2|count1[13] ; CLOCK_50     ; CLOCK_50    ; 1.000        ; -0.038     ; 1.533      ;
; -0.583 ; divisorfrec:U2|count1[2]  ; divisorfrec:U2|count1[21] ; CLOCK_50     ; CLOCK_50    ; 1.000        ; -0.038     ; 1.532      ;
; -0.582 ; divisorfrec:U2|count1[20] ; divisorfrec:U2|count1[6]  ; CLOCK_50     ; CLOCK_50    ; 1.000        ; -0.032     ; 1.537      ;
; -0.579 ; divisorfrec:U2|count1[19] ; divisorfrec:U2|count1[6]  ; CLOCK_50     ; CLOCK_50    ; 1.000        ; -0.032     ; 1.534      ;
+--------+---------------------------+---------------------------+--------------+-------------+--------------+------------+------------+


+---------------------------------------------------------------------------------------------------------------------------------+
; Fast 1200mV 0C Model Setup: 'Clock_reg'                                                                                         ;
+-------+-------------------------+-------------------------+--------------+-------------+--------------+------------+------------+
; Slack ; From Node               ; To Node                 ; Launch Clock ; Latch Clock ; Relationship ; Clock Skew ; Data Delay ;
+-------+-------------------------+-------------------------+--------------+-------------+--------------+------------+------------+
; 0.312 ; shift_register:U1|D0[1] ; shift_register:U1|D1[1] ; Clock_reg    ; Clock_reg   ; 1.000        ; -0.027     ; 0.668      ;
; 0.449 ; shift_register:U1|D1[1] ; shift_register:U1|D2[1] ; Clock_reg    ; Clock_reg   ; 1.000        ; -0.027     ; 0.531      ;
; 0.452 ; shift_register:U1|D2[3] ; shift_register:U1|D3[3] ; Clock_reg    ; Clock_reg   ; 1.000        ; -0.027     ; 0.528      ;
; 0.515 ; shift_register:U1|D2[0] ; shift_register:U1|D3[0] ; Clock_reg    ; Clock_reg   ; 1.000        ; -0.027     ; 0.465      ;
; 0.516 ; shift_register:U1|D0[2] ; shift_register:U1|D1[2] ; Clock_reg    ; Clock_reg   ; 1.000        ; -0.027     ; 0.464      ;
; 0.518 ; shift_register:U1|D1[3] ; shift_register:U1|D2[3] ; Clock_reg    ; Clock_reg   ; 1.000        ; -0.027     ; 0.462      ;
; 0.519 ; shift_register:U1|D2[1] ; shift_register:U1|D3[1] ; Clock_reg    ; Clock_reg   ; 1.000        ; -0.027     ; 0.461      ;
; 0.525 ; shift_register:U1|D0[0] ; shift_register:U1|D1[0] ; Clock_reg    ; Clock_reg   ; 1.000        ; -0.027     ; 0.455      ;
; 0.532 ; shift_register:U1|D1[0] ; shift_register:U1|D2[0] ; Clock_reg    ; Clock_reg   ; 1.000        ; -0.027     ; 0.448      ;
; 0.582 ; shift_register:U1|D2[2] ; shift_register:U1|D3[2] ; Clock_reg    ; Clock_reg   ; 1.000        ; -0.027     ; 0.398      ;
; 0.584 ; shift_register:U1|D1[2] ; shift_register:U1|D2[2] ; Clock_reg    ; Clock_reg   ; 1.000        ; -0.027     ; 0.396      ;
; 0.602 ; shift_register:U1|D0[3] ; shift_register:U1|D1[3] ; Clock_reg    ; Clock_reg   ; 1.000        ; -0.027     ; 0.378      ;
+-------+-------------------------+-------------------------+--------------+-------------+--------------+------------+------------+


+-------------------------------------------------------------------------------------------------------------------------------------------------------------------+
; Fast 1200mV 0C Model Hold: 'divisorfrec:U2|clk1'                                                                                                                  ;
+--------+----------------------------------+----------------------------------+---------------------+---------------------+--------------+------------+------------+
; Slack  ; From Node                        ; To Node                          ; Launch Clock        ; Latch Clock         ; Relationship ; Clock Skew ; Data Delay ;
+--------+----------------------------------+----------------------------------+---------------------+---------------------+--------------+------------+------------+
; -0.340 ; confirmar                        ; temporizador_open:U6|contando    ; confirmar           ; divisorfrec:U2|clk1 ; 0.000        ; 1.768      ; 1.542      ;
; -0.125 ; confirmar                        ; temporizador_open:U6|contador[1] ; confirmar           ; divisorfrec:U2|clk1 ; 0.000        ; 1.767      ; 1.756      ;
; -0.125 ; confirmar                        ; temporizador_open:U6|contador[0] ; confirmar           ; divisorfrec:U2|clk1 ; 0.000        ; 1.767      ; 1.756      ;
; -0.125 ; confirmar                        ; temporizador_open:U6|contador[2] ; confirmar           ; divisorfrec:U2|clk1 ; 0.000        ; 1.767      ; 1.756      ;
; 0.187  ; temporizador_open:U6|contador[1] ; temporizador_open:U6|contador[1] ; divisorfrec:U2|clk1 ; divisorfrec:U2|clk1 ; 0.000        ; 0.036      ; 0.307      ;
; 0.187  ; temporizador_open:U6|contador[2] ; temporizador_open:U6|contador[2] ; divisorfrec:U2|clk1 ; divisorfrec:U2|clk1 ; 0.000        ; 0.036      ; 0.307      ;
; 0.194  ; temporizador_open:U6|contador[0] ; temporizador_open:U6|contador[0] ; divisorfrec:U2|clk1 ; divisorfrec:U2|clk1 ; 0.000        ; 0.036      ; 0.314      ;
; 0.204  ; temporizador_open:U6|contador[1] ; temporizador_open:U6|contador[0] ; divisorfrec:U2|clk1 ; divisorfrec:U2|clk1 ; 0.000        ; 0.036      ; 0.324      ;
; 0.205  ; temporizador_open:U6|contador[1] ; temporizador_open:U6|contador[2] ; divisorfrec:U2|clk1 ; divisorfrec:U2|clk1 ; 0.000        ; 0.036      ; 0.325      ;
; 0.271  ; temporizador_open:U6|contador[0] ; temporizador_open:U6|contador[1] ; divisorfrec:U2|clk1 ; divisorfrec:U2|clk1 ; 0.000        ; 0.036      ; 0.391      ;
; 0.315  ; temporizador_open:U6|contador[0] ; temporizador_open:U6|contador[2] ; divisorfrec:U2|clk1 ; divisorfrec:U2|clk1 ; 0.000        ; 0.036      ; 0.435      ;
; 0.366  ; count18O:U3|CNT_int[7]           ; count18O:U3|CNT_int[7]           ; divisorfrec:U2|clk1 ; divisorfrec:U2|clk1 ; 0.000        ; 0.036      ; 0.486      ;
; 0.405  ; temporizador_open:U6|contador[2] ; temporizador_open:U6|contador[0] ; divisorfrec:U2|clk1 ; divisorfrec:U2|clk1 ; 0.000        ; 0.036      ; 0.525      ;
; 0.406  ; temporizador_open:U6|contador[2] ; temporizador_open:U6|contador[1] ; divisorfrec:U2|clk1 ; divisorfrec:U2|clk1 ; 0.000        ; 0.036      ; 0.526      ;
; 0.448  ; temporizador_open:U6|contador[1] ; temporizador_open:U6|contando    ; divisorfrec:U2|clk1 ; divisorfrec:U2|clk1 ; 0.000        ; 0.037      ; 0.569      ;
; 0.527  ; count18O:U3|CNT_int[7]           ; count18O:U3|CNT_int[0]           ; divisorfrec:U2|clk1 ; divisorfrec:U2|clk1 ; 0.000        ; 0.036      ; 0.647      ;
; 0.529  ; count18O:U3|CNT_int[7]           ; count18O:U3|CNT_int[1]           ; divisorfrec:U2|clk1 ; divisorfrec:U2|clk1 ; 0.000        ; 0.036      ; 0.649      ;
; 0.556  ; temporizador_open:U6|contador[2] ; temporizador_open:U6|contando    ; divisorfrec:U2|clk1 ; divisorfrec:U2|clk1 ; 0.000        ; 0.037      ; 0.677      ;
; 0.560  ; count18O:U3|CNT_int[0]           ; count18O:U3|CNT_int[0]           ; divisorfrec:U2|clk1 ; divisorfrec:U2|clk1 ; 0.000        ; 0.036      ; 0.680      ;
; 0.562  ; count18O:U3|CNT_int[0]           ; count18O:U3|CNT_int[1]           ; divisorfrec:U2|clk1 ; divisorfrec:U2|clk1 ; 0.000        ; 0.036      ; 0.682      ;
; 0.586  ; temporizador_open:U6|contando    ; temporizador_open:U6|contando    ; divisorfrec:U2|clk1 ; divisorfrec:U2|clk1 ; 0.000        ; 0.036      ; 0.706      ;
; 0.599  ; temporizador_open:U6|contador[0] ; temporizador_open:U6|contando    ; divisorfrec:U2|clk1 ; divisorfrec:U2|clk1 ; 0.000        ; 0.037      ; 0.720      ;
; 0.600  ; confirmar                        ; temporizador_open:U6|contando    ; confirmar           ; divisorfrec:U2|clk1 ; -0.500       ; 1.768      ; 1.982      ;
; 0.601  ; count18O:U3|CNT_int[3]           ; count18O:U3|CNT_int[3]           ; divisorfrec:U2|clk1 ; divisorfrec:U2|clk1 ; 0.000        ; 0.036      ; 0.721      ;
; 0.612  ; count18O:U3|CNT_int[4]           ; count18O:U3|CNT_int[4]           ; divisorfrec:U2|clk1 ; divisorfrec:U2|clk1 ; 0.000        ; 0.036      ; 0.732      ;
; 0.621  ; count18O:U3|CNT_int[5]           ; count18O:U3|CNT_int[5]           ; divisorfrec:U2|clk1 ; divisorfrec:U2|clk1 ; 0.000        ; 0.036      ; 0.741      ;
; 0.630  ; count18O:U3|CNT_int[3]           ; count18O:U3|CNT_int[0]           ; divisorfrec:U2|clk1 ; divisorfrec:U2|clk1 ; 0.000        ; 0.036      ; 0.750      ;
; 0.632  ; count18O:U3|CNT_int[3]           ; count18O:U3|CNT_int[1]           ; divisorfrec:U2|clk1 ; divisorfrec:U2|clk1 ; 0.000        ; 0.036      ; 0.752      ;
; 0.675  ; count18O:U3|CNT_int[2]           ; count18O:U3|CNT_int[2]           ; divisorfrec:U2|clk1 ; divisorfrec:U2|clk1 ; 0.000        ; 0.036      ; 0.795      ;
; 0.698  ; count18O:U3|CNT_int[1]           ; count18O:U3|CNT_int[0]           ; divisorfrec:U2|clk1 ; divisorfrec:U2|clk1 ; 0.000        ; 0.036      ; 0.818      ;
; 0.700  ; count18O:U3|CNT_int[1]           ; count18O:U3|CNT_int[1]           ; divisorfrec:U2|clk1 ; divisorfrec:U2|clk1 ; 0.000        ; 0.036      ; 0.820      ;
; 0.707  ; count18O:U3|CNT_int[4]           ; count18O:U3|CNT_int[0]           ; divisorfrec:U2|clk1 ; divisorfrec:U2|clk1 ; 0.000        ; 0.036      ; 0.827      ;
; 0.709  ; count18O:U3|CNT_int[4]           ; count18O:U3|CNT_int[1]           ; divisorfrec:U2|clk1 ; divisorfrec:U2|clk1 ; 0.000        ; 0.036      ; 0.829      ;
; 0.715  ; count18O:U3|CNT_int[7]           ; count18O:U3|CNT_int[3]           ; divisorfrec:U2|clk1 ; divisorfrec:U2|clk1 ; 0.000        ; 0.036      ; 0.835      ;
; 0.717  ; count18O:U3|CNT_int[7]           ; count18O:U3|CNT_int[6]           ; divisorfrec:U2|clk1 ; divisorfrec:U2|clk1 ; 0.000        ; 0.036      ; 0.837      ;
; 0.725  ; count18O:U3|CNT_int[6]           ; count18O:U3|CNT_int[6]           ; divisorfrec:U2|clk1 ; divisorfrec:U2|clk1 ; 0.000        ; 0.036      ; 0.845      ;
; 0.748  ; count18O:U3|CNT_int[0]           ; count18O:U3|CNT_int[3]           ; divisorfrec:U2|clk1 ; divisorfrec:U2|clk1 ; 0.000        ; 0.036      ; 0.868      ;
; 0.750  ; count18O:U3|CNT_int[0]           ; count18O:U3|CNT_int[6]           ; divisorfrec:U2|clk1 ; divisorfrec:U2|clk1 ; 0.000        ; 0.036      ; 0.870      ;
; 0.753  ; count18O:U3|CNT_int[5]           ; count18O:U3|CNT_int[7]           ; divisorfrec:U2|clk1 ; divisorfrec:U2|clk1 ; 0.000        ; 0.036      ; 0.873      ;
; 0.760  ; count18O:U3|CNT_int[3]           ; count18O:U3|CNT_int[4]           ; divisorfrec:U2|clk1 ; divisorfrec:U2|clk1 ; 0.000        ; 0.036      ; 0.880      ;
; 0.761  ; count18O:U3|CNT_int[2]           ; count18O:U3|CNT_int[3]           ; divisorfrec:U2|clk1 ; divisorfrec:U2|clk1 ; 0.000        ; 0.036      ; 0.881      ;
; 0.761  ; count18O:U3|CNT_int[4]           ; count18O:U3|CNT_int[7]           ; divisorfrec:U2|clk1 ; divisorfrec:U2|clk1 ; 0.000        ; 0.036      ; 0.881      ;
; 0.774  ; count18O:U3|CNT_int[2]           ; count18O:U3|CNT_int[4]           ; divisorfrec:U2|clk1 ; divisorfrec:U2|clk1 ; 0.000        ; 0.036      ; 0.894      ;
; 0.775  ; count18O:U3|CNT_int[4]           ; count18O:U3|CNT_int[5]           ; divisorfrec:U2|clk1 ; divisorfrec:U2|clk1 ; 0.000        ; 0.036      ; 0.895      ;
; 0.777  ; count18O:U3|CNT_int[5]           ; count18O:U3|CNT_int[6]           ; divisorfrec:U2|clk1 ; divisorfrec:U2|clk1 ; 0.000        ; 0.036      ; 0.897      ;
; 0.786  ; count18O:U3|CNT_int[4]           ; count18O:U3|CNT_int[6]           ; divisorfrec:U2|clk1 ; divisorfrec:U2|clk1 ; 0.000        ; 0.036      ; 0.906      ;
; 0.805  ; temporizador_open:U6|contando    ; temporizador_open:U6|contador[2] ; divisorfrec:U2|clk1 ; divisorfrec:U2|clk1 ; 0.000        ; 0.035      ; 0.924      ;
; 0.814  ; count18O:U3|CNT_int[3]           ; count18O:U3|CNT_int[7]           ; divisorfrec:U2|clk1 ; divisorfrec:U2|clk1 ; 0.000        ; 0.036      ; 0.934      ;
; 0.820  ; count18O:U3|CNT_int[3]           ; count18O:U3|CNT_int[6]           ; divisorfrec:U2|clk1 ; divisorfrec:U2|clk1 ; 0.000        ; 0.036      ; 0.940      ;
; 0.822  ; temporizador_open:U6|contando    ; temporizador_open:U6|contador[1] ; divisorfrec:U2|clk1 ; divisorfrec:U2|clk1 ; 0.000        ; 0.035      ; 0.941      ;
; 0.825  ; temporizador_open:U6|contando    ; temporizador_open:U6|contador[0] ; divisorfrec:U2|clk1 ; divisorfrec:U2|clk1 ; 0.000        ; 0.035      ; 0.944      ;
; 0.826  ; count18O:U3|CNT_int[6]           ; count18O:U3|CNT_int[7]           ; divisorfrec:U2|clk1 ; divisorfrec:U2|clk1 ; 0.000        ; 0.036      ; 0.946      ;
; 0.828  ; count18O:U3|CNT_int[2]           ; count18O:U3|CNT_int[7]           ; divisorfrec:U2|clk1 ; divisorfrec:U2|clk1 ; 0.000        ; 0.036      ; 0.948      ;
; 0.828  ; confirmar                        ; temporizador_open:U6|contador[1] ; confirmar           ; divisorfrec:U2|clk1 ; -0.500       ; 1.767      ; 2.209      ;
; 0.828  ; confirmar                        ; temporizador_open:U6|contador[0] ; confirmar           ; divisorfrec:U2|clk1 ; -0.500       ; 1.767      ; 2.209      ;
; 0.828  ; confirmar                        ; temporizador_open:U6|contador[2] ; confirmar           ; divisorfrec:U2|clk1 ; -0.500       ; 1.767      ; 2.209      ;
; 0.832  ; count18O:U3|CNT_int[3]           ; count18O:U3|CNT_int[5]           ; divisorfrec:U2|clk1 ; divisorfrec:U2|clk1 ; 0.000        ; 0.036      ; 0.952      ;
; 0.842  ; count18O:U3|CNT_int[6]           ; count18O:U3|CNT_int[0]           ; divisorfrec:U2|clk1 ; divisorfrec:U2|clk1 ; 0.000        ; 0.036      ; 0.962      ;
; 0.844  ; count18O:U3|CNT_int[6]           ; count18O:U3|CNT_int[1]           ; divisorfrec:U2|clk1 ; divisorfrec:U2|clk1 ; 0.000        ; 0.036      ; 0.964      ;
; 0.845  ; count18O:U3|CNT_int[2]           ; count18O:U3|CNT_int[5]           ; divisorfrec:U2|clk1 ; divisorfrec:U2|clk1 ; 0.000        ; 0.036      ; 0.965      ;
; 0.846  ; count18O:U3|CNT_int[5]           ; count18O:U3|CNT_int[0]           ; divisorfrec:U2|clk1 ; divisorfrec:U2|clk1 ; 0.000        ; 0.036      ; 0.966      ;
; 0.848  ; count18O:U3|CNT_int[5]           ; count18O:U3|CNT_int[1]           ; divisorfrec:U2|clk1 ; divisorfrec:U2|clk1 ; 0.000        ; 0.036      ; 0.968      ;
; 0.856  ; count18O:U3|CNT_int[2]           ; count18O:U3|CNT_int[6]           ; divisorfrec:U2|clk1 ; divisorfrec:U2|clk1 ; 0.000        ; 0.036      ; 0.976      ;
; 0.886  ; count18O:U3|CNT_int[1]           ; count18O:U3|CNT_int[3]           ; divisorfrec:U2|clk1 ; divisorfrec:U2|clk1 ; 0.000        ; 0.036      ; 1.006      ;
; 0.886  ; count18O:U3|CNT_int[0]           ; count18O:U3|CNT_int[5]           ; divisorfrec:U2|clk1 ; divisorfrec:U2|clk1 ; 0.000        ; 0.036      ; 1.006      ;
; 0.888  ; count18O:U3|CNT_int[1]           ; count18O:U3|CNT_int[6]           ; divisorfrec:U2|clk1 ; divisorfrec:U2|clk1 ; 0.000        ; 0.036      ; 1.008      ;
; 0.895  ; count18O:U3|CNT_int[4]           ; count18O:U3|CNT_int[3]           ; divisorfrec:U2|clk1 ; divisorfrec:U2|clk1 ; 0.000        ; 0.036      ; 1.015      ;
; 0.947  ; count18O:U3|CNT_int[1]           ; count18O:U3|CNT_int[2]           ; divisorfrec:U2|clk1 ; divisorfrec:U2|clk1 ; 0.000        ; 0.036      ; 1.067      ;
; 0.949  ; count18O:U3|CNT_int[2]           ; count18O:U3|CNT_int[0]           ; divisorfrec:U2|clk1 ; divisorfrec:U2|clk1 ; 0.000        ; 0.036      ; 1.069      ;
; 0.951  ; count18O:U3|CNT_int[2]           ; count18O:U3|CNT_int[1]           ; divisorfrec:U2|clk1 ; divisorfrec:U2|clk1 ; 0.000        ; 0.036      ; 1.071      ;
; 0.951  ; count18O:U3|CNT_int[1]           ; count18O:U3|CNT_int[4]           ; divisorfrec:U2|clk1 ; divisorfrec:U2|clk1 ; 0.000        ; 0.036      ; 1.071      ;
; 0.956  ; count18O:U3|CNT_int[7]           ; temporizador_open:U6|contando    ; divisorfrec:U2|clk1 ; divisorfrec:U2|clk1 ; 0.000        ; 0.036      ; 1.076      ;
; 0.966  ; count18O:U3|CNT_int[0]           ; count18O:U3|CNT_int[2]           ; divisorfrec:U2|clk1 ; divisorfrec:U2|clk1 ; 0.000        ; 0.036      ; 1.086      ;
; 0.970  ; count18O:U3|CNT_int[0]           ; count18O:U3|CNT_int[4]           ; divisorfrec:U2|clk1 ; divisorfrec:U2|clk1 ; 0.000        ; 0.036      ; 1.090      ;
; 0.984  ; count18O:U3|CNT_int[0]           ; count18O:U3|CNT_int[7]           ; divisorfrec:U2|clk1 ; divisorfrec:U2|clk1 ; 0.000        ; 0.036      ; 1.104      ;
; 0.985  ; count18O:U3|CNT_int[1]           ; count18O:U3|CNT_int[5]           ; divisorfrec:U2|clk1 ; divisorfrec:U2|clk1 ; 0.000        ; 0.036      ; 1.105      ;
; 1.005  ; count18O:U3|CNT_int[1]           ; count18O:U3|CNT_int[7]           ; divisorfrec:U2|clk1 ; divisorfrec:U2|clk1 ; 0.000        ; 0.036      ; 1.125      ;
; 1.030  ; count18O:U3|CNT_int[6]           ; count18O:U3|CNT_int[3]           ; divisorfrec:U2|clk1 ; divisorfrec:U2|clk1 ; 0.000        ; 0.036      ; 1.150      ;
; 1.034  ; count18O:U3|CNT_int[5]           ; count18O:U3|CNT_int[3]           ; divisorfrec:U2|clk1 ; divisorfrec:U2|clk1 ; 0.000        ; 0.036      ; 1.154      ;
; 1.058  ; count18O:U3|CNT_int[4]           ; count18O:U3|CNT_int[2]           ; divisorfrec:U2|clk1 ; divisorfrec:U2|clk1 ; 0.000        ; 0.036      ; 1.178      ;
; 1.133  ; count18O:U3|CNT_int[6]           ; count18O:U3|CNT_int[4]           ; divisorfrec:U2|clk1 ; divisorfrec:U2|clk1 ; 0.000        ; 0.036      ; 1.253      ;
; 1.134  ; count18O:U3|CNT_int[6]           ; count18O:U3|CNT_int[5]           ; divisorfrec:U2|clk1 ; divisorfrec:U2|clk1 ; 0.000        ; 0.036      ; 1.254      ;
; 1.145  ; count18O:U3|CNT_int[6]           ; count18O:U3|CNT_int[2]           ; divisorfrec:U2|clk1 ; divisorfrec:U2|clk1 ; 0.000        ; 0.036      ; 1.265      ;
; 1.169  ; count18O:U3|CNT_int[7]           ; temporizador_open:U6|contador[1] ; divisorfrec:U2|clk1 ; divisorfrec:U2|clk1 ; 0.000        ; 0.035      ; 1.288      ;
; 1.169  ; count18O:U3|CNT_int[7]           ; temporizador_open:U6|contador[0] ; divisorfrec:U2|clk1 ; divisorfrec:U2|clk1 ; 0.000        ; 0.035      ; 1.288      ;
; 1.169  ; count18O:U3|CNT_int[7]           ; temporizador_open:U6|contador[2] ; divisorfrec:U2|clk1 ; divisorfrec:U2|clk1 ; 0.000        ; 0.035      ; 1.288      ;
; 1.196  ; count18O:U3|CNT_int[3]           ; count18O:U3|CNT_int[2]           ; divisorfrec:U2|clk1 ; divisorfrec:U2|clk1 ; 0.000        ; 0.036      ; 1.316      ;
; 1.205  ; count18O:U3|CNT_int[5]           ; count18O:U3|CNT_int[4]           ; divisorfrec:U2|clk1 ; divisorfrec:U2|clk1 ; 0.000        ; 0.036      ; 1.325      ;
; 1.217  ; count18O:U3|CNT_int[5]           ; count18O:U3|CNT_int[2]           ; divisorfrec:U2|clk1 ; divisorfrec:U2|clk1 ; 0.000        ; 0.036      ; 1.337      ;
; 1.227  ; count18O:U3|CNT_int[7]           ; count18O:U3|CNT_int[4]           ; divisorfrec:U2|clk1 ; divisorfrec:U2|clk1 ; 0.000        ; 0.036      ; 1.347      ;
; 1.228  ; count18O:U3|CNT_int[7]           ; count18O:U3|CNT_int[5]           ; divisorfrec:U2|clk1 ; divisorfrec:U2|clk1 ; 0.000        ; 0.036      ; 1.348      ;
; 1.239  ; count18O:U3|CNT_int[7]           ; count18O:U3|CNT_int[2]           ; divisorfrec:U2|clk1 ; divisorfrec:U2|clk1 ; 0.000        ; 0.036      ; 1.359      ;
; 1.353  ; contador_intentos:U5|cont_int[0] ; temporizador_open:U6|contando    ; confirmar           ; divisorfrec:U2|clk1 ; -0.500       ; -0.055     ; 0.912      ;
; 1.353  ; contador_intentos:U5|cont_int[1] ; temporizador_open:U6|contando    ; confirmar           ; divisorfrec:U2|clk1 ; -0.500       ; -0.053     ; 0.914      ;
; 1.501  ; contador_intentos:U5|cont_int[0] ; temporizador_open:U6|contador[1] ; confirmar           ; divisorfrec:U2|clk1 ; -0.500       ; -0.056     ; 1.059      ;
; 1.501  ; contador_intentos:U5|cont_int[0] ; temporizador_open:U6|contador[0] ; confirmar           ; divisorfrec:U2|clk1 ; -0.500       ; -0.056     ; 1.059      ;
; 1.501  ; contador_intentos:U5|cont_int[0] ; temporizador_open:U6|contador[2] ; confirmar           ; divisorfrec:U2|clk1 ; -0.500       ; -0.056     ; 1.059      ;
; 1.501  ; contador_intentos:U5|cont_int[1] ; temporizador_open:U6|contador[1] ; confirmar           ; divisorfrec:U2|clk1 ; -0.500       ; -0.054     ; 1.061      ;
; 1.501  ; contador_intentos:U5|cont_int[1] ; temporizador_open:U6|contador[0] ; confirmar           ; divisorfrec:U2|clk1 ; -0.500       ; -0.054     ; 1.061      ;
; 1.501  ; contador_intentos:U5|cont_int[1] ; temporizador_open:U6|contador[2] ; confirmar           ; divisorfrec:U2|clk1 ; -0.500       ; -0.054     ; 1.061      ;
+--------+----------------------------------+----------------------------------+---------------------+---------------------+--------------+------------+------------+


+---------------------------------------------------------------------------------------------------------------------------------------------+
; Fast 1200mV 0C Model Hold: 'CLOCK_50'                                                                                                       ;
+--------+---------------------------+---------------------------+---------------------+-------------+--------------+------------+------------+
; Slack  ; From Node                 ; To Node                   ; Launch Clock        ; Latch Clock ; Relationship ; Clock Skew ; Data Delay ;
+--------+---------------------------+---------------------------+---------------------+-------------+--------------+------------+------------+
; -0.195 ; divisorfrec:U2|clk1       ; divisorfrec:U2|clk1       ; divisorfrec:U2|clk1 ; CLOCK_50    ; 0.000        ; 1.403      ; 1.427      ;
; 0.299  ; divisorfrec:U2|count1[7]  ; divisorfrec:U2|count1[7]  ; CLOCK_50            ; CLOCK_50    ; 0.000        ; 0.035      ; 0.418      ;
; 0.299  ; divisorfrec:U2|count1[5]  ; divisorfrec:U2|count1[5]  ; CLOCK_50            ; CLOCK_50    ; 0.000        ; 0.035      ; 0.418      ;
; 0.300  ; divisorfrec:U2|count1[8]  ; divisorfrec:U2|count1[8]  ; CLOCK_50            ; CLOCK_50    ; 0.000        ; 0.035      ; 0.419      ;
; 0.300  ; divisorfrec:U2|count1[4]  ; divisorfrec:U2|count1[4]  ; CLOCK_50            ; CLOCK_50    ; 0.000        ; 0.035      ; 0.419      ;
; 0.300  ; divisorfrec:U2|count1[2]  ; divisorfrec:U2|count1[2]  ; CLOCK_50            ; CLOCK_50    ; 0.000        ; 0.035      ; 0.419      ;
; 0.305  ; divisorfrec:U2|count1[15] ; divisorfrec:U2|count1[15] ; CLOCK_50            ; CLOCK_50    ; 0.000        ; 0.035      ; 0.424      ;
; 0.305  ; divisorfrec:U2|count1[9]  ; divisorfrec:U2|count1[9]  ; CLOCK_50            ; CLOCK_50    ; 0.000        ; 0.035      ; 0.424      ;
; 0.305  ; divisorfrec:U2|count1[1]  ; divisorfrec:U2|count1[1]  ; CLOCK_50            ; CLOCK_50    ; 0.000        ; 0.035      ; 0.424      ;
; 0.306  ; divisorfrec:U2|count1[23] ; divisorfrec:U2|count1[23] ; CLOCK_50            ; CLOCK_50    ; 0.000        ; 0.035      ; 0.425      ;
; 0.306  ; divisorfrec:U2|count1[17] ; divisorfrec:U2|count1[17] ; CLOCK_50            ; CLOCK_50    ; 0.000        ; 0.035      ; 0.425      ;
; 0.306  ; divisorfrec:U2|count1[3]  ; divisorfrec:U2|count1[3]  ; CLOCK_50            ; CLOCK_50    ; 0.000        ; 0.035      ; 0.425      ;
; 0.307  ; divisorfrec:U2|count1[10] ; divisorfrec:U2|count1[10] ; CLOCK_50            ; CLOCK_50    ; 0.000        ; 0.035      ; 0.426      ;
; 0.319  ; divisorfrec:U2|count1[0]  ; divisorfrec:U2|count1[0]  ; CLOCK_50            ; CLOCK_50    ; 0.000        ; 0.035      ; 0.438      ;
; 0.380  ; divisorfrec:U2|clk1       ; divisorfrec:U2|clk1       ; divisorfrec:U2|clk1 ; CLOCK_50    ; -0.500       ; 1.403      ; 1.502      ;
; 0.448  ; divisorfrec:U2|count1[7]  ; divisorfrec:U2|count1[8]  ; CLOCK_50            ; CLOCK_50    ; 0.000        ; 0.035      ; 0.567      ;
; 0.454  ; divisorfrec:U2|count1[1]  ; divisorfrec:U2|count1[2]  ; CLOCK_50            ; CLOCK_50    ; 0.000        ; 0.035      ; 0.573      ;
; 0.454  ; divisorfrec:U2|count1[9]  ; divisorfrec:U2|count1[10] ; CLOCK_50            ; CLOCK_50    ; 0.000        ; 0.035      ; 0.573      ;
; 0.455  ; divisorfrec:U2|count1[3]  ; divisorfrec:U2|count1[4]  ; CLOCK_50            ; CLOCK_50    ; 0.000        ; 0.035      ; 0.574      ;
; 0.458  ; divisorfrec:U2|count1[4]  ; divisorfrec:U2|count1[5]  ; CLOCK_50            ; CLOCK_50    ; 0.000        ; 0.035      ; 0.577      ;
; 0.458  ; divisorfrec:U2|count1[8]  ; divisorfrec:U2|count1[9]  ; CLOCK_50            ; CLOCK_50    ; 0.000        ; 0.035      ; 0.577      ;
; 0.458  ; divisorfrec:U2|count1[2]  ; divisorfrec:U2|count1[3]  ; CLOCK_50            ; CLOCK_50    ; 0.000        ; 0.035      ; 0.577      ;
; 0.461  ; divisorfrec:U2|count1[8]  ; divisorfrec:U2|count1[10] ; CLOCK_50            ; CLOCK_50    ; 0.000        ; 0.035      ; 0.580      ;
; 0.461  ; divisorfrec:U2|count1[2]  ; divisorfrec:U2|count1[4]  ; CLOCK_50            ; CLOCK_50    ; 0.000        ; 0.035      ; 0.580      ;
; 0.464  ; divisorfrec:U2|count1[6]  ; divisorfrec:U2|count1[6]  ; CLOCK_50            ; CLOCK_50    ; 0.000        ; 0.035      ; 0.583      ;
; 0.464  ; divisorfrec:U2|count1[13] ; divisorfrec:U2|count1[13] ; CLOCK_50            ; CLOCK_50    ; 0.000        ; 0.035      ; 0.583      ;
; 0.466  ; divisorfrec:U2|count1[0]  ; divisorfrec:U2|count1[1]  ; CLOCK_50            ; CLOCK_50    ; 0.000        ; 0.035      ; 0.585      ;
; 0.468  ; divisorfrec:U2|count1[6]  ; divisorfrec:U2|count1[7]  ; CLOCK_50            ; CLOCK_50    ; 0.000        ; 0.035      ; 0.587      ;
; 0.468  ; divisorfrec:U2|count1[16] ; divisorfrec:U2|count1[17] ; CLOCK_50            ; CLOCK_50    ; 0.000        ; 0.035      ; 0.587      ;
; 0.469  ; divisorfrec:U2|count1[0]  ; divisorfrec:U2|count1[2]  ; CLOCK_50            ; CLOCK_50    ; 0.000        ; 0.035      ; 0.588      ;
; 0.471  ; divisorfrec:U2|count1[6]  ; divisorfrec:U2|count1[8]  ; CLOCK_50            ; CLOCK_50    ; 0.000        ; 0.035      ; 0.590      ;
; 0.501  ; divisorfrec:U2|count1[24] ; divisorfrec:U2|count1[24] ; CLOCK_50            ; CLOCK_50    ; 0.000        ; 0.035      ; 0.620      ;
; 0.511  ; divisorfrec:U2|count1[7]  ; divisorfrec:U2|count1[9]  ; CLOCK_50            ; CLOCK_50    ; 0.000        ; 0.035      ; 0.630      ;
; 0.511  ; divisorfrec:U2|count1[5]  ; divisorfrec:U2|count1[7]  ; CLOCK_50            ; CLOCK_50    ; 0.000        ; 0.035      ; 0.630      ;
; 0.514  ; divisorfrec:U2|count1[7]  ; divisorfrec:U2|count1[10] ; CLOCK_50            ; CLOCK_50    ; 0.000        ; 0.035      ; 0.633      ;
; 0.514  ; divisorfrec:U2|count1[5]  ; divisorfrec:U2|count1[8]  ; CLOCK_50            ; CLOCK_50    ; 0.000        ; 0.035      ; 0.633      ;
; 0.517  ; divisorfrec:U2|count1[1]  ; divisorfrec:U2|count1[3]  ; CLOCK_50            ; CLOCK_50    ; 0.000        ; 0.035      ; 0.636      ;
; 0.517  ; divisorfrec:U2|count1[15] ; divisorfrec:U2|count1[17] ; CLOCK_50            ; CLOCK_50    ; 0.000        ; 0.035      ; 0.636      ;
; 0.518  ; divisorfrec:U2|count1[3]  ; divisorfrec:U2|count1[5]  ; CLOCK_50            ; CLOCK_50    ; 0.000        ; 0.035      ; 0.637      ;
; 0.520  ; divisorfrec:U2|count1[1]  ; divisorfrec:U2|count1[4]  ; CLOCK_50            ; CLOCK_50    ; 0.000        ; 0.035      ; 0.639      ;
; 0.521  ; divisorfrec:U2|count1[13] ; divisorfrec:U2|count1[15] ; CLOCK_50            ; CLOCK_50    ; 0.000        ; 0.035      ; 0.640      ;
; 0.523  ; divisorfrec:U2|count1[16] ; divisorfrec:U2|count1[16] ; CLOCK_50            ; CLOCK_50    ; 0.000        ; 0.035      ; 0.642      ;
; 0.524  ; divisorfrec:U2|count1[11] ; divisorfrec:U2|count1[11] ; CLOCK_50            ; CLOCK_50    ; 0.000        ; 0.035      ; 0.643      ;
; 0.524  ; divisorfrec:U2|count1[4]  ; divisorfrec:U2|count1[7]  ; CLOCK_50            ; CLOCK_50    ; 0.000        ; 0.035      ; 0.643      ;
; 0.524  ; divisorfrec:U2|count1[2]  ; divisorfrec:U2|count1[5]  ; CLOCK_50            ; CLOCK_50    ; 0.000        ; 0.035      ; 0.643      ;
; 0.525  ; divisorfrec:U2|count1[21] ; divisorfrec:U2|count1[21] ; CLOCK_50            ; CLOCK_50    ; 0.000        ; 0.035      ; 0.644      ;
; 0.527  ; divisorfrec:U2|count1[4]  ; divisorfrec:U2|count1[8]  ; CLOCK_50            ; CLOCK_50    ; 0.000        ; 0.035      ; 0.646      ;
; 0.532  ; divisorfrec:U2|count1[0]  ; divisorfrec:U2|count1[3]  ; CLOCK_50            ; CLOCK_50    ; 0.000        ; 0.035      ; 0.651      ;
; 0.533  ; divisorfrec:U2|count1[14] ; divisorfrec:U2|count1[15] ; CLOCK_50            ; CLOCK_50    ; 0.000        ; 0.035      ; 0.652      ;
; 0.534  ; divisorfrec:U2|count1[6]  ; divisorfrec:U2|count1[9]  ; CLOCK_50            ; CLOCK_50    ; 0.000        ; 0.035      ; 0.653      ;
; 0.535  ; divisorfrec:U2|count1[22] ; divisorfrec:U2|count1[23] ; CLOCK_50            ; CLOCK_50    ; 0.000        ; 0.035      ; 0.654      ;
; 0.535  ; divisorfrec:U2|count1[0]  ; divisorfrec:U2|count1[4]  ; CLOCK_50            ; CLOCK_50    ; 0.000        ; 0.035      ; 0.654      ;
; 0.537  ; divisorfrec:U2|count1[6]  ; divisorfrec:U2|count1[10] ; CLOCK_50            ; CLOCK_50    ; 0.000        ; 0.035      ; 0.656      ;
; 0.577  ; divisorfrec:U2|count1[5]  ; divisorfrec:U2|count1[9]  ; CLOCK_50            ; CLOCK_50    ; 0.000        ; 0.035      ; 0.696      ;
; 0.580  ; divisorfrec:U2|count1[5]  ; divisorfrec:U2|count1[10] ; CLOCK_50            ; CLOCK_50    ; 0.000        ; 0.035      ; 0.699      ;
; 0.583  ; divisorfrec:U2|count1[1]  ; divisorfrec:U2|count1[5]  ; CLOCK_50            ; CLOCK_50    ; 0.000        ; 0.035      ; 0.702      ;
; 0.584  ; divisorfrec:U2|count1[3]  ; divisorfrec:U2|count1[7]  ; CLOCK_50            ; CLOCK_50    ; 0.000        ; 0.035      ; 0.703      ;
; 0.585  ; divisorfrec:U2|count1[21] ; divisorfrec:U2|count1[23] ; CLOCK_50            ; CLOCK_50    ; 0.000        ; 0.035      ; 0.704      ;
; 0.587  ; divisorfrec:U2|count1[13] ; divisorfrec:U2|count1[17] ; CLOCK_50            ; CLOCK_50    ; 0.000        ; 0.035      ; 0.706      ;
; 0.587  ; divisorfrec:U2|count1[3]  ; divisorfrec:U2|count1[8]  ; CLOCK_50            ; CLOCK_50    ; 0.000        ; 0.035      ; 0.706      ;
; 0.590  ; divisorfrec:U2|count1[4]  ; divisorfrec:U2|count1[9]  ; CLOCK_50            ; CLOCK_50    ; 0.000        ; 0.035      ; 0.709      ;
; 0.590  ; divisorfrec:U2|count1[2]  ; divisorfrec:U2|count1[7]  ; CLOCK_50            ; CLOCK_50    ; 0.000        ; 0.035      ; 0.709      ;
; 0.591  ; divisorfrec:U2|count1[11] ; divisorfrec:U2|count1[15] ; CLOCK_50            ; CLOCK_50    ; 0.000        ; 0.032      ; 0.707      ;
; 0.593  ; divisorfrec:U2|count1[4]  ; divisorfrec:U2|count1[10] ; CLOCK_50            ; CLOCK_50    ; 0.000        ; 0.035      ; 0.712      ;
; 0.593  ; divisorfrec:U2|count1[2]  ; divisorfrec:U2|count1[8]  ; CLOCK_50            ; CLOCK_50    ; 0.000        ; 0.035      ; 0.712      ;
; 0.598  ; divisorfrec:U2|count1[0]  ; divisorfrec:U2|count1[5]  ; CLOCK_50            ; CLOCK_50    ; 0.000        ; 0.035      ; 0.717      ;
; 0.599  ; divisorfrec:U2|count1[14] ; divisorfrec:U2|count1[17] ; CLOCK_50            ; CLOCK_50    ; 0.000        ; 0.035      ; 0.718      ;
; 0.600  ; divisorfrec:U2|count1[20] ; divisorfrec:U2|count1[23] ; CLOCK_50            ; CLOCK_50    ; 0.000        ; 0.035      ; 0.719      ;
; 0.600  ; divisorfrec:U2|count1[10] ; divisorfrec:U2|count1[15] ; CLOCK_50            ; CLOCK_50    ; 0.000        ; 0.032      ; 0.716      ;
; 0.602  ; divisorfrec:U2|count1[5]  ; divisorfrec:U2|count1[6]  ; CLOCK_50            ; CLOCK_50    ; 0.000        ; 0.035      ; 0.721      ;
; 0.603  ; divisorfrec:U2|count1[22] ; divisorfrec:U2|count1[22] ; CLOCK_50            ; CLOCK_50    ; 0.000        ; 0.035      ; 0.722      ;
; 0.606  ; divisorfrec:U2|count1[19] ; divisorfrec:U2|count1[19] ; CLOCK_50            ; CLOCK_50    ; 0.000        ; 0.035      ; 0.725      ;
; 0.615  ; divisorfrec:U2|count1[4]  ; divisorfrec:U2|count1[6]  ; CLOCK_50            ; CLOCK_50    ; 0.000        ; 0.035      ; 0.734      ;
; 0.618  ; divisorfrec:U2|count1[18] ; divisorfrec:U2|count1[18] ; CLOCK_50            ; CLOCK_50    ; 0.000        ; 0.035      ; 0.737      ;
; 0.620  ; divisorfrec:U2|count1[12] ; divisorfrec:U2|count1[15] ; CLOCK_50            ; CLOCK_50    ; 0.000        ; 0.035      ; 0.739      ;
; 0.649  ; divisorfrec:U2|count1[14] ; divisorfrec:U2|count1[14] ; CLOCK_50            ; CLOCK_50    ; 0.000        ; 0.035      ; 0.768      ;
; 0.649  ; divisorfrec:U2|count1[1]  ; divisorfrec:U2|count1[7]  ; CLOCK_50            ; CLOCK_50    ; 0.000        ; 0.035      ; 0.768      ;
; 0.650  ; divisorfrec:U2|count1[3]  ; divisorfrec:U2|count1[9]  ; CLOCK_50            ; CLOCK_50    ; 0.000        ; 0.035      ; 0.769      ;
; 0.650  ; divisorfrec:U2|count1[17] ; divisorfrec:U2|count1[23] ; CLOCK_50            ; CLOCK_50    ; 0.000        ; 0.035      ; 0.769      ;
; 0.652  ; divisorfrec:U2|count1[1]  ; divisorfrec:U2|count1[8]  ; CLOCK_50            ; CLOCK_50    ; 0.000        ; 0.035      ; 0.771      ;
; 0.652  ; divisorfrec:U2|count1[9]  ; divisorfrec:U2|count1[15] ; CLOCK_50            ; CLOCK_50    ; 0.000        ; 0.032      ; 0.768      ;
; 0.653  ; divisorfrec:U2|count1[3]  ; divisorfrec:U2|count1[10] ; CLOCK_50            ; CLOCK_50    ; 0.000        ; 0.035      ; 0.772      ;
; 0.656  ; divisorfrec:U2|count1[2]  ; divisorfrec:U2|count1[9]  ; CLOCK_50            ; CLOCK_50    ; 0.000        ; 0.035      ; 0.775      ;
; 0.657  ; divisorfrec:U2|count1[11] ; divisorfrec:U2|count1[17] ; CLOCK_50            ; CLOCK_50    ; 0.000        ; 0.032      ; 0.773      ;
; 0.659  ; divisorfrec:U2|count1[8]  ; divisorfrec:U2|count1[15] ; CLOCK_50            ; CLOCK_50    ; 0.000        ; 0.032      ; 0.775      ;
; 0.659  ; divisorfrec:U2|count1[2]  ; divisorfrec:U2|count1[10] ; CLOCK_50            ; CLOCK_50    ; 0.000        ; 0.035      ; 0.778      ;
; 0.664  ; divisorfrec:U2|count1[0]  ; divisorfrec:U2|count1[7]  ; CLOCK_50            ; CLOCK_50    ; 0.000        ; 0.035      ; 0.783      ;
; 0.665  ; divisorfrec:U2|count1[20] ; divisorfrec:U2|count1[20] ; CLOCK_50            ; CLOCK_50    ; 0.000        ; 0.035      ; 0.784      ;
; 0.666  ; divisorfrec:U2|count1[16] ; divisorfrec:U2|count1[23] ; CLOCK_50            ; CLOCK_50    ; 0.000        ; 0.035      ; 0.785      ;
; 0.666  ; divisorfrec:U2|count1[10] ; divisorfrec:U2|count1[17] ; CLOCK_50            ; CLOCK_50    ; 0.000        ; 0.032      ; 0.782      ;
; 0.667  ; divisorfrec:U2|count1[15] ; divisorfrec:U2|count1[16] ; CLOCK_50            ; CLOCK_50    ; 0.000        ; 0.035      ; 0.786      ;
; 0.667  ; divisorfrec:U2|count1[19] ; divisorfrec:U2|count1[23] ; CLOCK_50            ; CLOCK_50    ; 0.000        ; 0.035      ; 0.786      ;
; 0.667  ; divisorfrec:U2|count1[0]  ; divisorfrec:U2|count1[8]  ; CLOCK_50            ; CLOCK_50    ; 0.000        ; 0.035      ; 0.786      ;
; 0.675  ; divisorfrec:U2|count1[3]  ; divisorfrec:U2|count1[6]  ; CLOCK_50            ; CLOCK_50    ; 0.000        ; 0.035      ; 0.794      ;
; 0.679  ; divisorfrec:U2|count1[10] ; divisorfrec:U2|count1[11] ; CLOCK_50            ; CLOCK_50    ; 0.000        ; 0.035      ; 0.798      ;
; 0.680  ; divisorfrec:U2|count1[11] ; divisorfrec:U2|count1[13] ; CLOCK_50            ; CLOCK_50    ; 0.000        ; 0.032      ; 0.796      ;
; 0.681  ; divisorfrec:U2|count1[23] ; divisorfrec:U2|count1[24] ; CLOCK_50            ; CLOCK_50    ; 0.000        ; 0.035      ; 0.800      ;
; 0.681  ; divisorfrec:U2|count1[17] ; divisorfrec:U2|count1[18] ; CLOCK_50            ; CLOCK_50    ; 0.000        ; 0.035      ; 0.800      ;
; 0.681  ; divisorfrec:U2|count1[2]  ; divisorfrec:U2|count1[6]  ; CLOCK_50            ; CLOCK_50    ; 0.000        ; 0.035      ; 0.800      ;
; 0.682  ; divisorfrec:U2|count1[18] ; divisorfrec:U2|count1[23] ; CLOCK_50            ; CLOCK_50    ; 0.000        ; 0.035      ; 0.801      ;
+--------+---------------------------+---------------------------+---------------------+-------------+--------------+------------+------------+


+----------------------------------------------------------------------------------------------------------------------------------------------------------+
; Fast 1200mV 0C Model Hold: 'confirmar'                                                                                                                   ;
+-------+----------------------------------+----------------------------------+---------------------+-------------+--------------+------------+------------+
; Slack ; From Node                        ; To Node                          ; Launch Clock        ; Latch Clock ; Relationship ; Clock Skew ; Data Delay ;
+-------+----------------------------------+----------------------------------+---------------------+-------------+--------------+------------+------------+
; 0.199 ; contador_intentos:U5|cont_int[1] ; contador_intentos:U5|cont_int[1] ; confirmar           ; confirmar   ; 0.000        ; 0.024      ; 0.307      ;
; 0.442 ; contador_intentos:U5|cont_int[1] ; contador_intentos:U5|cont_int[0] ; confirmar           ; confirmar   ; 0.000        ; 0.043      ; 0.569      ;
; 0.454 ; contador_intentos:U5|cont_int[0] ; contador_intentos:U5|cont_int[0] ; confirmar           ; confirmar   ; 0.000        ; 0.041      ; 0.579      ;
; 0.485 ; contador_intentos:U5|cont_int[0] ; contador_intentos:U5|cont_int[1] ; confirmar           ; confirmar   ; 0.000        ; 0.039      ; 0.608      ;
; 0.913 ; shift_register:U1|D3[0]          ; contador_intentos:U5|cont_int[0] ; Clock_reg           ; confirmar   ; 0.000        ; 0.117      ; 1.144      ;
; 0.962 ; count18O:U3|CNT_int[7]           ; contador_intentos:U5|cont_int[1] ; divisorfrec:U2|clk1 ; confirmar   ; -0.500       ; 0.192      ; 0.768      ;
; 0.993 ; shift_register:U1|D3[2]          ; contador_intentos:U5|cont_int[0] ; Clock_reg           ; confirmar   ; 0.000        ; 0.114      ; 1.221      ;
; 1.024 ; shift_register:U1|D3[1]          ; contador_intentos:U5|cont_int[0] ; Clock_reg           ; confirmar   ; 0.000        ; 0.117      ; 1.255      ;
; 1.037 ; shift_register:U1|D1[0]          ; contador_intentos:U5|cont_int[0] ; Clock_reg           ; confirmar   ; 0.000        ; 0.117      ; 1.268      ;
; 1.071 ; shift_register:U1|D3[0]          ; contador_intentos:U5|cont_int[1] ; Clock_reg           ; confirmar   ; 0.000        ; 0.115      ; 1.300      ;
; 1.078 ; shift_register:U1|D0[1]          ; contador_intentos:U5|cont_int[0] ; Clock_reg           ; confirmar   ; 0.000        ; 0.117      ; 1.309      ;
; 1.083 ; count18O:U3|CNT_int[7]           ; contador_intentos:U5|cont_int[0] ; divisorfrec:U2|clk1 ; confirmar   ; -0.500       ; 0.194      ; 0.891      ;
; 1.085 ; shift_register:U1|D0[3]          ; contador_intentos:U5|cont_int[0] ; Clock_reg           ; confirmar   ; 0.000        ; 0.117      ; 1.316      ;
; 1.111 ; shift_register:U1|D2[2]          ; contador_intentos:U5|cont_int[0] ; Clock_reg           ; confirmar   ; 0.000        ; 0.114      ; 1.339      ;
; 1.112 ; shift_register:U1|D3[3]          ; contador_intentos:U5|cont_int[0] ; Clock_reg           ; confirmar   ; 0.000        ; 0.117      ; 1.343      ;
; 1.118 ; shift_register:U1|D0[0]          ; contador_intentos:U5|cont_int[0] ; Clock_reg           ; confirmar   ; 0.000        ; 0.117      ; 1.349      ;
; 1.118 ; shift_register:U1|D0[0]          ; contador_intentos:U5|cont_int[1] ; Clock_reg           ; confirmar   ; 0.000        ; 0.115      ; 1.347      ;
; 1.126 ; shift_register:U1|D2[1]          ; contador_intentos:U5|cont_int[0] ; Clock_reg           ; confirmar   ; 0.000        ; 0.117      ; 1.357      ;
; 1.139 ; shift_register:U1|D3[1]          ; contador_intentos:U5|cont_int[1] ; Clock_reg           ; confirmar   ; 0.000        ; 0.115      ; 1.368      ;
; 1.157 ; shift_register:U1|D3[2]          ; contador_intentos:U5|cont_int[1] ; Clock_reg           ; confirmar   ; 0.000        ; 0.112      ; 1.383      ;
; 1.179 ; shift_register:U1|D2[3]          ; contador_intentos:U5|cont_int[0] ; Clock_reg           ; confirmar   ; 0.000        ; 0.117      ; 1.410      ;
; 1.186 ; shift_register:U1|D2[0]          ; contador_intentos:U5|cont_int[0] ; Clock_reg           ; confirmar   ; 0.000        ; 0.117      ; 1.417      ;
; 1.186 ; shift_register:U1|D2[0]          ; contador_intentos:U5|cont_int[1] ; Clock_reg           ; confirmar   ; 0.000        ; 0.115      ; 1.415      ;
; 1.200 ; shift_register:U1|D2[2]          ; contador_intentos:U5|cont_int[1] ; Clock_reg           ; confirmar   ; 0.000        ; 0.112      ; 1.426      ;
; 1.202 ; shift_register:U1|D1[2]          ; contador_intentos:U5|cont_int[0] ; Clock_reg           ; confirmar   ; 0.000        ; 0.114      ; 1.430      ;
; 1.213 ; shift_register:U1|D0[2]          ; contador_intentos:U5|cont_int[0] ; Clock_reg           ; confirmar   ; 0.000        ; 0.114      ; 1.441      ;
; 1.234 ; shift_register:U1|D1[0]          ; contador_intentos:U5|cont_int[1] ; Clock_reg           ; confirmar   ; 0.000        ; 0.115      ; 1.463      ;
; 1.235 ; shift_register:U1|D2[3]          ; contador_intentos:U5|cont_int[1] ; Clock_reg           ; confirmar   ; 0.000        ; 0.115      ; 1.464      ;
; 1.242 ; shift_register:U1|D0[1]          ; contador_intentos:U5|cont_int[1] ; Clock_reg           ; confirmar   ; 0.000        ; 0.115      ; 1.471      ;
; 1.255 ; shift_register:U1|D3[3]          ; contador_intentos:U5|cont_int[1] ; Clock_reg           ; confirmar   ; 0.000        ; 0.115      ; 1.484      ;
; 1.257 ; shift_register:U1|D2[1]          ; contador_intentos:U5|cont_int[1] ; Clock_reg           ; confirmar   ; 0.000        ; 0.115      ; 1.486      ;
; 1.281 ; shift_register:U1|D1[3]          ; contador_intentos:U5|cont_int[0] ; Clock_reg           ; confirmar   ; 0.000        ; 0.117      ; 1.512      ;
; 1.282 ; shift_register:U1|D0[3]          ; contador_intentos:U5|cont_int[1] ; Clock_reg           ; confirmar   ; 0.000        ; 0.115      ; 1.511      ;
; 1.347 ; shift_register:U1|D1[1]          ; contador_intentos:U5|cont_int[0] ; Clock_reg           ; confirmar   ; 0.000        ; 0.117      ; 1.578      ;
; 1.358 ; shift_register:U1|D1[2]          ; contador_intentos:U5|cont_int[1] ; Clock_reg           ; confirmar   ; 0.000        ; 0.112      ; 1.584      ;
; 1.368 ; shift_register:U1|D1[3]          ; contador_intentos:U5|cont_int[1] ; Clock_reg           ; confirmar   ; 0.000        ; 0.115      ; 1.597      ;
; 1.383 ; shift_register:U1|D0[2]          ; contador_intentos:U5|cont_int[1] ; Clock_reg           ; confirmar   ; 0.000        ; 0.112      ; 1.609      ;
; 1.420 ; shift_register:U1|D1[1]          ; contador_intentos:U5|cont_int[1] ; Clock_reg           ; confirmar   ; 0.000        ; 0.115      ; 1.649      ;
; 1.472 ; count18O:U3|CNT_int[4]           ; contador_intentos:U5|cont_int[0] ; divisorfrec:U2|clk1 ; confirmar   ; -0.500       ; 0.194      ; 1.280      ;
; 1.489 ; count18O:U3|CNT_int[6]           ; contador_intentos:U5|cont_int[0] ; divisorfrec:U2|clk1 ; confirmar   ; -0.500       ; 0.194      ; 1.297      ;
; 1.508 ; count18O:U3|CNT_int[0]           ; contador_intentos:U5|cont_int[0] ; divisorfrec:U2|clk1 ; confirmar   ; -0.500       ; 0.194      ; 1.316      ;
; 1.512 ; count18O:U3|CNT_int[2]           ; contador_intentos:U5|cont_int[0] ; divisorfrec:U2|clk1 ; confirmar   ; -0.500       ; 0.194      ; 1.320      ;
; 1.575 ; count18O:U3|CNT_int[3]           ; contador_intentos:U5|cont_int[0] ; divisorfrec:U2|clk1 ; confirmar   ; -0.500       ; 0.194      ; 1.383      ;
; 1.588 ; count18O:U3|CNT_int[5]           ; contador_intentos:U5|cont_int[0] ; divisorfrec:U2|clk1 ; confirmar   ; -0.500       ; 0.194      ; 1.396      ;
; 1.647 ; count18O:U3|CNT_int[6]           ; contador_intentos:U5|cont_int[1] ; divisorfrec:U2|clk1 ; confirmar   ; -0.500       ; 0.192      ; 1.453      ;
; 1.655 ; count18O:U3|CNT_int[1]           ; contador_intentos:U5|cont_int[0] ; divisorfrec:U2|clk1 ; confirmar   ; -0.500       ; 0.194      ; 1.463      ;
; 1.669 ; count18O:U3|CNT_int[4]           ; contador_intentos:U5|cont_int[1] ; divisorfrec:U2|clk1 ; confirmar   ; -0.500       ; 0.192      ; 1.475      ;
; 1.705 ; count18O:U3|CNT_int[0]           ; contador_intentos:U5|cont_int[1] ; divisorfrec:U2|clk1 ; confirmar   ; -0.500       ; 0.192      ; 1.511      ;
; 1.709 ; count18O:U3|CNT_int[2]           ; contador_intentos:U5|cont_int[1] ; divisorfrec:U2|clk1 ; confirmar   ; -0.500       ; 0.192      ; 1.515      ;
; 1.760 ; count18O:U3|CNT_int[5]           ; contador_intentos:U5|cont_int[1] ; divisorfrec:U2|clk1 ; confirmar   ; -0.500       ; 0.192      ; 1.566      ;
; 1.772 ; count18O:U3|CNT_int[3]           ; contador_intentos:U5|cont_int[1] ; divisorfrec:U2|clk1 ; confirmar   ; -0.500       ; 0.192      ; 1.578      ;
; 1.852 ; count18O:U3|CNT_int[1]           ; contador_intentos:U5|cont_int[1] ; divisorfrec:U2|clk1 ; confirmar   ; -0.500       ; 0.192      ; 1.658      ;
+-------+----------------------------------+----------------------------------+---------------------+-------------+--------------+------------+------------+


+---------------------------------------------------------------------------------------------------------------------------------+
; Fast 1200mV 0C Model Hold: 'Clock_reg'                                                                                          ;
+-------+-------------------------+-------------------------+--------------+-------------+--------------+------------+------------+
; Slack ; From Node               ; To Node                 ; Launch Clock ; Latch Clock ; Relationship ; Clock Skew ; Data Delay ;
+-------+-------------------------+-------------------------+--------------+-------------+--------------+------------+------------+
; 0.208 ; shift_register:U1|D0[3] ; shift_register:U1|D1[3] ; Clock_reg    ; Clock_reg   ; 0.000        ; 0.027      ; 0.319      ;
; 0.223 ; shift_register:U1|D1[2] ; shift_register:U1|D2[2] ; Clock_reg    ; Clock_reg   ; 0.000        ; 0.027      ; 0.334      ;
; 0.225 ; shift_register:U1|D2[2] ; shift_register:U1|D3[2] ; Clock_reg    ; Clock_reg   ; 0.000        ; 0.027      ; 0.336      ;
; 0.283 ; shift_register:U1|D1[0] ; shift_register:U1|D2[0] ; Clock_reg    ; Clock_reg   ; 0.000        ; 0.027      ; 0.394      ;
; 0.291 ; shift_register:U1|D0[0] ; shift_register:U1|D1[0] ; Clock_reg    ; Clock_reg   ; 0.000        ; 0.027      ; 0.402      ;
; 0.296 ; shift_register:U1|D2[1] ; shift_register:U1|D3[1] ; Clock_reg    ; Clock_reg   ; 0.000        ; 0.027      ; 0.407      ;
; 0.298 ; shift_register:U1|D0[2] ; shift_register:U1|D1[2] ; Clock_reg    ; Clock_reg   ; 0.000        ; 0.027      ; 0.409      ;
; 0.299 ; shift_register:U1|D1[3] ; shift_register:U1|D2[3] ; Clock_reg    ; Clock_reg   ; 0.000        ; 0.027      ; 0.410      ;
; 0.300 ; shift_register:U1|D2[0] ; shift_register:U1|D3[0] ; Clock_reg    ; Clock_reg   ; 0.000        ; 0.027      ; 0.411      ;
; 0.334 ; shift_register:U1|D2[3] ; shift_register:U1|D3[3] ; Clock_reg    ; Clock_reg   ; 0.000        ; 0.027      ; 0.445      ;
; 0.356 ; shift_register:U1|D1[1] ; shift_register:U1|D2[1] ; Clock_reg    ; Clock_reg   ; 0.000        ; 0.027      ; 0.467      ;
; 0.477 ; shift_register:U1|D0[1] ; shift_register:U1|D1[1] ; Clock_reg    ; Clock_reg   ; 0.000        ; 0.027      ; 0.588      ;
+-------+-------------------------+-------------------------+--------------+-------------+--------------+------------+------------+


+--------------------------------------------------------------------------------------------------------------------+
; Fast 1200mV 0C Model Minimum Pulse Width: 'CLOCK_50'                                                               ;
+--------+--------------+----------------+------------------+----------+------------+--------------------------------+
; Slack  ; Actual Width ; Required Width ; Type             ; Clock    ; Clock Edge ; Target                         ;
+--------+--------------+----------------+------------------+----------+------------+--------------------------------+
; -3.000 ; 1.000        ; 4.000          ; Port Rate        ; CLOCK_50 ; Rise       ; CLOCK_50                       ;
; -1.000 ; 1.000        ; 2.000          ; Min Period       ; CLOCK_50 ; Rise       ; divisorfrec:U2|clk1            ;
; -1.000 ; 1.000        ; 2.000          ; Min Period       ; CLOCK_50 ; Rise       ; divisorfrec:U2|count1[0]       ;
; -1.000 ; 1.000        ; 2.000          ; Min Period       ; CLOCK_50 ; Rise       ; divisorfrec:U2|count1[10]      ;
; -1.000 ; 1.000        ; 2.000          ; Min Period       ; CLOCK_50 ; Rise       ; divisorfrec:U2|count1[11]      ;
; -1.000 ; 1.000        ; 2.000          ; Min Period       ; CLOCK_50 ; Rise       ; divisorfrec:U2|count1[12]      ;
; -1.000 ; 1.000        ; 2.000          ; Min Period       ; CLOCK_50 ; Rise       ; divisorfrec:U2|count1[13]      ;
; -1.000 ; 1.000        ; 2.000          ; Min Period       ; CLOCK_50 ; Rise       ; divisorfrec:U2|count1[14]      ;
; -1.000 ; 1.000        ; 2.000          ; Min Period       ; CLOCK_50 ; Rise       ; divisorfrec:U2|count1[15]      ;
; -1.000 ; 1.000        ; 2.000          ; Min Period       ; CLOCK_50 ; Rise       ; divisorfrec:U2|count1[16]      ;
; -1.000 ; 1.000        ; 2.000          ; Min Period       ; CLOCK_50 ; Rise       ; divisorfrec:U2|count1[17]      ;
; -1.000 ; 1.000        ; 2.000          ; Min Period       ; CLOCK_50 ; Rise       ; divisorfrec:U2|count1[18]      ;
; -1.000 ; 1.000        ; 2.000          ; Min Period       ; CLOCK_50 ; Rise       ; divisorfrec:U2|count1[19]      ;
; -1.000 ; 1.000        ; 2.000          ; Min Period       ; CLOCK_50 ; Rise       ; divisorfrec:U2|count1[1]       ;
; -1.000 ; 1.000        ; 2.000          ; Min Period       ; CLOCK_50 ; Rise       ; divisorfrec:U2|count1[20]      ;
; -1.000 ; 1.000        ; 2.000          ; Min Period       ; CLOCK_50 ; Rise       ; divisorfrec:U2|count1[21]      ;
; -1.000 ; 1.000        ; 2.000          ; Min Period       ; CLOCK_50 ; Rise       ; divisorfrec:U2|count1[22]      ;
; -1.000 ; 1.000        ; 2.000          ; Min Period       ; CLOCK_50 ; Rise       ; divisorfrec:U2|count1[23]      ;
; -1.000 ; 1.000        ; 2.000          ; Min Period       ; CLOCK_50 ; Rise       ; divisorfrec:U2|count1[24]      ;
; -1.000 ; 1.000        ; 2.000          ; Min Period       ; CLOCK_50 ; Rise       ; divisorfrec:U2|count1[2]       ;
; -1.000 ; 1.000        ; 2.000          ; Min Period       ; CLOCK_50 ; Rise       ; divisorfrec:U2|count1[3]       ;
; -1.000 ; 1.000        ; 2.000          ; Min Period       ; CLOCK_50 ; Rise       ; divisorfrec:U2|count1[4]       ;
; -1.000 ; 1.000        ; 2.000          ; Min Period       ; CLOCK_50 ; Rise       ; divisorfrec:U2|count1[5]       ;
; -1.000 ; 1.000        ; 2.000          ; Min Period       ; CLOCK_50 ; Rise       ; divisorfrec:U2|count1[6]       ;
; -1.000 ; 1.000        ; 2.000          ; Min Period       ; CLOCK_50 ; Rise       ; divisorfrec:U2|count1[7]       ;
; -1.000 ; 1.000        ; 2.000          ; Min Period       ; CLOCK_50 ; Rise       ; divisorfrec:U2|count1[8]       ;
; -1.000 ; 1.000        ; 2.000          ; Min Period       ; CLOCK_50 ; Rise       ; divisorfrec:U2|count1[9]       ;
; -0.056 ; 0.128        ; 0.184          ; Low Pulse Width  ; CLOCK_50 ; Rise       ; divisorfrec:U2|count1[0]       ;
; -0.056 ; 0.128        ; 0.184          ; Low Pulse Width  ; CLOCK_50 ; Rise       ; divisorfrec:U2|count1[10]      ;
; -0.056 ; 0.128        ; 0.184          ; Low Pulse Width  ; CLOCK_50 ; Rise       ; divisorfrec:U2|count1[11]      ;
; -0.056 ; 0.128        ; 0.184          ; Low Pulse Width  ; CLOCK_50 ; Rise       ; divisorfrec:U2|count1[1]       ;
; -0.056 ; 0.128        ; 0.184          ; Low Pulse Width  ; CLOCK_50 ; Rise       ; divisorfrec:U2|count1[2]       ;
; -0.056 ; 0.128        ; 0.184          ; Low Pulse Width  ; CLOCK_50 ; Rise       ; divisorfrec:U2|count1[3]       ;
; -0.056 ; 0.128        ; 0.184          ; Low Pulse Width  ; CLOCK_50 ; Rise       ; divisorfrec:U2|count1[4]       ;
; -0.056 ; 0.128        ; 0.184          ; Low Pulse Width  ; CLOCK_50 ; Rise       ; divisorfrec:U2|count1[5]       ;
; -0.056 ; 0.128        ; 0.184          ; Low Pulse Width  ; CLOCK_50 ; Rise       ; divisorfrec:U2|count1[6]       ;
; -0.056 ; 0.128        ; 0.184          ; Low Pulse Width  ; CLOCK_50 ; Rise       ; divisorfrec:U2|count1[7]       ;
; -0.056 ; 0.128        ; 0.184          ; Low Pulse Width  ; CLOCK_50 ; Rise       ; divisorfrec:U2|count1[8]       ;
; -0.056 ; 0.128        ; 0.184          ; Low Pulse Width  ; CLOCK_50 ; Rise       ; divisorfrec:U2|count1[9]       ;
; -0.055 ; 0.129        ; 0.184          ; Low Pulse Width  ; CLOCK_50 ; Rise       ; divisorfrec:U2|clk1            ;
; -0.055 ; 0.129        ; 0.184          ; Low Pulse Width  ; CLOCK_50 ; Rise       ; divisorfrec:U2|count1[12]      ;
; -0.055 ; 0.129        ; 0.184          ; Low Pulse Width  ; CLOCK_50 ; Rise       ; divisorfrec:U2|count1[13]      ;
; -0.055 ; 0.129        ; 0.184          ; Low Pulse Width  ; CLOCK_50 ; Rise       ; divisorfrec:U2|count1[14]      ;
; -0.055 ; 0.129        ; 0.184          ; Low Pulse Width  ; CLOCK_50 ; Rise       ; divisorfrec:U2|count1[15]      ;
; -0.055 ; 0.129        ; 0.184          ; Low Pulse Width  ; CLOCK_50 ; Rise       ; divisorfrec:U2|count1[16]      ;
; -0.055 ; 0.129        ; 0.184          ; Low Pulse Width  ; CLOCK_50 ; Rise       ; divisorfrec:U2|count1[17]      ;
; -0.055 ; 0.129        ; 0.184          ; Low Pulse Width  ; CLOCK_50 ; Rise       ; divisorfrec:U2|count1[18]      ;
; -0.055 ; 0.129        ; 0.184          ; Low Pulse Width  ; CLOCK_50 ; Rise       ; divisorfrec:U2|count1[19]      ;
; -0.055 ; 0.129        ; 0.184          ; Low Pulse Width  ; CLOCK_50 ; Rise       ; divisorfrec:U2|count1[20]      ;
; -0.055 ; 0.129        ; 0.184          ; Low Pulse Width  ; CLOCK_50 ; Rise       ; divisorfrec:U2|count1[21]      ;
; -0.055 ; 0.129        ; 0.184          ; Low Pulse Width  ; CLOCK_50 ; Rise       ; divisorfrec:U2|count1[22]      ;
; -0.055 ; 0.129        ; 0.184          ; Low Pulse Width  ; CLOCK_50 ; Rise       ; divisorfrec:U2|count1[23]      ;
; -0.055 ; 0.129        ; 0.184          ; Low Pulse Width  ; CLOCK_50 ; Rise       ; divisorfrec:U2|count1[24]      ;
; 0.118  ; 0.118        ; 0.000          ; Low Pulse Width  ; CLOCK_50 ; Rise       ; CLOCK_50~input|o               ;
; 0.124  ; 0.124        ; 0.000          ; Low Pulse Width  ; CLOCK_50 ; Rise       ; U2|count1[0]|clk               ;
; 0.124  ; 0.124        ; 0.000          ; Low Pulse Width  ; CLOCK_50 ; Rise       ; U2|count1[10]|clk              ;
; 0.124  ; 0.124        ; 0.000          ; Low Pulse Width  ; CLOCK_50 ; Rise       ; U2|count1[11]|clk              ;
; 0.124  ; 0.124        ; 0.000          ; Low Pulse Width  ; CLOCK_50 ; Rise       ; U2|count1[13]|clk              ;
; 0.124  ; 0.124        ; 0.000          ; Low Pulse Width  ; CLOCK_50 ; Rise       ; U2|count1[15]|clk              ;
; 0.124  ; 0.124        ; 0.000          ; Low Pulse Width  ; CLOCK_50 ; Rise       ; U2|count1[16]|clk              ;
; 0.124  ; 0.124        ; 0.000          ; Low Pulse Width  ; CLOCK_50 ; Rise       ; U2|count1[17]|clk              ;
; 0.124  ; 0.124        ; 0.000          ; Low Pulse Width  ; CLOCK_50 ; Rise       ; U2|count1[1]|clk               ;
; 0.124  ; 0.124        ; 0.000          ; Low Pulse Width  ; CLOCK_50 ; Rise       ; U2|count1[21]|clk              ;
; 0.124  ; 0.124        ; 0.000          ; Low Pulse Width  ; CLOCK_50 ; Rise       ; U2|count1[23]|clk              ;
; 0.124  ; 0.124        ; 0.000          ; Low Pulse Width  ; CLOCK_50 ; Rise       ; U2|count1[2]|clk               ;
; 0.124  ; 0.124        ; 0.000          ; Low Pulse Width  ; CLOCK_50 ; Rise       ; U2|count1[3]|clk               ;
; 0.124  ; 0.124        ; 0.000          ; Low Pulse Width  ; CLOCK_50 ; Rise       ; U2|count1[4]|clk               ;
; 0.124  ; 0.124        ; 0.000          ; Low Pulse Width  ; CLOCK_50 ; Rise       ; U2|count1[5]|clk               ;
; 0.124  ; 0.124        ; 0.000          ; Low Pulse Width  ; CLOCK_50 ; Rise       ; U2|count1[6]|clk               ;
; 0.124  ; 0.124        ; 0.000          ; Low Pulse Width  ; CLOCK_50 ; Rise       ; U2|count1[7]|clk               ;
; 0.124  ; 0.124        ; 0.000          ; Low Pulse Width  ; CLOCK_50 ; Rise       ; U2|count1[8]|clk               ;
; 0.124  ; 0.124        ; 0.000          ; Low Pulse Width  ; CLOCK_50 ; Rise       ; U2|count1[9]|clk               ;
; 0.125  ; 0.125        ; 0.000          ; Low Pulse Width  ; CLOCK_50 ; Rise       ; U2|clk1|clk                    ;
; 0.125  ; 0.125        ; 0.000          ; Low Pulse Width  ; CLOCK_50 ; Rise       ; U2|count1[12]|clk              ;
; 0.125  ; 0.125        ; 0.000          ; Low Pulse Width  ; CLOCK_50 ; Rise       ; U2|count1[14]|clk              ;
; 0.125  ; 0.125        ; 0.000          ; Low Pulse Width  ; CLOCK_50 ; Rise       ; U2|count1[18]|clk              ;
; 0.125  ; 0.125        ; 0.000          ; Low Pulse Width  ; CLOCK_50 ; Rise       ; U2|count1[19]|clk              ;
; 0.125  ; 0.125        ; 0.000          ; Low Pulse Width  ; CLOCK_50 ; Rise       ; U2|count1[20]|clk              ;
; 0.125  ; 0.125        ; 0.000          ; Low Pulse Width  ; CLOCK_50 ; Rise       ; U2|count1[22]|clk              ;
; 0.125  ; 0.125        ; 0.000          ; Low Pulse Width  ; CLOCK_50 ; Rise       ; U2|count1[24]|clk              ;
; 0.132  ; 0.132        ; 0.000          ; Low Pulse Width  ; CLOCK_50 ; Rise       ; CLOCK_50~inputclkctrl|inclk[0] ;
; 0.132  ; 0.132        ; 0.000          ; Low Pulse Width  ; CLOCK_50 ; Rise       ; CLOCK_50~inputclkctrl|outclk   ;
; 0.500  ; 0.500        ; 0.000          ; High Pulse Width ; CLOCK_50 ; Rise       ; CLOCK_50~input|i               ;
; 0.500  ; 0.500        ; 0.000          ; Low Pulse Width  ; CLOCK_50 ; Rise       ; CLOCK_50~input|i               ;
; 0.653  ; 0.869        ; 0.216          ; High Pulse Width ; CLOCK_50 ; Rise       ; divisorfrec:U2|clk1            ;
; 0.653  ; 0.869        ; 0.216          ; High Pulse Width ; CLOCK_50 ; Rise       ; divisorfrec:U2|count1[12]      ;
; 0.653  ; 0.869        ; 0.216          ; High Pulse Width ; CLOCK_50 ; Rise       ; divisorfrec:U2|count1[14]      ;
; 0.653  ; 0.869        ; 0.216          ; High Pulse Width ; CLOCK_50 ; Rise       ; divisorfrec:U2|count1[18]      ;
; 0.653  ; 0.869        ; 0.216          ; High Pulse Width ; CLOCK_50 ; Rise       ; divisorfrec:U2|count1[19]      ;
; 0.653  ; 0.869        ; 0.216          ; High Pulse Width ; CLOCK_50 ; Rise       ; divisorfrec:U2|count1[20]      ;
; 0.653  ; 0.869        ; 0.216          ; High Pulse Width ; CLOCK_50 ; Rise       ; divisorfrec:U2|count1[22]      ;
; 0.653  ; 0.869        ; 0.216          ; High Pulse Width ; CLOCK_50 ; Rise       ; divisorfrec:U2|count1[24]      ;
; 0.654  ; 0.870        ; 0.216          ; High Pulse Width ; CLOCK_50 ; Rise       ; divisorfrec:U2|count1[0]       ;
; 0.654  ; 0.870        ; 0.216          ; High Pulse Width ; CLOCK_50 ; Rise       ; divisorfrec:U2|count1[10]      ;
; 0.654  ; 0.870        ; 0.216          ; High Pulse Width ; CLOCK_50 ; Rise       ; divisorfrec:U2|count1[11]      ;
; 0.654  ; 0.870        ; 0.216          ; High Pulse Width ; CLOCK_50 ; Rise       ; divisorfrec:U2|count1[13]      ;
; 0.654  ; 0.870        ; 0.216          ; High Pulse Width ; CLOCK_50 ; Rise       ; divisorfrec:U2|count1[15]      ;
; 0.654  ; 0.870        ; 0.216          ; High Pulse Width ; CLOCK_50 ; Rise       ; divisorfrec:U2|count1[16]      ;
; 0.654  ; 0.870        ; 0.216          ; High Pulse Width ; CLOCK_50 ; Rise       ; divisorfrec:U2|count1[17]      ;
; 0.654  ; 0.870        ; 0.216          ; High Pulse Width ; CLOCK_50 ; Rise       ; divisorfrec:U2|count1[1]       ;
+--------+--------------+----------------+------------------+----------+------------+--------------------------------+


+--------------------------------------------------------------------------------------------------------------+
; Fast 1200mV 0C Model Minimum Pulse Width: 'Clock_reg'                                                        ;
+--------+--------------+----------------+------------------+-----------+------------+-------------------------+
; Slack  ; Actual Width ; Required Width ; Type             ; Clock     ; Clock Edge ; Target                  ;
+--------+--------------+----------------+------------------+-----------+------------+-------------------------+
; -3.000 ; 1.000        ; 4.000          ; Port Rate        ; Clock_reg ; Rise       ; Clock_reg               ;
; -1.000 ; 1.000        ; 2.000          ; Min Period       ; Clock_reg ; Fall       ; shift_register:U1|D0[0] ;
; -1.000 ; 1.000        ; 2.000          ; Min Period       ; Clock_reg ; Fall       ; shift_register:U1|D0[1] ;
; -1.000 ; 1.000        ; 2.000          ; Min Period       ; Clock_reg ; Fall       ; shift_register:U1|D0[2] ;
; -1.000 ; 1.000        ; 2.000          ; Min Period       ; Clock_reg ; Fall       ; shift_register:U1|D0[3] ;
; -1.000 ; 1.000        ; 2.000          ; Min Period       ; Clock_reg ; Fall       ; shift_register:U1|D1[0] ;
; -1.000 ; 1.000        ; 2.000          ; Min Period       ; Clock_reg ; Fall       ; shift_register:U1|D1[1] ;
; -1.000 ; 1.000        ; 2.000          ; Min Period       ; Clock_reg ; Fall       ; shift_register:U1|D1[2] ;
; -1.000 ; 1.000        ; 2.000          ; Min Period       ; Clock_reg ; Fall       ; shift_register:U1|D1[3] ;
; -1.000 ; 1.000        ; 2.000          ; Min Period       ; Clock_reg ; Fall       ; shift_register:U1|D2[0] ;
; -1.000 ; 1.000        ; 2.000          ; Min Period       ; Clock_reg ; Fall       ; shift_register:U1|D2[1] ;
; -1.000 ; 1.000        ; 2.000          ; Min Period       ; Clock_reg ; Fall       ; shift_register:U1|D2[2] ;
; -1.000 ; 1.000        ; 2.000          ; Min Period       ; Clock_reg ; Fall       ; shift_register:U1|D2[3] ;
; -1.000 ; 1.000        ; 2.000          ; Min Period       ; Clock_reg ; Fall       ; shift_register:U1|D3[0] ;
; -1.000 ; 1.000        ; 2.000          ; Min Period       ; Clock_reg ; Fall       ; shift_register:U1|D3[1] ;
; -1.000 ; 1.000        ; 2.000          ; Min Period       ; Clock_reg ; Fall       ; shift_register:U1|D3[2] ;
; -1.000 ; 1.000        ; 2.000          ; Min Period       ; Clock_reg ; Fall       ; shift_register:U1|D3[3] ;
; -0.181 ; 0.035        ; 0.216          ; High Pulse Width ; Clock_reg ; Fall       ; shift_register:U1|D0[2] ;
; -0.181 ; 0.035        ; 0.216          ; High Pulse Width ; Clock_reg ; Fall       ; shift_register:U1|D1[2] ;
; -0.181 ; 0.035        ; 0.216          ; High Pulse Width ; Clock_reg ; Fall       ; shift_register:U1|D2[2] ;
; -0.181 ; 0.035        ; 0.216          ; High Pulse Width ; Clock_reg ; Fall       ; shift_register:U1|D3[2] ;
; -0.180 ; 0.036        ; 0.216          ; High Pulse Width ; Clock_reg ; Fall       ; shift_register:U1|D0[0] ;
; -0.180 ; 0.036        ; 0.216          ; High Pulse Width ; Clock_reg ; Fall       ; shift_register:U1|D0[1] ;
; -0.180 ; 0.036        ; 0.216          ; High Pulse Width ; Clock_reg ; Fall       ; shift_register:U1|D0[3] ;
; -0.180 ; 0.036        ; 0.216          ; High Pulse Width ; Clock_reg ; Fall       ; shift_register:U1|D1[0] ;
; -0.180 ; 0.036        ; 0.216          ; High Pulse Width ; Clock_reg ; Fall       ; shift_register:U1|D1[1] ;
; -0.180 ; 0.036        ; 0.216          ; High Pulse Width ; Clock_reg ; Fall       ; shift_register:U1|D1[3] ;
; -0.180 ; 0.036        ; 0.216          ; High Pulse Width ; Clock_reg ; Fall       ; shift_register:U1|D2[0] ;
; -0.180 ; 0.036        ; 0.216          ; High Pulse Width ; Clock_reg ; Fall       ; shift_register:U1|D2[1] ;
; -0.180 ; 0.036        ; 0.216          ; High Pulse Width ; Clock_reg ; Fall       ; shift_register:U1|D2[3] ;
; -0.180 ; 0.036        ; 0.216          ; High Pulse Width ; Clock_reg ; Fall       ; shift_register:U1|D3[0] ;
; -0.180 ; 0.036        ; 0.216          ; High Pulse Width ; Clock_reg ; Fall       ; shift_register:U1|D3[1] ;
; -0.180 ; 0.036        ; 0.216          ; High Pulse Width ; Clock_reg ; Fall       ; shift_register:U1|D3[3] ;
; 0.040  ; 0.040        ; 0.000          ; Low Pulse Width  ; Clock_reg ; Rise       ; U1|D0[2]|clk            ;
; 0.040  ; 0.040        ; 0.000          ; Low Pulse Width  ; Clock_reg ; Rise       ; U1|D1[2]|clk            ;
; 0.040  ; 0.040        ; 0.000          ; Low Pulse Width  ; Clock_reg ; Rise       ; U1|D2[2]|clk            ;
; 0.040  ; 0.040        ; 0.000          ; Low Pulse Width  ; Clock_reg ; Rise       ; U1|D3[2]|clk            ;
; 0.041  ; 0.041        ; 0.000          ; Low Pulse Width  ; Clock_reg ; Rise       ; U1|D0[0]|clk            ;
; 0.041  ; 0.041        ; 0.000          ; Low Pulse Width  ; Clock_reg ; Rise       ; U1|D0[1]|clk            ;
; 0.041  ; 0.041        ; 0.000          ; Low Pulse Width  ; Clock_reg ; Rise       ; U1|D0[3]|clk            ;
; 0.041  ; 0.041        ; 0.000          ; Low Pulse Width  ; Clock_reg ; Rise       ; U1|D1[0]|clk            ;
; 0.041  ; 0.041        ; 0.000          ; Low Pulse Width  ; Clock_reg ; Rise       ; U1|D1[1]|clk            ;
; 0.041  ; 0.041        ; 0.000          ; Low Pulse Width  ; Clock_reg ; Rise       ; U1|D1[3]|clk            ;
; 0.041  ; 0.041        ; 0.000          ; Low Pulse Width  ; Clock_reg ; Rise       ; U1|D2[0]|clk            ;
; 0.041  ; 0.041        ; 0.000          ; Low Pulse Width  ; Clock_reg ; Rise       ; U1|D2[1]|clk            ;
; 0.041  ; 0.041        ; 0.000          ; Low Pulse Width  ; Clock_reg ; Rise       ; U1|D2[3]|clk            ;
; 0.041  ; 0.041        ; 0.000          ; Low Pulse Width  ; Clock_reg ; Rise       ; U1|D3[0]|clk            ;
; 0.041  ; 0.041        ; 0.000          ; Low Pulse Width  ; Clock_reg ; Rise       ; U1|D3[1]|clk            ;
; 0.041  ; 0.041        ; 0.000          ; Low Pulse Width  ; Clock_reg ; Rise       ; U1|D3[3]|clk            ;
; 0.118  ; 0.118        ; 0.000          ; Low Pulse Width  ; Clock_reg ; Rise       ; Clock_reg~input|o       ;
; 0.500  ; 0.500        ; 0.000          ; High Pulse Width ; Clock_reg ; Rise       ; Clock_reg~input|i       ;
; 0.500  ; 0.500        ; 0.000          ; Low Pulse Width  ; Clock_reg ; Rise       ; Clock_reg~input|i       ;
; 0.780  ; 0.964        ; 0.184          ; Low Pulse Width  ; Clock_reg ; Fall       ; shift_register:U1|D0[0] ;
; 0.780  ; 0.964        ; 0.184          ; Low Pulse Width  ; Clock_reg ; Fall       ; shift_register:U1|D0[1] ;
; 0.780  ; 0.964        ; 0.184          ; Low Pulse Width  ; Clock_reg ; Fall       ; shift_register:U1|D0[3] ;
; 0.780  ; 0.964        ; 0.184          ; Low Pulse Width  ; Clock_reg ; Fall       ; shift_register:U1|D1[0] ;
; 0.780  ; 0.964        ; 0.184          ; Low Pulse Width  ; Clock_reg ; Fall       ; shift_register:U1|D1[1] ;
; 0.780  ; 0.964        ; 0.184          ; Low Pulse Width  ; Clock_reg ; Fall       ; shift_register:U1|D1[3] ;
; 0.780  ; 0.964        ; 0.184          ; Low Pulse Width  ; Clock_reg ; Fall       ; shift_register:U1|D2[0] ;
; 0.780  ; 0.964        ; 0.184          ; Low Pulse Width  ; Clock_reg ; Fall       ; shift_register:U1|D2[1] ;
; 0.780  ; 0.964        ; 0.184          ; Low Pulse Width  ; Clock_reg ; Fall       ; shift_register:U1|D2[3] ;
; 0.780  ; 0.964        ; 0.184          ; Low Pulse Width  ; Clock_reg ; Fall       ; shift_register:U1|D3[0] ;
; 0.780  ; 0.964        ; 0.184          ; Low Pulse Width  ; Clock_reg ; Fall       ; shift_register:U1|D3[1] ;
; 0.780  ; 0.964        ; 0.184          ; Low Pulse Width  ; Clock_reg ; Fall       ; shift_register:U1|D3[3] ;
; 0.781  ; 0.965        ; 0.184          ; Low Pulse Width  ; Clock_reg ; Fall       ; shift_register:U1|D0[2] ;
; 0.781  ; 0.965        ; 0.184          ; Low Pulse Width  ; Clock_reg ; Fall       ; shift_register:U1|D1[2] ;
; 0.781  ; 0.965        ; 0.184          ; Low Pulse Width  ; Clock_reg ; Fall       ; shift_register:U1|D2[2] ;
; 0.781  ; 0.965        ; 0.184          ; Low Pulse Width  ; Clock_reg ; Fall       ; shift_register:U1|D3[2] ;
; 0.882  ; 0.882        ; 0.000          ; High Pulse Width ; Clock_reg ; Rise       ; Clock_reg~input|o       ;
; 0.958  ; 0.958        ; 0.000          ; High Pulse Width ; Clock_reg ; Rise       ; U1|D0[0]|clk            ;
; 0.958  ; 0.958        ; 0.000          ; High Pulse Width ; Clock_reg ; Rise       ; U1|D0[1]|clk            ;
; 0.958  ; 0.958        ; 0.000          ; High Pulse Width ; Clock_reg ; Rise       ; U1|D0[3]|clk            ;
; 0.958  ; 0.958        ; 0.000          ; High Pulse Width ; Clock_reg ; Rise       ; U1|D1[0]|clk            ;
; 0.958  ; 0.958        ; 0.000          ; High Pulse Width ; Clock_reg ; Rise       ; U1|D1[1]|clk            ;
; 0.958  ; 0.958        ; 0.000          ; High Pulse Width ; Clock_reg ; Rise       ; U1|D1[3]|clk            ;
; 0.958  ; 0.958        ; 0.000          ; High Pulse Width ; Clock_reg ; Rise       ; U1|D2[0]|clk            ;
; 0.958  ; 0.958        ; 0.000          ; High Pulse Width ; Clock_reg ; Rise       ; U1|D2[1]|clk            ;
; 0.958  ; 0.958        ; 0.000          ; High Pulse Width ; Clock_reg ; Rise       ; U1|D2[3]|clk            ;
; 0.958  ; 0.958        ; 0.000          ; High Pulse Width ; Clock_reg ; Rise       ; U1|D3[0]|clk            ;
; 0.958  ; 0.958        ; 0.000          ; High Pulse Width ; Clock_reg ; Rise       ; U1|D3[1]|clk            ;
; 0.958  ; 0.958        ; 0.000          ; High Pulse Width ; Clock_reg ; Rise       ; U1|D3[3]|clk            ;
; 0.959  ; 0.959        ; 0.000          ; High Pulse Width ; Clock_reg ; Rise       ; U1|D0[2]|clk            ;
; 0.959  ; 0.959        ; 0.000          ; High Pulse Width ; Clock_reg ; Rise       ; U1|D1[2]|clk            ;
; 0.959  ; 0.959        ; 0.000          ; High Pulse Width ; Clock_reg ; Rise       ; U1|D2[2]|clk            ;
; 0.959  ; 0.959        ; 0.000          ; High Pulse Width ; Clock_reg ; Rise       ; U1|D3[2]|clk            ;
+--------+--------------+----------------+------------------+-----------+------------+-------------------------+


+-----------------------------------------------------------------------------------------------------------------------+
; Fast 1200mV 0C Model Minimum Pulse Width: 'confirmar'                                                                 ;
+--------+--------------+----------------+------------------+-----------+------------+----------------------------------+
; Slack  ; Actual Width ; Required Width ; Type             ; Clock     ; Clock Edge ; Target                           ;
+--------+--------------+----------------+------------------+-----------+------------+----------------------------------+
; -3.000 ; 1.000        ; 4.000          ; Port Rate        ; confirmar ; Rise       ; confirmar                        ;
; -1.000 ; 1.000        ; 2.000          ; Min Period       ; confirmar ; Fall       ; contador_intentos:U5|cont_int[0] ;
; -1.000 ; 1.000        ; 2.000          ; Min Period       ; confirmar ; Fall       ; contador_intentos:U5|cont_int[1] ;
; -0.191 ; 0.025        ; 0.216          ; High Pulse Width ; confirmar ; Fall       ; contador_intentos:U5|cont_int[1] ;
; -0.190 ; 0.026        ; 0.216          ; High Pulse Width ; confirmar ; Fall       ; contador_intentos:U5|cont_int[0] ;
; 0.030  ; 0.030        ; 0.000          ; Low Pulse Width  ; confirmar ; Rise       ; U5|cont_int[1]|clk               ;
; 0.031  ; 0.031        ; 0.000          ; Low Pulse Width  ; confirmar ; Rise       ; U5|cont_int[0]|clk               ;
; 0.118  ; 0.118        ; 0.000          ; Low Pulse Width  ; confirmar ; Rise       ; confirmar~input|o                ;
; 0.500  ; 0.500        ; 0.000          ; High Pulse Width ; confirmar ; Rise       ; confirmar~input|i                ;
; 0.500  ; 0.500        ; 0.000          ; Low Pulse Width  ; confirmar ; Rise       ; confirmar~input|i                ;
; 0.790  ; 0.974        ; 0.184          ; Low Pulse Width  ; confirmar ; Fall       ; contador_intentos:U5|cont_int[0] ;
; 0.790  ; 0.974        ; 0.184          ; Low Pulse Width  ; confirmar ; Fall       ; contador_intentos:U5|cont_int[1] ;
; 0.882  ; 0.882        ; 0.000          ; High Pulse Width ; confirmar ; Rise       ; confirmar~input|o                ;
; 0.968  ; 0.968        ; 0.000          ; High Pulse Width ; confirmar ; Rise       ; U5|cont_int[0]|clk               ;
; 0.968  ; 0.968        ; 0.000          ; High Pulse Width ; confirmar ; Rise       ; U5|cont_int[1]|clk               ;
+--------+--------------+----------------+------------------+-----------+------------+----------------------------------+


+---------------------------------------------------------------------------------------------------------------------------------+
; Fast 1200mV 0C Model Minimum Pulse Width: 'divisorfrec:U2|clk1'                                                                 ;
+--------+--------------+----------------+------------------+---------------------+------------+----------------------------------+
; Slack  ; Actual Width ; Required Width ; Type             ; Clock               ; Clock Edge ; Target                           ;
+--------+--------------+----------------+------------------+---------------------+------------+----------------------------------+
; -1.000 ; 1.000        ; 2.000          ; Min Period       ; divisorfrec:U2|clk1 ; Rise       ; count18O:U3|CNT_int[0]           ;
; -1.000 ; 1.000        ; 2.000          ; Min Period       ; divisorfrec:U2|clk1 ; Rise       ; count18O:U3|CNT_int[1]           ;
; -1.000 ; 1.000        ; 2.000          ; Min Period       ; divisorfrec:U2|clk1 ; Rise       ; count18O:U3|CNT_int[2]           ;
; -1.000 ; 1.000        ; 2.000          ; Min Period       ; divisorfrec:U2|clk1 ; Rise       ; count18O:U3|CNT_int[3]           ;
; -1.000 ; 1.000        ; 2.000          ; Min Period       ; divisorfrec:U2|clk1 ; Rise       ; count18O:U3|CNT_int[4]           ;
; -1.000 ; 1.000        ; 2.000          ; Min Period       ; divisorfrec:U2|clk1 ; Rise       ; count18O:U3|CNT_int[5]           ;
; -1.000 ; 1.000        ; 2.000          ; Min Period       ; divisorfrec:U2|clk1 ; Rise       ; count18O:U3|CNT_int[6]           ;
; -1.000 ; 1.000        ; 2.000          ; Min Period       ; divisorfrec:U2|clk1 ; Rise       ; count18O:U3|CNT_int[7]           ;
; -1.000 ; 1.000        ; 2.000          ; Min Period       ; divisorfrec:U2|clk1 ; Rise       ; temporizador_open:U6|contador[0] ;
; -1.000 ; 1.000        ; 2.000          ; Min Period       ; divisorfrec:U2|clk1 ; Rise       ; temporizador_open:U6|contador[1] ;
; -1.000 ; 1.000        ; 2.000          ; Min Period       ; divisorfrec:U2|clk1 ; Rise       ; temporizador_open:U6|contador[2] ;
; -1.000 ; 1.000        ; 2.000          ; Min Period       ; divisorfrec:U2|clk1 ; Rise       ; temporizador_open:U6|contando    ;
; 0.194  ; 0.378        ; 0.184          ; Low Pulse Width  ; divisorfrec:U2|clk1 ; Rise       ; temporizador_open:U6|contador[0] ;
; 0.194  ; 0.378        ; 0.184          ; Low Pulse Width  ; divisorfrec:U2|clk1 ; Rise       ; temporizador_open:U6|contador[1] ;
; 0.194  ; 0.378        ; 0.184          ; Low Pulse Width  ; divisorfrec:U2|clk1 ; Rise       ; temporizador_open:U6|contador[2] ;
; 0.195  ; 0.379        ; 0.184          ; Low Pulse Width  ; divisorfrec:U2|clk1 ; Rise       ; count18O:U3|CNT_int[0]           ;
; 0.195  ; 0.379        ; 0.184          ; Low Pulse Width  ; divisorfrec:U2|clk1 ; Rise       ; count18O:U3|CNT_int[1]           ;
; 0.195  ; 0.379        ; 0.184          ; Low Pulse Width  ; divisorfrec:U2|clk1 ; Rise       ; count18O:U3|CNT_int[2]           ;
; 0.195  ; 0.379        ; 0.184          ; Low Pulse Width  ; divisorfrec:U2|clk1 ; Rise       ; count18O:U3|CNT_int[3]           ;
; 0.195  ; 0.379        ; 0.184          ; Low Pulse Width  ; divisorfrec:U2|clk1 ; Rise       ; count18O:U3|CNT_int[4]           ;
; 0.195  ; 0.379        ; 0.184          ; Low Pulse Width  ; divisorfrec:U2|clk1 ; Rise       ; count18O:U3|CNT_int[5]           ;
; 0.195  ; 0.379        ; 0.184          ; Low Pulse Width  ; divisorfrec:U2|clk1 ; Rise       ; count18O:U3|CNT_int[6]           ;
; 0.195  ; 0.379        ; 0.184          ; Low Pulse Width  ; divisorfrec:U2|clk1 ; Rise       ; count18O:U3|CNT_int[7]           ;
; 0.195  ; 0.379        ; 0.184          ; Low Pulse Width  ; divisorfrec:U2|clk1 ; Rise       ; temporizador_open:U6|contando    ;
; 0.374  ; 0.374        ; 0.000          ; Low Pulse Width  ; divisorfrec:U2|clk1 ; Rise       ; U6|contador[0]|clk               ;
; 0.374  ; 0.374        ; 0.000          ; Low Pulse Width  ; divisorfrec:U2|clk1 ; Rise       ; U6|contador[1]|clk               ;
; 0.374  ; 0.374        ; 0.000          ; Low Pulse Width  ; divisorfrec:U2|clk1 ; Rise       ; U6|contador[2]|clk               ;
; 0.375  ; 0.375        ; 0.000          ; Low Pulse Width  ; divisorfrec:U2|clk1 ; Rise       ; U3|CNT_int[0]|clk                ;
; 0.375  ; 0.375        ; 0.000          ; Low Pulse Width  ; divisorfrec:U2|clk1 ; Rise       ; U3|CNT_int[1]|clk                ;
; 0.375  ; 0.375        ; 0.000          ; Low Pulse Width  ; divisorfrec:U2|clk1 ; Rise       ; U3|CNT_int[2]|clk                ;
; 0.375  ; 0.375        ; 0.000          ; Low Pulse Width  ; divisorfrec:U2|clk1 ; Rise       ; U3|CNT_int[3]|clk                ;
; 0.375  ; 0.375        ; 0.000          ; Low Pulse Width  ; divisorfrec:U2|clk1 ; Rise       ; U3|CNT_int[4]|clk                ;
; 0.375  ; 0.375        ; 0.000          ; Low Pulse Width  ; divisorfrec:U2|clk1 ; Rise       ; U3|CNT_int[5]|clk                ;
; 0.375  ; 0.375        ; 0.000          ; Low Pulse Width  ; divisorfrec:U2|clk1 ; Rise       ; U3|CNT_int[6]|clk                ;
; 0.375  ; 0.375        ; 0.000          ; Low Pulse Width  ; divisorfrec:U2|clk1 ; Rise       ; U3|CNT_int[7]|clk                ;
; 0.375  ; 0.375        ; 0.000          ; Low Pulse Width  ; divisorfrec:U2|clk1 ; Rise       ; U6|contando|clk                  ;
; 0.384  ; 0.384        ; 0.000          ; Low Pulse Width  ; divisorfrec:U2|clk1 ; Rise       ; U2|clk1~clkctrl|inclk[0]         ;
; 0.384  ; 0.384        ; 0.000          ; Low Pulse Width  ; divisorfrec:U2|clk1 ; Rise       ; U2|clk1~clkctrl|outclk           ;
; 0.398  ; 0.614        ; 0.216          ; High Pulse Width ; divisorfrec:U2|clk1 ; Rise       ; count18O:U3|CNT_int[7]           ;
; 0.398  ; 0.614        ; 0.216          ; High Pulse Width ; divisorfrec:U2|clk1 ; Rise       ; temporizador_open:U6|contando    ;
; 0.399  ; 0.615        ; 0.216          ; High Pulse Width ; divisorfrec:U2|clk1 ; Rise       ; count18O:U3|CNT_int[0]           ;
; 0.399  ; 0.615        ; 0.216          ; High Pulse Width ; divisorfrec:U2|clk1 ; Rise       ; count18O:U3|CNT_int[1]           ;
; 0.399  ; 0.615        ; 0.216          ; High Pulse Width ; divisorfrec:U2|clk1 ; Rise       ; count18O:U3|CNT_int[2]           ;
; 0.399  ; 0.615        ; 0.216          ; High Pulse Width ; divisorfrec:U2|clk1 ; Rise       ; count18O:U3|CNT_int[3]           ;
; 0.399  ; 0.615        ; 0.216          ; High Pulse Width ; divisorfrec:U2|clk1 ; Rise       ; count18O:U3|CNT_int[4]           ;
; 0.399  ; 0.615        ; 0.216          ; High Pulse Width ; divisorfrec:U2|clk1 ; Rise       ; count18O:U3|CNT_int[5]           ;
; 0.399  ; 0.615        ; 0.216          ; High Pulse Width ; divisorfrec:U2|clk1 ; Rise       ; count18O:U3|CNT_int[6]           ;
; 0.399  ; 0.615        ; 0.216          ; High Pulse Width ; divisorfrec:U2|clk1 ; Rise       ; temporizador_open:U6|contador[0] ;
; 0.399  ; 0.615        ; 0.216          ; High Pulse Width ; divisorfrec:U2|clk1 ; Rise       ; temporizador_open:U6|contador[1] ;
; 0.399  ; 0.615        ; 0.216          ; High Pulse Width ; divisorfrec:U2|clk1 ; Rise       ; temporizador_open:U6|contador[2] ;
; 0.500  ; 0.500        ; 0.000          ; High Pulse Width ; divisorfrec:U2|clk1 ; Rise       ; U2|clk1|q                        ;
; 0.500  ; 0.500        ; 0.000          ; Low Pulse Width  ; divisorfrec:U2|clk1 ; Rise       ; U2|clk1|q                        ;
; 0.612  ; 0.612        ; 0.000          ; High Pulse Width ; divisorfrec:U2|clk1 ; Rise       ; U2|clk1~clkctrl|inclk[0]         ;
; 0.612  ; 0.612        ; 0.000          ; High Pulse Width ; divisorfrec:U2|clk1 ; Rise       ; U2|clk1~clkctrl|outclk           ;
; 0.620  ; 0.620        ; 0.000          ; High Pulse Width ; divisorfrec:U2|clk1 ; Rise       ; U3|CNT_int[7]|clk                ;
; 0.620  ; 0.620        ; 0.000          ; High Pulse Width ; divisorfrec:U2|clk1 ; Rise       ; U6|contando|clk                  ;
; 0.621  ; 0.621        ; 0.000          ; High Pulse Width ; divisorfrec:U2|clk1 ; Rise       ; U3|CNT_int[0]|clk                ;
; 0.621  ; 0.621        ; 0.000          ; High Pulse Width ; divisorfrec:U2|clk1 ; Rise       ; U3|CNT_int[1]|clk                ;
; 0.621  ; 0.621        ; 0.000          ; High Pulse Width ; divisorfrec:U2|clk1 ; Rise       ; U3|CNT_int[2]|clk                ;
; 0.621  ; 0.621        ; 0.000          ; High Pulse Width ; divisorfrec:U2|clk1 ; Rise       ; U3|CNT_int[3]|clk                ;
; 0.621  ; 0.621        ; 0.000          ; High Pulse Width ; divisorfrec:U2|clk1 ; Rise       ; U3|CNT_int[4]|clk                ;
; 0.621  ; 0.621        ; 0.000          ; High Pulse Width ; divisorfrec:U2|clk1 ; Rise       ; U3|CNT_int[5]|clk                ;
; 0.621  ; 0.621        ; 0.000          ; High Pulse Width ; divisorfrec:U2|clk1 ; Rise       ; U3|CNT_int[6]|clk                ;
; 0.621  ; 0.621        ; 0.000          ; High Pulse Width ; divisorfrec:U2|clk1 ; Rise       ; U6|contador[0]|clk               ;
; 0.621  ; 0.621        ; 0.000          ; High Pulse Width ; divisorfrec:U2|clk1 ; Rise       ; U6|contador[1]|clk               ;
; 0.621  ; 0.621        ; 0.000          ; High Pulse Width ; divisorfrec:U2|clk1 ; Rise       ; U6|contador[2]|clk               ;
+--------+--------------+----------------+------------------+---------------------+------------+----------------------------------+


+------------------------------------------------------------------------------------+
; Setup Times                                                                        ;
+-----------+---------------------+-------+-------+------------+---------------------+
; Data Port ; Clock Port          ; Rise  ; Fall  ; Clock Edge ; Clock Reference     ;
+-----------+---------------------+-------+-------+------------+---------------------+
; Din[*]    ; Clock_reg           ; 0.736 ; 1.355 ; Fall       ; Clock_reg           ;
;  Din[0]   ; Clock_reg           ; 0.597 ; 1.187 ; Fall       ; Clock_reg           ;
;  Din[1]   ; Clock_reg           ; 0.736 ; 1.355 ; Fall       ; Clock_reg           ;
;  Din[2]   ; Clock_reg           ; 0.686 ; 1.317 ; Fall       ; Clock_reg           ;
;  Din[3]   ; Clock_reg           ; 0.655 ; 1.245 ; Fall       ; Clock_reg           ;
; UP_DOWN   ; divisorfrec:U2|clk1 ; 1.697 ; 2.276 ; Rise       ; divisorfrec:U2|clk1 ;
; confirmar ; divisorfrec:U2|clk1 ; 0.064 ; 0.516 ; Rise       ; divisorfrec:U2|clk1 ;
+-----------+---------------------+-------+-------+------------+---------------------+


+--------------------------------------------------------------------------------------+
; Hold Times                                                                           ;
+-----------+---------------------+--------+--------+------------+---------------------+
; Data Port ; Clock Port          ; Rise   ; Fall   ; Clock Edge ; Clock Reference     ;
+-----------+---------------------+--------+--------+------------+---------------------+
; Din[*]    ; Clock_reg           ; -0.380 ; -0.963 ; Fall       ; Clock_reg           ;
;  Din[0]   ; Clock_reg           ; -0.380 ; -0.963 ; Fall       ; Clock_reg           ;
;  Din[1]   ; Clock_reg           ; -0.514 ; -1.125 ; Fall       ; Clock_reg           ;
;  Din[2]   ; Clock_reg           ; -0.461 ; -1.077 ; Fall       ; Clock_reg           ;
;  Din[3]   ; Clock_reg           ; -0.437 ; -1.020 ; Fall       ; Clock_reg           ;
; UP_DOWN   ; divisorfrec:U2|clk1 ; -0.639 ; -1.247 ; Rise       ; divisorfrec:U2|clk1 ;
; confirmar ; divisorfrec:U2|clk1 ; 0.310  ; -0.130 ; Rise       ; divisorfrec:U2|clk1 ;
+-----------+---------------------+--------+--------+------------+---------------------+


+-------------------------------------------------------------------------------------------+
; Clock to Output Times                                                                     ;
+------------------+---------------------+-------+-------+------------+---------------------+
; Data Port        ; Clock Port          ; Rise  ; Fall  ; Clock Edge ; Clock Reference     ;
+------------------+---------------------+-------+-------+------------+---------------------+
; LED_load         ; Clock_reg           ; 4.052 ; 3.520 ; Rise       ; Clock_reg           ;
; Disp0[*]         ; Clock_reg           ; 6.107 ; 6.196 ; Fall       ; Clock_reg           ;
;  Disp0[2]        ; Clock_reg           ; 6.107 ; 6.196 ; Fall       ; Clock_reg           ;
; Disp1[*]         ; Clock_reg           ; 6.265 ; 6.376 ; Fall       ; Clock_reg           ;
;  Disp1[0]        ; Clock_reg           ; 6.265 ; 6.376 ; Fall       ; Clock_reg           ;
;  Disp1[3]        ; Clock_reg           ; 5.941 ; 5.955 ; Fall       ; Clock_reg           ;
;  Disp1[5]        ; Clock_reg           ; 6.237 ; 6.217 ; Fall       ; Clock_reg           ;
; Disp2[*]         ; Clock_reg           ; 6.262 ; 6.250 ; Fall       ; Clock_reg           ;
;  Disp2[1]        ; Clock_reg           ; 6.262 ; 6.250 ; Fall       ; Clock_reg           ;
;  Disp2[3]        ; Clock_reg           ; 6.162 ; 6.078 ; Fall       ; Clock_reg           ;
; Disp3[*]         ; Clock_reg           ; 6.392 ; 6.484 ; Fall       ; Clock_reg           ;
;  Disp3[0]        ; Clock_reg           ; 6.370 ; 6.484 ; Fall       ; Clock_reg           ;
;  Disp3[1]        ; Clock_reg           ; 6.392 ; 6.365 ; Fall       ; Clock_reg           ;
;  Disp3[2]        ; Clock_reg           ; 6.251 ; 6.247 ; Fall       ; Clock_reg           ;
;  Disp3[3]        ; Clock_reg           ; 6.362 ; 6.475 ; Fall       ; Clock_reg           ;
;  Disp3[4]        ; Clock_reg           ; 6.311 ; 6.422 ; Fall       ; Clock_reg           ;
;  Disp3[5]        ; Clock_reg           ; 6.311 ; 6.422 ; Fall       ; Clock_reg           ;
; LED_acceso       ; Clock_reg           ; 6.225 ; 6.142 ; Fall       ; Clock_reg           ;
; LED_clave        ; Clock_reg           ; 6.938 ; 7.246 ; Fall       ; Clock_reg           ;
; LED_horario      ; Clock_reg           ; 6.486 ; 6.383 ; Fall       ; Clock_reg           ;
; LED_load         ; Clock_reg           ; 4.052 ; 3.520 ; Fall       ; Clock_reg           ;
; Disp0[*]         ; confirmar           ; 5.052 ; 5.249 ; Rise       ; confirmar           ;
;  Disp0[0]        ; confirmar           ; 4.994 ; 4.399 ; Rise       ; confirmar           ;
;  Disp0[2]        ; confirmar           ; 4.539 ; 5.249 ; Rise       ; confirmar           ;
;  Disp0[3]        ; confirmar           ; 5.052 ; 4.460 ; Rise       ; confirmar           ;
;  Disp0[5]        ; confirmar           ; 5.042 ; 4.450 ; Rise       ; confirmar           ;
; Disp1[*]         ; confirmar           ; 5.289 ; 5.429 ; Rise       ; confirmar           ;
;  Disp1[0]        ; confirmar           ; 4.697 ; 5.429 ; Rise       ; confirmar           ;
;  Disp1[3]        ; confirmar           ; 4.993 ; 4.315 ; Rise       ; confirmar           ;
;  Disp1[5]        ; confirmar           ; 5.289 ; 4.577 ; Rise       ; confirmar           ;
;  Disp1[6]        ; confirmar           ; 4.286 ; 4.974 ; Rise       ; confirmar           ;
; Disp2[*]         ; confirmar           ; 5.314 ; 5.262 ; Rise       ; confirmar           ;
;  Disp2[0]        ; confirmar           ; 4.464 ; 5.052 ; Rise       ; confirmar           ;
;  Disp2[1]        ; confirmar           ; 5.314 ; 4.610 ; Rise       ; confirmar           ;
;  Disp2[2]        ; confirmar           ; 5.047 ; 4.446 ; Rise       ; confirmar           ;
;  Disp2[3]        ; confirmar           ; 5.214 ; 4.510 ; Rise       ; confirmar           ;
;  Disp2[5]        ; confirmar           ; 4.704 ; 5.262 ; Rise       ; confirmar           ;
; Disp3[*]         ; confirmar           ; 5.443 ; 5.537 ; Rise       ; confirmar           ;
;  Disp3[0]        ; confirmar           ; 4.802 ; 5.537 ; Rise       ; confirmar           ;
;  Disp3[1]        ; confirmar           ; 5.443 ; 4.724 ; Rise       ; confirmar           ;
;  Disp3[2]        ; confirmar           ; 5.302 ; 4.606 ; Rise       ; confirmar           ;
;  Disp3[3]        ; confirmar           ; 4.794 ; 5.528 ; Rise       ; confirmar           ;
;  Disp3[4]        ; confirmar           ; 4.743 ; 5.475 ; Rise       ; confirmar           ;
;  Disp3[5]        ; confirmar           ; 4.743 ; 5.475 ; Rise       ; confirmar           ;
; Disp0[*]         ; confirmar           ; 5.052 ; 5.249 ; Fall       ; confirmar           ;
;  Disp0[0]        ; confirmar           ; 4.994 ; 4.399 ; Fall       ; confirmar           ;
;  Disp0[2]        ; confirmar           ; 4.602 ; 5.249 ; Fall       ; confirmar           ;
;  Disp0[3]        ; confirmar           ; 5.052 ; 4.460 ; Fall       ; confirmar           ;
;  Disp0[5]        ; confirmar           ; 5.042 ; 4.450 ; Fall       ; confirmar           ;
; Disp1[*]         ; confirmar           ; 5.289 ; 5.429 ; Fall       ; confirmar           ;
;  Disp1[0]        ; confirmar           ; 4.760 ; 5.429 ; Fall       ; confirmar           ;
;  Disp1[3]        ; confirmar           ; 4.993 ; 4.385 ; Fall       ; confirmar           ;
;  Disp1[5]        ; confirmar           ; 5.289 ; 4.647 ; Fall       ; confirmar           ;
;  Disp1[6]        ; confirmar           ; 4.286 ; 4.974 ; Fall       ; confirmar           ;
; Disp2[*]         ; confirmar           ; 5.314 ; 5.262 ; Fall       ; confirmar           ;
;  Disp2[0]        ; confirmar           ; 4.464 ; 5.052 ; Fall       ; confirmar           ;
;  Disp2[1]        ; confirmar           ; 5.314 ; 4.680 ; Fall       ; confirmar           ;
;  Disp2[2]        ; confirmar           ; 5.047 ; 4.446 ; Fall       ; confirmar           ;
;  Disp2[3]        ; confirmar           ; 5.214 ; 4.696 ; Fall       ; confirmar           ;
;  Disp2[5]        ; confirmar           ; 4.704 ; 5.262 ; Fall       ; confirmar           ;
; Disp3[*]         ; confirmar           ; 5.443 ; 5.537 ; Fall       ; confirmar           ;
;  Disp3[0]        ; confirmar           ; 4.865 ; 5.537 ; Fall       ; confirmar           ;
;  Disp3[1]        ; confirmar           ; 5.443 ; 4.935 ; Fall       ; confirmar           ;
;  Disp3[2]        ; confirmar           ; 5.302 ; 4.817 ; Fall       ; confirmar           ;
;  Disp3[3]        ; confirmar           ; 4.857 ; 5.528 ; Fall       ; confirmar           ;
;  Disp3[4]        ; confirmar           ; 4.806 ; 5.475 ; Fall       ; confirmar           ;
;  Disp3[5]        ; confirmar           ; 4.806 ; 5.475 ; Fall       ; confirmar           ;
; LED_alarma       ; confirmar           ; 4.553 ; 4.709 ; Fall       ; confirmar           ;
; LED_intentos[*]  ; confirmar           ; 4.390 ; 4.512 ; Fall       ; confirmar           ;
;  LED_intentos[0] ; confirmar           ; 4.327 ; 4.434 ; Fall       ; confirmar           ;
;  LED_intentos[1] ; confirmar           ; 4.390 ; 4.512 ; Fall       ; confirmar           ;
; Disp0[*]         ; divisorfrec:U2|clk1 ; 5.681 ; 5.721 ; Rise       ; divisorfrec:U2|clk1 ;
;  Disp0[0]        ; divisorfrec:U2|clk1 ; 4.540 ; 4.704 ; Rise       ; divisorfrec:U2|clk1 ;
;  Disp0[2]        ; divisorfrec:U2|clk1 ; 5.681 ; 5.721 ; Rise       ; divisorfrec:U2|clk1 ;
;  Disp0[3]        ; divisorfrec:U2|clk1 ; 4.598 ; 4.765 ; Rise       ; divisorfrec:U2|clk1 ;
;  Disp0[5]        ; divisorfrec:U2|clk1 ; 4.588 ; 4.755 ; Rise       ; divisorfrec:U2|clk1 ;
; Disp1[*]         ; divisorfrec:U2|clk1 ; 5.839 ; 5.901 ; Rise       ; divisorfrec:U2|clk1 ;
;  Disp1[0]        ; divisorfrec:U2|clk1 ; 5.839 ; 5.901 ; Rise       ; divisorfrec:U2|clk1 ;
;  Disp1[3]        ; divisorfrec:U2|clk1 ; 5.515 ; 5.480 ; Rise       ; divisorfrec:U2|clk1 ;
;  Disp1[5]        ; divisorfrec:U2|clk1 ; 5.811 ; 5.742 ; Rise       ; divisorfrec:U2|clk1 ;
;  Disp1[6]        ; divisorfrec:U2|clk1 ; 4.604 ; 4.526 ; Rise       ; divisorfrec:U2|clk1 ;
; Disp2[*]         ; divisorfrec:U2|clk1 ; 5.836 ; 5.775 ; Rise       ; divisorfrec:U2|clk1 ;
;  Disp2[0]        ; divisorfrec:U2|clk1 ; 4.769 ; 4.598 ; Rise       ; divisorfrec:U2|clk1 ;
;  Disp2[1]        ; divisorfrec:U2|clk1 ; 5.836 ; 5.775 ; Rise       ; divisorfrec:U2|clk1 ;
;  Disp2[2]        ; divisorfrec:U2|clk1 ; 4.600 ; 4.759 ; Rise       ; divisorfrec:U2|clk1 ;
;  Disp2[3]        ; divisorfrec:U2|clk1 ; 5.687 ; 5.652 ; Rise       ; divisorfrec:U2|clk1 ;
;  Disp2[5]        ; divisorfrec:U2|clk1 ; 5.009 ; 4.808 ; Rise       ; divisorfrec:U2|clk1 ;
; Disp3[*]         ; divisorfrec:U2|clk1 ; 5.966 ; 6.009 ; Rise       ; divisorfrec:U2|clk1 ;
;  Disp3[0]        ; divisorfrec:U2|clk1 ; 5.944 ; 6.009 ; Rise       ; divisorfrec:U2|clk1 ;
;  Disp3[1]        ; divisorfrec:U2|clk1 ; 5.966 ; 5.890 ; Rise       ; divisorfrec:U2|clk1 ;
;  Disp3[2]        ; divisorfrec:U2|clk1 ; 5.825 ; 5.772 ; Rise       ; divisorfrec:U2|clk1 ;
;  Disp3[3]        ; divisorfrec:U2|clk1 ; 5.936 ; 6.000 ; Rise       ; divisorfrec:U2|clk1 ;
;  Disp3[4]        ; divisorfrec:U2|clk1 ; 5.885 ; 5.947 ; Rise       ; divisorfrec:U2|clk1 ;
;  Disp3[5]        ; divisorfrec:U2|clk1 ; 5.885 ; 5.947 ; Rise       ; divisorfrec:U2|clk1 ;
; LED_acceso       ; divisorfrec:U2|clk1 ; 5.750 ; 5.716 ; Rise       ; divisorfrec:U2|clk1 ;
; LED_clk_count    ; divisorfrec:U2|clk1 ; 2.071 ;       ; Rise       ; divisorfrec:U2|clk1 ;
; LED_horario      ; divisorfrec:U2|clk1 ; 6.011 ; 5.957 ; Rise       ; divisorfrec:U2|clk1 ;
; LED_clk_count    ; divisorfrec:U2|clk1 ;       ; 2.140 ; Fall       ; divisorfrec:U2|clk1 ;
+------------------+---------------------+-------+-------+------------+---------------------+


+-------------------------------------------------------------------------------------------+
; Minimum Clock to Output Times                                                             ;
+------------------+---------------------+-------+-------+------------+---------------------+
; Data Port        ; Clock Port          ; Rise  ; Fall  ; Clock Edge ; Clock Reference     ;
+------------------+---------------------+-------+-------+------------+---------------------+
; LED_load         ; Clock_reg           ; 3.977 ; 3.450 ; Rise       ; Clock_reg           ;
; Disp0[*]         ; Clock_reg           ; 5.117 ; 5.144 ; Fall       ; Clock_reg           ;
;  Disp0[2]        ; Clock_reg           ; 5.117 ; 5.144 ; Fall       ; Clock_reg           ;
; Disp1[*]         ; Clock_reg           ; 4.958 ; 4.914 ; Fall       ; Clock_reg           ;
;  Disp1[0]        ; Clock_reg           ; 5.269 ; 5.318 ; Fall       ; Clock_reg           ;
;  Disp1[3]        ; Clock_reg           ; 4.958 ; 4.914 ; Fall       ; Clock_reg           ;
;  Disp1[5]        ; Clock_reg           ; 5.242 ; 5.164 ; Fall       ; Clock_reg           ;
; Disp2[*]         ; Clock_reg           ; 5.111 ; 5.088 ; Fall       ; Clock_reg           ;
;  Disp2[1]        ; Clock_reg           ; 5.267 ; 5.197 ; Fall       ; Clock_reg           ;
;  Disp2[3]        ; Clock_reg           ; 5.111 ; 5.088 ; Fall       ; Clock_reg           ;
; Disp3[*]         ; Clock_reg           ; 5.257 ; 5.194 ; Fall       ; Clock_reg           ;
;  Disp3[0]        ; Clock_reg           ; 5.371 ; 5.422 ; Fall       ; Clock_reg           ;
;  Disp3[1]        ; Clock_reg           ; 5.391 ; 5.306 ; Fall       ; Clock_reg           ;
;  Disp3[2]        ; Clock_reg           ; 5.257 ; 5.194 ; Fall       ; Clock_reg           ;
;  Disp3[3]        ; Clock_reg           ; 5.363 ; 5.413 ; Fall       ; Clock_reg           ;
;  Disp3[4]        ; Clock_reg           ; 5.313 ; 5.362 ; Fall       ; Clock_reg           ;
;  Disp3[5]        ; Clock_reg           ; 5.313 ; 5.362 ; Fall       ; Clock_reg           ;
; LED_acceso       ; Clock_reg           ; 5.177 ; 5.157 ; Fall       ; Clock_reg           ;
; LED_clave        ; Clock_reg           ; 5.636 ; 5.912 ; Fall       ; Clock_reg           ;
; LED_horario      ; Clock_reg           ; 5.428 ; 5.388 ; Fall       ; Clock_reg           ;
; LED_load         ; Clock_reg           ; 3.977 ; 3.450 ; Fall       ; Clock_reg           ;
; Disp0[*]         ; confirmar           ; 4.421 ; 4.284 ; Rise       ; confirmar           ;
;  Disp0[0]        ; confirmar           ; 4.873 ; 4.284 ; Rise       ; confirmar           ;
;  Disp0[2]        ; confirmar           ; 4.421 ; 5.119 ; Rise       ; confirmar           ;
;  Disp0[3]        ; confirmar           ; 4.929 ; 4.343 ; Rise       ; confirmar           ;
;  Disp0[5]        ; confirmar           ; 4.919 ; 4.333 ; Rise       ; confirmar           ;
; Disp1[*]         ; confirmar           ; 4.178 ; 4.207 ; Rise       ; confirmar           ;
;  Disp1[0]        ; confirmar           ; 4.573 ; 5.293 ; Rise       ; confirmar           ;
;  Disp1[3]        ; confirmar           ; 4.873 ; 4.207 ; Rise       ; confirmar           ;
;  Disp1[5]        ; confirmar           ; 5.157 ; 4.457 ; Rise       ; confirmar           ;
;  Disp1[6]        ; confirmar           ; 4.178 ; 4.855 ; Rise       ; confirmar           ;
; Disp2[*]         ; confirmar           ; 4.346 ; 4.330 ; Rise       ; confirmar           ;
;  Disp2[0]        ; confirmar           ; 4.346 ; 4.928 ; Rise       ; confirmar           ;
;  Disp2[1]        ; confirmar           ; 5.182 ; 4.490 ; Rise       ; confirmar           ;
;  Disp2[2]        ; confirmar           ; 4.924 ; 4.330 ; Rise       ; confirmar           ;
;  Disp2[3]        ; confirmar           ; 5.085 ; 4.393 ; Rise       ; confirmar           ;
;  Disp2[5]        ; confirmar           ; 4.578 ; 5.131 ; Rise       ; confirmar           ;
; Disp3[*]         ; confirmar           ; 4.617 ; 4.487 ; Rise       ; confirmar           ;
;  Disp3[0]        ; confirmar           ; 4.675 ; 5.397 ; Rise       ; confirmar           ;
;  Disp3[1]        ; confirmar           ; 5.305 ; 4.599 ; Rise       ; confirmar           ;
;  Disp3[2]        ; confirmar           ; 5.171 ; 4.487 ; Rise       ; confirmar           ;
;  Disp3[3]        ; confirmar           ; 4.667 ; 5.388 ; Rise       ; confirmar           ;
;  Disp3[4]        ; confirmar           ; 4.617 ; 5.337 ; Rise       ; confirmar           ;
;  Disp3[5]        ; confirmar           ; 4.617 ; 5.337 ; Rise       ; confirmar           ;
; Disp0[*]         ; confirmar           ; 4.002 ; 4.095 ; Fall       ; confirmar           ;
;  Disp0[0]        ; confirmar           ; 4.002 ; 4.095 ; Fall       ; confirmar           ;
;  Disp0[2]        ; confirmar           ; 4.421 ; 4.595 ; Fall       ; confirmar           ;
;  Disp0[3]        ; confirmar           ; 4.058 ; 4.154 ; Fall       ; confirmar           ;
;  Disp0[5]        ; confirmar           ; 4.048 ; 4.144 ; Fall       ; confirmar           ;
; Disp1[*]         ; confirmar           ; 3.938 ; 4.014 ; Fall       ; confirmar           ;
;  Disp1[0]        ; confirmar           ; 4.573 ; 4.769 ; Fall       ; confirmar           ;
;  Disp1[3]        ; confirmar           ; 4.395 ; 4.207 ; Fall       ; confirmar           ;
;  Disp1[5]        ; confirmar           ; 4.679 ; 4.457 ; Fall       ; confirmar           ;
;  Disp1[6]        ; confirmar           ; 3.938 ; 4.014 ; Fall       ; confirmar           ;
; Disp2[*]         ; confirmar           ; 4.112 ; 4.057 ; Fall       ; confirmar           ;
;  Disp2[0]        ; confirmar           ; 4.157 ; 4.057 ; Fall       ; confirmar           ;
;  Disp2[1]        ; confirmar           ; 4.704 ; 4.490 ; Fall       ; confirmar           ;
;  Disp2[2]        ; confirmar           ; 4.112 ; 4.098 ; Fall       ; confirmar           ;
;  Disp2[3]        ; confirmar           ; 4.492 ; 4.393 ; Fall       ; confirmar           ;
;  Disp2[5]        ; confirmar           ; 4.389 ; 4.260 ; Fall       ; confirmar           ;
; Disp3[*]         ; confirmar           ; 4.604 ; 4.487 ; Fall       ; confirmar           ;
;  Disp3[0]        ; confirmar           ; 4.675 ; 4.873 ; Fall       ; confirmar           ;
;  Disp3[1]        ; confirmar           ; 4.738 ; 4.599 ; Fall       ; confirmar           ;
;  Disp3[2]        ; confirmar           ; 4.604 ; 4.487 ; Fall       ; confirmar           ;
;  Disp3[3]        ; confirmar           ; 4.667 ; 4.864 ; Fall       ; confirmar           ;
;  Disp3[4]        ; confirmar           ; 4.617 ; 4.813 ; Fall       ; confirmar           ;
;  Disp3[5]        ; confirmar           ; 4.617 ; 4.813 ; Fall       ; confirmar           ;
; LED_alarma       ; confirmar           ; 4.450 ; 4.596 ; Fall       ; confirmar           ;
; LED_intentos[*]  ; confirmar           ; 4.236 ; 4.338 ; Fall       ; confirmar           ;
;  LED_intentos[0] ; confirmar           ; 4.236 ; 4.338 ; Fall       ; confirmar           ;
;  LED_intentos[1] ; confirmar           ; 4.296 ; 4.413 ; Fall       ; confirmar           ;
; Disp0[*]         ; divisorfrec:U2|clk1 ; 4.385 ; 4.471 ; Rise       ; divisorfrec:U2|clk1 ;
;  Disp0[0]        ; divisorfrec:U2|clk1 ; 4.385 ; 4.527 ; Rise       ; divisorfrec:U2|clk1 ;
;  Disp0[2]        ; divisorfrec:U2|clk1 ; 4.467 ; 4.471 ; Rise       ; divisorfrec:U2|clk1 ;
;  Disp0[3]        ; divisorfrec:U2|clk1 ; 4.441 ; 4.586 ; Rise       ; divisorfrec:U2|clk1 ;
;  Disp0[5]        ; divisorfrec:U2|clk1 ; 4.431 ; 4.576 ; Rise       ; divisorfrec:U2|clk1 ;
; Disp1[*]         ; divisorfrec:U2|clk1 ; 4.308 ; 4.253 ; Rise       ; divisorfrec:U2|clk1 ;
;  Disp1[0]        ; divisorfrec:U2|clk1 ; 4.619 ; 4.645 ; Rise       ; divisorfrec:U2|clk1 ;
;  Disp1[3]        ; divisorfrec:U2|clk1 ; 4.308 ; 4.253 ; Rise       ; divisorfrec:U2|clk1 ;
;  Disp1[5]        ; divisorfrec:U2|clk1 ; 4.592 ; 4.503 ; Rise       ; divisorfrec:U2|clk1 ;
;  Disp1[6]        ; divisorfrec:U2|clk1 ; 4.435 ; 4.353 ; Rise       ; divisorfrec:U2|clk1 ;
; Disp2[*]         ; divisorfrec:U2|clk1 ; 4.442 ; 4.438 ; Rise       ; divisorfrec:U2|clk1 ;
;  Disp2[0]        ; divisorfrec:U2|clk1 ; 4.589 ; 4.440 ; Rise       ; divisorfrec:U2|clk1 ;
;  Disp2[1]        ; divisorfrec:U2|clk1 ; 4.617 ; 4.536 ; Rise       ; divisorfrec:U2|clk1 ;
;  Disp2[2]        ; divisorfrec:U2|clk1 ; 4.442 ; 4.581 ; Rise       ; divisorfrec:U2|clk1 ;
;  Disp2[3]        ; divisorfrec:U2|clk1 ; 4.455 ; 4.438 ; Rise       ; divisorfrec:U2|clk1 ;
;  Disp2[5]        ; divisorfrec:U2|clk1 ; 4.821 ; 4.643 ; Rise       ; divisorfrec:U2|clk1 ;
; Disp3[*]         ; divisorfrec:U2|clk1 ; 4.607 ; 4.527 ; Rise       ; divisorfrec:U2|clk1 ;
;  Disp3[0]        ; divisorfrec:U2|clk1 ; 4.721 ; 4.749 ; Rise       ; divisorfrec:U2|clk1 ;
;  Disp3[1]        ; divisorfrec:U2|clk1 ; 4.741 ; 4.639 ; Rise       ; divisorfrec:U2|clk1 ;
;  Disp3[2]        ; divisorfrec:U2|clk1 ; 4.607 ; 4.527 ; Rise       ; divisorfrec:U2|clk1 ;
;  Disp3[3]        ; divisorfrec:U2|clk1 ; 4.713 ; 4.740 ; Rise       ; divisorfrec:U2|clk1 ;
;  Disp3[4]        ; divisorfrec:U2|clk1 ; 4.663 ; 4.689 ; Rise       ; divisorfrec:U2|clk1 ;
;  Disp3[5]        ; divisorfrec:U2|clk1 ; 4.663 ; 4.689 ; Rise       ; divisorfrec:U2|clk1 ;
; LED_acceso       ; divisorfrec:U2|clk1 ; 4.654 ; 4.507 ; Rise       ; divisorfrec:U2|clk1 ;
; LED_clk_count    ; divisorfrec:U2|clk1 ; 2.048 ;       ; Rise       ; divisorfrec:U2|clk1 ;
; LED_horario      ; divisorfrec:U2|clk1 ; 4.905 ; 4.738 ; Rise       ; divisorfrec:U2|clk1 ;
; LED_clk_count    ; divisorfrec:U2|clk1 ;       ; 2.113 ; Fall       ; divisorfrec:U2|clk1 ;
+------------------+---------------------+-------+-------+------------+---------------------+


---------------------------------------------
; Fast 1200mV 0C Model Metastability Report ;
---------------------------------------------
No synchronizer chains to report.


+------------------------------------------------------------------------------------+
; Multicorner Timing Analysis Summary                                                ;
+----------------------+---------+--------+----------+---------+---------------------+
; Clock                ; Setup   ; Hold   ; Recovery ; Removal ; Minimum Pulse Width ;
+----------------------+---------+--------+----------+---------+---------------------+
; Worst-case Slack     ; -4.208  ; -0.374 ; N/A      ; N/A     ; -3.000              ;
;  CLOCK_50            ; -2.652  ; -0.195 ; N/A      ; N/A     ; -3.000              ;
;  Clock_reg           ; -0.246  ; 0.208  ; N/A      ; N/A     ; -3.000              ;
;  confirmar           ; -3.339  ; 0.199  ; N/A      ; N/A     ; -3.000              ;
;  divisorfrec:U2|clk1 ; -4.208  ; -0.374 ; N/A      ; N/A     ; -1.000              ;
; Design-wide TNS      ; -76.297 ; -0.91  ; 0.0      ; 0.0     ; -69.707             ;
;  CLOCK_50            ; -37.899 ; -0.195 ; N/A      ; N/A     ; -30.442             ;
;  Clock_reg           ; -0.263  ; 0.000  ; N/A      ; N/A     ; -21.884             ;
;  confirmar           ; -6.606  ; 0.000  ; N/A      ; N/A     ; -5.381              ;
;  divisorfrec:U2|clk1 ; -31.529 ; -0.715 ; N/A      ; N/A     ; -12.000             ;
+----------------------+---------+--------+----------+---------+---------------------+


+------------------------------------------------------------------------------------+
; Setup Times                                                                        ;
+-----------+---------------------+-------+-------+------------+---------------------+
; Data Port ; Clock Port          ; Rise  ; Fall  ; Clock Edge ; Clock Reference     ;
+-----------+---------------------+-------+-------+------------+---------------------+
; Din[*]    ; Clock_reg           ; 1.880 ; 2.295 ; Fall       ; Clock_reg           ;
;  Din[0]   ; Clock_reg           ; 1.617 ; 2.042 ; Fall       ; Clock_reg           ;
;  Din[1]   ; Clock_reg           ; 1.880 ; 2.295 ; Fall       ; Clock_reg           ;
;  Din[2]   ; Clock_reg           ; 1.786 ; 2.204 ; Fall       ; Clock_reg           ;
;  Din[3]   ; Clock_reg           ; 1.730 ; 2.134 ; Fall       ; Clock_reg           ;
; UP_DOWN   ; divisorfrec:U2|clk1 ; 3.016 ; 3.471 ; Rise       ; divisorfrec:U2|clk1 ;
; confirmar ; divisorfrec:U2|clk1 ; 0.386 ; 0.516 ; Rise       ; divisorfrec:U2|clk1 ;
+-----------+---------------------+-------+-------+------------+---------------------+


+--------------------------------------------------------------------------------------+
; Hold Times                                                                           ;
+-----------+---------------------+--------+--------+------------+---------------------+
; Data Port ; Clock Port          ; Rise   ; Fall   ; Clock Edge ; Clock Reference     ;
+-----------+---------------------+--------+--------+------------+---------------------+
; Din[*]    ; Clock_reg           ; -0.380 ; -0.963 ; Fall       ; Clock_reg           ;
;  Din[0]   ; Clock_reg           ; -0.380 ; -0.963 ; Fall       ; Clock_reg           ;
;  Din[1]   ; Clock_reg           ; -0.514 ; -1.125 ; Fall       ; Clock_reg           ;
;  Din[2]   ; Clock_reg           ; -0.461 ; -1.077 ; Fall       ; Clock_reg           ;
;  Din[3]   ; Clock_reg           ; -0.437 ; -1.020 ; Fall       ; Clock_reg           ;
; UP_DOWN   ; divisorfrec:U2|clk1 ; -0.639 ; -1.247 ; Rise       ; divisorfrec:U2|clk1 ;
; confirmar ; divisorfrec:U2|clk1 ; 0.344  ; 0.213  ; Rise       ; divisorfrec:U2|clk1 ;
+-----------+---------------------+--------+--------+------------+---------------------+


+---------------------------------------------------------------------------------------------+
; Clock to Output Times                                                                       ;
+------------------+---------------------+--------+--------+------------+---------------------+
; Data Port        ; Clock Port          ; Rise   ; Fall   ; Clock Edge ; Clock Reference     ;
+------------------+---------------------+--------+--------+------------+---------------------+
; LED_load         ; Clock_reg           ; 6.163  ; 5.762  ; Rise       ; Clock_reg           ;
; Disp0[*]         ; Clock_reg           ; 10.119 ; 10.044 ; Fall       ; Clock_reg           ;
;  Disp0[2]        ; Clock_reg           ; 10.119 ; 10.044 ; Fall       ; Clock_reg           ;
; Disp1[*]         ; Clock_reg           ; 10.388 ; 10.310 ; Fall       ; Clock_reg           ;
;  Disp1[0]        ; Clock_reg           ; 10.388 ; 10.310 ; Fall       ; Clock_reg           ;
;  Disp1[3]        ; Clock_reg           ; 9.709  ; 9.769  ; Fall       ; Clock_reg           ;
;  Disp1[5]        ; Clock_reg           ; 10.207 ; 10.289 ; Fall       ; Clock_reg           ;
; Disp2[*]         ; Clock_reg           ; 10.240 ; 10.295 ; Fall       ; Clock_reg           ;
;  Disp2[1]        ; Clock_reg           ; 10.240 ; 10.295 ; Fall       ; Clock_reg           ;
;  Disp2[3]        ; Clock_reg           ; 10.006 ; 10.049 ; Fall       ; Clock_reg           ;
; Disp3[*]         ; Clock_reg           ; 10.586 ; 10.505 ; Fall       ; Clock_reg           ;
;  Disp3[0]        ; Clock_reg           ; 10.586 ; 10.495 ; Fall       ; Clock_reg           ;
;  Disp3[1]        ; Clock_reg           ; 10.458 ; 10.505 ; Fall       ; Clock_reg           ;
;  Disp3[2]        ; Clock_reg           ; 10.206 ; 10.282 ; Fall       ; Clock_reg           ;
;  Disp3[3]        ; Clock_reg           ; 10.564 ; 10.479 ; Fall       ; Clock_reg           ;
;  Disp3[4]        ; Clock_reg           ; 10.506 ; 10.422 ; Fall       ; Clock_reg           ;
;  Disp3[5]        ; Clock_reg           ; 10.506 ; 10.422 ; Fall       ; Clock_reg           ;
; LED_acceso       ; Clock_reg           ; 9.995  ; 10.019 ; Fall       ; Clock_reg           ;
; LED_clave        ; Clock_reg           ; 11.241 ; 11.416 ; Fall       ; Clock_reg           ;
; LED_horario      ; Clock_reg           ; 10.407 ; 10.457 ; Fall       ; Clock_reg           ;
; LED_load         ; Clock_reg           ; 6.163  ; 5.762  ; Fall       ; Clock_reg           ;
; Disp0[*]         ; confirmar           ; 8.026  ; 8.205  ; Rise       ; confirmar           ;
;  Disp0[0]        ; confirmar           ; 7.949  ; 7.402  ; Rise       ; confirmar           ;
;  Disp0[2]        ; confirmar           ; 7.784  ; 8.205  ; Rise       ; confirmar           ;
;  Disp0[3]        ; confirmar           ; 8.026  ; 7.504  ; Rise       ; confirmar           ;
;  Disp0[5]        ; confirmar           ; 8.016  ; 7.494  ; Rise       ; confirmar           ;
; Disp1[*]         ; confirmar           ; 8.299  ; 8.471  ; Rise       ; confirmar           ;
;  Disp1[0]        ; confirmar           ; 8.053  ; 8.471  ; Rise       ; confirmar           ;
;  Disp1[3]        ; confirmar           ; 7.801  ; 7.381  ; Rise       ; confirmar           ;
;  Disp1[5]        ; confirmar           ; 8.299  ; 7.901  ; Rise       ; confirmar           ;
;  Disp1[6]        ; confirmar           ; 7.339  ; 7.761  ; Rise       ; confirmar           ;
; Disp2[*]         ; confirmar           ; 8.332  ; 8.382  ; Rise       ; confirmar           ;
;  Disp2[0]        ; confirmar           ; 7.538  ; 8.035  ; Rise       ; confirmar           ;
;  Disp2[1]        ; confirmar           ; 8.332  ; 7.907  ; Rise       ; confirmar           ;
;  Disp2[2]        ; confirmar           ; 8.028  ; 7.494  ; Rise       ; confirmar           ;
;  Disp2[3]        ; confirmar           ; 8.166  ; 7.715  ; Rise       ; confirmar           ;
;  Disp2[5]        ; confirmar           ; 7.882  ; 8.382  ; Rise       ; confirmar           ;
; Disp3[*]         ; confirmar           ; 8.542  ; 8.656  ; Rise       ; confirmar           ;
;  Disp3[0]        ; confirmar           ; 8.251  ; 8.656  ; Rise       ; confirmar           ;
;  Disp3[1]        ; confirmar           ; 8.542  ; 8.120  ; Rise       ; confirmar           ;
;  Disp3[2]        ; confirmar           ; 8.290  ; 7.897  ; Rise       ; confirmar           ;
;  Disp3[3]        ; confirmar           ; 8.229  ; 8.640  ; Rise       ; confirmar           ;
;  Disp3[4]        ; confirmar           ; 8.171  ; 8.583  ; Rise       ; confirmar           ;
;  Disp3[5]        ; confirmar           ; 8.171  ; 8.583  ; Rise       ; confirmar           ;
; Disp0[*]         ; confirmar           ; 8.026  ; 8.205  ; Fall       ; confirmar           ;
;  Disp0[0]        ; confirmar           ; 7.949  ; 7.402  ; Fall       ; confirmar           ;
;  Disp0[2]        ; confirmar           ; 7.784  ; 8.205  ; Fall       ; confirmar           ;
;  Disp0[3]        ; confirmar           ; 8.026  ; 7.504  ; Fall       ; confirmar           ;
;  Disp0[5]        ; confirmar           ; 8.016  ; 7.494  ; Fall       ; confirmar           ;
; Disp1[*]         ; confirmar           ; 8.299  ; 8.471  ; Fall       ; confirmar           ;
;  Disp1[0]        ; confirmar           ; 8.053  ; 8.471  ; Fall       ; confirmar           ;
;  Disp1[3]        ; confirmar           ; 7.801  ; 7.381  ; Fall       ; confirmar           ;
;  Disp1[5]        ; confirmar           ; 8.299  ; 7.901  ; Fall       ; confirmar           ;
;  Disp1[6]        ; confirmar           ; 7.339  ; 7.761  ; Fall       ; confirmar           ;
; Disp2[*]         ; confirmar           ; 8.332  ; 8.382  ; Fall       ; confirmar           ;
;  Disp2[0]        ; confirmar           ; 7.538  ; 8.035  ; Fall       ; confirmar           ;
;  Disp2[1]        ; confirmar           ; 8.332  ; 7.907  ; Fall       ; confirmar           ;
;  Disp2[2]        ; confirmar           ; 8.028  ; 7.494  ; Fall       ; confirmar           ;
;  Disp2[3]        ; confirmar           ; 8.166  ; 7.715  ; Fall       ; confirmar           ;
;  Disp2[5]        ; confirmar           ; 7.882  ; 8.382  ; Fall       ; confirmar           ;
; Disp3[*]         ; confirmar           ; 8.542  ; 8.656  ; Fall       ; confirmar           ;
;  Disp3[0]        ; confirmar           ; 8.251  ; 8.656  ; Fall       ; confirmar           ;
;  Disp3[1]        ; confirmar           ; 8.542  ; 8.120  ; Fall       ; confirmar           ;
;  Disp3[2]        ; confirmar           ; 8.290  ; 7.897  ; Fall       ; confirmar           ;
;  Disp3[3]        ; confirmar           ; 8.229  ; 8.640  ; Fall       ; confirmar           ;
;  Disp3[4]        ; confirmar           ; 8.171  ; 8.583  ; Fall       ; confirmar           ;
;  Disp3[5]        ; confirmar           ; 8.171  ; 8.583  ; Fall       ; confirmar           ;
; LED_alarma       ; confirmar           ; 7.141  ; 7.264  ; Fall       ; confirmar           ;
; LED_intentos[*]  ; confirmar           ; 6.829  ; 6.878  ; Fall       ; confirmar           ;
;  LED_intentos[0] ; confirmar           ; 6.692  ; 6.753  ; Fall       ; confirmar           ;
;  LED_intentos[1] ; confirmar           ; 6.829  ; 6.878  ; Fall       ; confirmar           ;
; Disp0[*]         ; divisorfrec:U2|clk1 ; 9.781  ; 9.707  ; Rise       ; divisorfrec:U2|clk1 ;
;  Disp0[0]        ; divisorfrec:U2|clk1 ; 7.785  ; 7.797  ; Rise       ; divisorfrec:U2|clk1 ;
;  Disp0[2]        ; divisorfrec:U2|clk1 ; 9.781  ; 9.707  ; Rise       ; divisorfrec:U2|clk1 ;
;  Disp0[3]        ; divisorfrec:U2|clk1 ; 7.862  ; 7.899  ; Rise       ; divisorfrec:U2|clk1 ;
;  Disp0[5]        ; divisorfrec:U2|clk1 ; 7.852  ; 7.889  ; Rise       ; divisorfrec:U2|clk1 ;
; Disp1[*]         ; divisorfrec:U2|clk1 ; 10.050 ; 9.973  ; Rise       ; divisorfrec:U2|clk1 ;
;  Disp1[0]        ; divisorfrec:U2|clk1 ; 10.050 ; 9.973  ; Rise       ; divisorfrec:U2|clk1 ;
;  Disp1[3]        ; divisorfrec:U2|clk1 ; 9.371  ; 9.432  ; Rise       ; divisorfrec:U2|clk1 ;
;  Disp1[5]        ; divisorfrec:U2|clk1 ; 9.869  ; 9.952  ; Rise       ; divisorfrec:U2|clk1 ;
;  Disp1[6]        ; divisorfrec:U2|clk1 ; 7.741  ; 7.607  ; Rise       ; divisorfrec:U2|clk1 ;
; Disp2[*]         ; divisorfrec:U2|clk1 ; 9.902  ; 9.958  ; Rise       ; divisorfrec:U2|clk1 ;
;  Disp2[0]        ; divisorfrec:U2|clk1 ; 7.933  ; 7.871  ; Rise       ; divisorfrec:U2|clk1 ;
;  Disp2[1]        ; divisorfrec:U2|clk1 ; 9.902  ; 9.958  ; Rise       ; divisorfrec:U2|clk1 ;
;  Disp2[2]        ; divisorfrec:U2|clk1 ; 7.867  ; 7.902  ; Rise       ; divisorfrec:U2|clk1 ;
;  Disp2[3]        ; divisorfrec:U2|clk1 ; 9.669  ; 9.711  ; Rise       ; divisorfrec:U2|clk1 ;
;  Disp2[5]        ; divisorfrec:U2|clk1 ; 8.277  ; 8.218  ; Rise       ; divisorfrec:U2|clk1 ;
; Disp3[*]         ; divisorfrec:U2|clk1 ; 10.248 ; 10.168 ; Rise       ; divisorfrec:U2|clk1 ;
;  Disp3[0]        ; divisorfrec:U2|clk1 ; 10.248 ; 10.158 ; Rise       ; divisorfrec:U2|clk1 ;
;  Disp3[1]        ; divisorfrec:U2|clk1 ; 10.120 ; 10.168 ; Rise       ; divisorfrec:U2|clk1 ;
;  Disp3[2]        ; divisorfrec:U2|clk1 ; 9.868  ; 9.945  ; Rise       ; divisorfrec:U2|clk1 ;
;  Disp3[3]        ; divisorfrec:U2|clk1 ; 10.226 ; 10.142 ; Rise       ; divisorfrec:U2|clk1 ;
;  Disp3[4]        ; divisorfrec:U2|clk1 ; 10.168 ; 10.085 ; Rise       ; divisorfrec:U2|clk1 ;
;  Disp3[5]        ; divisorfrec:U2|clk1 ; 10.168 ; 10.085 ; Rise       ; divisorfrec:U2|clk1 ;
; LED_acceso       ; divisorfrec:U2|clk1 ; 9.658  ; 9.681  ; Rise       ; divisorfrec:U2|clk1 ;
; LED_clk_count    ; divisorfrec:U2|clk1 ; 3.327  ;        ; Rise       ; divisorfrec:U2|clk1 ;
; LED_horario      ; divisorfrec:U2|clk1 ; 10.070 ; 10.119 ; Rise       ; divisorfrec:U2|clk1 ;
; LED_clk_count    ; divisorfrec:U2|clk1 ;        ; 3.336  ; Fall       ; divisorfrec:U2|clk1 ;
+------------------+---------------------+--------+--------+------------+---------------------+


+-------------------------------------------------------------------------------------------+
; Minimum Clock to Output Times                                                             ;
+------------------+---------------------+-------+-------+------------+---------------------+
; Data Port        ; Clock Port          ; Rise  ; Fall  ; Clock Edge ; Clock Reference     ;
+------------------+---------------------+-------+-------+------------+---------------------+
; LED_load         ; Clock_reg           ; 3.977 ; 3.450 ; Rise       ; Clock_reg           ;
; Disp0[*]         ; Clock_reg           ; 5.117 ; 5.144 ; Fall       ; Clock_reg           ;
;  Disp0[2]        ; Clock_reg           ; 5.117 ; 5.144 ; Fall       ; Clock_reg           ;
; Disp1[*]         ; Clock_reg           ; 4.958 ; 4.914 ; Fall       ; Clock_reg           ;
;  Disp1[0]        ; Clock_reg           ; 5.269 ; 5.318 ; Fall       ; Clock_reg           ;
;  Disp1[3]        ; Clock_reg           ; 4.958 ; 4.914 ; Fall       ; Clock_reg           ;
;  Disp1[5]        ; Clock_reg           ; 5.242 ; 5.164 ; Fall       ; Clock_reg           ;
; Disp2[*]         ; Clock_reg           ; 5.111 ; 5.088 ; Fall       ; Clock_reg           ;
;  Disp2[1]        ; Clock_reg           ; 5.267 ; 5.197 ; Fall       ; Clock_reg           ;
;  Disp2[3]        ; Clock_reg           ; 5.111 ; 5.088 ; Fall       ; Clock_reg           ;
; Disp3[*]         ; Clock_reg           ; 5.257 ; 5.194 ; Fall       ; Clock_reg           ;
;  Disp3[0]        ; Clock_reg           ; 5.371 ; 5.422 ; Fall       ; Clock_reg           ;
;  Disp3[1]        ; Clock_reg           ; 5.391 ; 5.306 ; Fall       ; Clock_reg           ;
;  Disp3[2]        ; Clock_reg           ; 5.257 ; 5.194 ; Fall       ; Clock_reg           ;
;  Disp3[3]        ; Clock_reg           ; 5.363 ; 5.413 ; Fall       ; Clock_reg           ;
;  Disp3[4]        ; Clock_reg           ; 5.313 ; 5.362 ; Fall       ; Clock_reg           ;
;  Disp3[5]        ; Clock_reg           ; 5.313 ; 5.362 ; Fall       ; Clock_reg           ;
; LED_acceso       ; Clock_reg           ; 5.177 ; 5.157 ; Fall       ; Clock_reg           ;
; LED_clave        ; Clock_reg           ; 5.636 ; 5.912 ; Fall       ; Clock_reg           ;
; LED_horario      ; Clock_reg           ; 5.428 ; 5.388 ; Fall       ; Clock_reg           ;
; LED_load         ; Clock_reg           ; 3.977 ; 3.450 ; Fall       ; Clock_reg           ;
; Disp0[*]         ; confirmar           ; 4.421 ; 4.284 ; Rise       ; confirmar           ;
;  Disp0[0]        ; confirmar           ; 4.873 ; 4.284 ; Rise       ; confirmar           ;
;  Disp0[2]        ; confirmar           ; 4.421 ; 5.119 ; Rise       ; confirmar           ;
;  Disp0[3]        ; confirmar           ; 4.929 ; 4.343 ; Rise       ; confirmar           ;
;  Disp0[5]        ; confirmar           ; 4.919 ; 4.333 ; Rise       ; confirmar           ;
; Disp1[*]         ; confirmar           ; 4.178 ; 4.207 ; Rise       ; confirmar           ;
;  Disp1[0]        ; confirmar           ; 4.573 ; 5.293 ; Rise       ; confirmar           ;
;  Disp1[3]        ; confirmar           ; 4.873 ; 4.207 ; Rise       ; confirmar           ;
;  Disp1[5]        ; confirmar           ; 5.157 ; 4.457 ; Rise       ; confirmar           ;
;  Disp1[6]        ; confirmar           ; 4.178 ; 4.855 ; Rise       ; confirmar           ;
; Disp2[*]         ; confirmar           ; 4.346 ; 4.330 ; Rise       ; confirmar           ;
;  Disp2[0]        ; confirmar           ; 4.346 ; 4.928 ; Rise       ; confirmar           ;
;  Disp2[1]        ; confirmar           ; 5.182 ; 4.490 ; Rise       ; confirmar           ;
;  Disp2[2]        ; confirmar           ; 4.924 ; 4.330 ; Rise       ; confirmar           ;
;  Disp2[3]        ; confirmar           ; 5.085 ; 4.393 ; Rise       ; confirmar           ;
;  Disp2[5]        ; confirmar           ; 4.578 ; 5.131 ; Rise       ; confirmar           ;
; Disp3[*]         ; confirmar           ; 4.617 ; 4.487 ; Rise       ; confirmar           ;
;  Disp3[0]        ; confirmar           ; 4.675 ; 5.397 ; Rise       ; confirmar           ;
;  Disp3[1]        ; confirmar           ; 5.305 ; 4.599 ; Rise       ; confirmar           ;
;  Disp3[2]        ; confirmar           ; 5.171 ; 4.487 ; Rise       ; confirmar           ;
;  Disp3[3]        ; confirmar           ; 4.667 ; 5.388 ; Rise       ; confirmar           ;
;  Disp3[4]        ; confirmar           ; 4.617 ; 5.337 ; Rise       ; confirmar           ;
;  Disp3[5]        ; confirmar           ; 4.617 ; 5.337 ; Rise       ; confirmar           ;
; Disp0[*]         ; confirmar           ; 4.002 ; 4.095 ; Fall       ; confirmar           ;
;  Disp0[0]        ; confirmar           ; 4.002 ; 4.095 ; Fall       ; confirmar           ;
;  Disp0[2]        ; confirmar           ; 4.421 ; 4.595 ; Fall       ; confirmar           ;
;  Disp0[3]        ; confirmar           ; 4.058 ; 4.154 ; Fall       ; confirmar           ;
;  Disp0[5]        ; confirmar           ; 4.048 ; 4.144 ; Fall       ; confirmar           ;
; Disp1[*]         ; confirmar           ; 3.938 ; 4.014 ; Fall       ; confirmar           ;
;  Disp1[0]        ; confirmar           ; 4.573 ; 4.769 ; Fall       ; confirmar           ;
;  Disp1[3]        ; confirmar           ; 4.395 ; 4.207 ; Fall       ; confirmar           ;
;  Disp1[5]        ; confirmar           ; 4.679 ; 4.457 ; Fall       ; confirmar           ;
;  Disp1[6]        ; confirmar           ; 3.938 ; 4.014 ; Fall       ; confirmar           ;
; Disp2[*]         ; confirmar           ; 4.112 ; 4.057 ; Fall       ; confirmar           ;
;  Disp2[0]        ; confirmar           ; 4.157 ; 4.057 ; Fall       ; confirmar           ;
;  Disp2[1]        ; confirmar           ; 4.704 ; 4.490 ; Fall       ; confirmar           ;
;  Disp2[2]        ; confirmar           ; 4.112 ; 4.098 ; Fall       ; confirmar           ;
;  Disp2[3]        ; confirmar           ; 4.492 ; 4.393 ; Fall       ; confirmar           ;
;  Disp2[5]        ; confirmar           ; 4.389 ; 4.260 ; Fall       ; confirmar           ;
; Disp3[*]         ; confirmar           ; 4.604 ; 4.487 ; Fall       ; confirmar           ;
;  Disp3[0]        ; confirmar           ; 4.675 ; 4.873 ; Fall       ; confirmar           ;
;  Disp3[1]        ; confirmar           ; 4.738 ; 4.599 ; Fall       ; confirmar           ;
;  Disp3[2]        ; confirmar           ; 4.604 ; 4.487 ; Fall       ; confirmar           ;
;  Disp3[3]        ; confirmar           ; 4.667 ; 4.864 ; Fall       ; confirmar           ;
;  Disp3[4]        ; confirmar           ; 4.617 ; 4.813 ; Fall       ; confirmar           ;
;  Disp3[5]        ; confirmar           ; 4.617 ; 4.813 ; Fall       ; confirmar           ;
; LED_alarma       ; confirmar           ; 4.450 ; 4.596 ; Fall       ; confirmar           ;
; LED_intentos[*]  ; confirmar           ; 4.236 ; 4.338 ; Fall       ; confirmar           ;
;  LED_intentos[0] ; confirmar           ; 4.236 ; 4.338 ; Fall       ; confirmar           ;
;  LED_intentos[1] ; confirmar           ; 4.296 ; 4.413 ; Fall       ; confirmar           ;
; Disp0[*]         ; divisorfrec:U2|clk1 ; 4.385 ; 4.471 ; Rise       ; divisorfrec:U2|clk1 ;
;  Disp0[0]        ; divisorfrec:U2|clk1 ; 4.385 ; 4.527 ; Rise       ; divisorfrec:U2|clk1 ;
;  Disp0[2]        ; divisorfrec:U2|clk1 ; 4.467 ; 4.471 ; Rise       ; divisorfrec:U2|clk1 ;
;  Disp0[3]        ; divisorfrec:U2|clk1 ; 4.441 ; 4.586 ; Rise       ; divisorfrec:U2|clk1 ;
;  Disp0[5]        ; divisorfrec:U2|clk1 ; 4.431 ; 4.576 ; Rise       ; divisorfrec:U2|clk1 ;
; Disp1[*]         ; divisorfrec:U2|clk1 ; 4.308 ; 4.253 ; Rise       ; divisorfrec:U2|clk1 ;
;  Disp1[0]        ; divisorfrec:U2|clk1 ; 4.619 ; 4.645 ; Rise       ; divisorfrec:U2|clk1 ;
;  Disp1[3]        ; divisorfrec:U2|clk1 ; 4.308 ; 4.253 ; Rise       ; divisorfrec:U2|clk1 ;
;  Disp1[5]        ; divisorfrec:U2|clk1 ; 4.592 ; 4.503 ; Rise       ; divisorfrec:U2|clk1 ;
;  Disp1[6]        ; divisorfrec:U2|clk1 ; 4.435 ; 4.353 ; Rise       ; divisorfrec:U2|clk1 ;
; Disp2[*]         ; divisorfrec:U2|clk1 ; 4.442 ; 4.438 ; Rise       ; divisorfrec:U2|clk1 ;
;  Disp2[0]        ; divisorfrec:U2|clk1 ; 4.589 ; 4.440 ; Rise       ; divisorfrec:U2|clk1 ;
;  Disp2[1]        ; divisorfrec:U2|clk1 ; 4.617 ; 4.536 ; Rise       ; divisorfrec:U2|clk1 ;
;  Disp2[2]        ; divisorfrec:U2|clk1 ; 4.442 ; 4.581 ; Rise       ; divisorfrec:U2|clk1 ;
;  Disp2[3]        ; divisorfrec:U2|clk1 ; 4.455 ; 4.438 ; Rise       ; divisorfrec:U2|clk1 ;
;  Disp2[5]        ; divisorfrec:U2|clk1 ; 4.821 ; 4.643 ; Rise       ; divisorfrec:U2|clk1 ;
; Disp3[*]         ; divisorfrec:U2|clk1 ; 4.607 ; 4.527 ; Rise       ; divisorfrec:U2|clk1 ;
;  Disp3[0]        ; divisorfrec:U2|clk1 ; 4.721 ; 4.749 ; Rise       ; divisorfrec:U2|clk1 ;
;  Disp3[1]        ; divisorfrec:U2|clk1 ; 4.741 ; 4.639 ; Rise       ; divisorfrec:U2|clk1 ;
;  Disp3[2]        ; divisorfrec:U2|clk1 ; 4.607 ; 4.527 ; Rise       ; divisorfrec:U2|clk1 ;
;  Disp3[3]        ; divisorfrec:U2|clk1 ; 4.713 ; 4.740 ; Rise       ; divisorfrec:U2|clk1 ;
;  Disp3[4]        ; divisorfrec:U2|clk1 ; 4.663 ; 4.689 ; Rise       ; divisorfrec:U2|clk1 ;
;  Disp3[5]        ; divisorfrec:U2|clk1 ; 4.663 ; 4.689 ; Rise       ; divisorfrec:U2|clk1 ;
; LED_acceso       ; divisorfrec:U2|clk1 ; 4.654 ; 4.507 ; Rise       ; divisorfrec:U2|clk1 ;
; LED_clk_count    ; divisorfrec:U2|clk1 ; 2.048 ;       ; Rise       ; divisorfrec:U2|clk1 ;
; LED_horario      ; divisorfrec:U2|clk1 ; 4.905 ; 4.738 ; Rise       ; divisorfrec:U2|clk1 ;
; LED_clk_count    ; divisorfrec:U2|clk1 ;       ; 2.113 ; Fall       ; divisorfrec:U2|clk1 ;
+------------------+---------------------+-------+-------+------------+---------------------+


+--------------------------------------------------------------------------------------------------------------------------------------------------------------------------------------------------------------------------------------------------------------------------------------------------------------------------------------------------------------------------------------------------------------------+
; Board Trace Model Assignments                                                                                                                                                                                                                                                                                                                                                                                      ;
+-----------------+--------------+-------------------+-------------------------+-------------------------+---------------+---------------------+----------------+------------------+--------+------------------+------------------------+------------------------+--------------+---------------+-----------------+-------+---------------------+--------------------+---------------+-----------------+-------------+
; Pin             ; I/O Standard ; Near Tline Length ; Near Tline L per Length ; Near Tline C per Length ; Near Series R ; Near Differential R ; Near Pull-up R ; Near Pull-down R ; Near C ; Far Tline Length ; Far Tline L per Length ; Far Tline C per Length ; Far Series R ; Far Pull-up R ; Far Pull-down R ; Far C ; Termination Voltage ; Far Differential R ; EBD File Name ; EBD Signal Name ; EBD Far-end ;
+-----------------+--------------+-------------------+-------------------------+-------------------------+---------------+---------------------+----------------+------------------+--------+------------------+------------------------+------------------------+--------------+---------------+-----------------+-------+---------------------+--------------------+---------------+-----------------+-------------+
; Disp0[6]        ; 2.5 V        ; 0 in              ; 0 H/in                  ; 0 F/in                  ; short         ; -                   ; open           ; open             ; open   ; 0 in             ; 0 H/in                 ; 0 F/in                 ; short        ; open          ; open            ; open  ; 0 V                 ; -                  ; n/a           ; n/a             ; n/a         ;
; Disp0[5]        ; 2.5 V        ; 0 in              ; 0 H/in                  ; 0 F/in                  ; short         ; -                   ; open           ; open             ; open   ; 0 in             ; 0 H/in                 ; 0 F/in                 ; short        ; open          ; open            ; open  ; 0 V                 ; -                  ; n/a           ; n/a             ; n/a         ;
; Disp0[4]        ; 2.5 V        ; 0 in              ; 0 H/in                  ; 0 F/in                  ; short         ; -                   ; open           ; open             ; open   ; 0 in             ; 0 H/in                 ; 0 F/in                 ; short        ; open          ; open            ; open  ; 0 V                 ; -                  ; n/a           ; n/a             ; n/a         ;
; Disp0[3]        ; 2.5 V        ; 0 in              ; 0 H/in                  ; 0 F/in                  ; short         ; -                   ; open           ; open             ; open   ; 0 in             ; 0 H/in                 ; 0 F/in                 ; short        ; open          ; open            ; open  ; 0 V                 ; -                  ; n/a           ; n/a             ; n/a         ;
; Disp0[2]        ; 2.5 V        ; 0 in              ; 0 H/in                  ; 0 F/in                  ; short         ; -                   ; open           ; open             ; open   ; 0 in             ; 0 H/in                 ; 0 F/in                 ; short        ; open          ; open            ; open  ; 0 V                 ; -                  ; n/a           ; n/a             ; n/a         ;
; Disp0[1]        ; 2.5 V        ; 0 in              ; 0 H/in                  ; 0 F/in                  ; short         ; -                   ; open           ; open             ; open   ; 0 in             ; 0 H/in                 ; 0 F/in                 ; short        ; open          ; open            ; open  ; 0 V                 ; -                  ; n/a           ; n/a             ; n/a         ;
; Disp0[0]        ; 2.5 V        ; 0 in              ; 0 H/in                  ; 0 F/in                  ; short         ; -                   ; open           ; open             ; open   ; 0 in             ; 0 H/in                 ; 0 F/in                 ; short        ; open          ; open            ; open  ; 0 V                 ; -                  ; n/a           ; n/a             ; n/a         ;
; Disp1[6]        ; 2.5 V        ; 0 in              ; 0 H/in                  ; 0 F/in                  ; short         ; -                   ; open           ; open             ; open   ; 0 in             ; 0 H/in                 ; 0 F/in                 ; short        ; open          ; open            ; open  ; 0 V                 ; -                  ; n/a           ; n/a             ; n/a         ;
; Disp1[5]        ; 2.5 V        ; 0 in              ; 0 H/in                  ; 0 F/in                  ; short         ; -                   ; open           ; open             ; open   ; 0 in             ; 0 H/in                 ; 0 F/in                 ; short        ; open          ; open            ; open  ; 0 V                 ; -                  ; n/a           ; n/a             ; n/a         ;
; Disp1[4]        ; 2.5 V        ; 0 in              ; 0 H/in                  ; 0 F/in                  ; short         ; -                   ; open           ; open             ; open   ; 0 in             ; 0 H/in                 ; 0 F/in                 ; short        ; open          ; open            ; open  ; 0 V                 ; -                  ; n/a           ; n/a             ; n/a         ;
; Disp1[3]        ; 2.5 V        ; 0 in              ; 0 H/in                  ; 0 F/in                  ; short         ; -                   ; open           ; open             ; open   ; 0 in             ; 0 H/in                 ; 0 F/in                 ; short        ; open          ; open            ; open  ; 0 V                 ; -                  ; n/a           ; n/a             ; n/a         ;
; Disp1[2]        ; 2.5 V        ; 0 in              ; 0 H/in                  ; 0 F/in                  ; short         ; -                   ; open           ; open             ; open   ; 0 in             ; 0 H/in                 ; 0 F/in                 ; short        ; open          ; open            ; open  ; 0 V                 ; -                  ; n/a           ; n/a             ; n/a         ;
; Disp1[1]        ; 2.5 V        ; 0 in              ; 0 H/in                  ; 0 F/in                  ; short         ; -                   ; open           ; open             ; open   ; 0 in             ; 0 H/in                 ; 0 F/in                 ; short        ; open          ; open            ; open  ; 0 V                 ; -                  ; n/a           ; n/a             ; n/a         ;
; Disp1[0]        ; 2.5 V        ; 0 in              ; 0 H/in                  ; 0 F/in                  ; short         ; -                   ; open           ; open             ; open   ; 0 in             ; 0 H/in                 ; 0 F/in                 ; short        ; open          ; open            ; open  ; 0 V                 ; -                  ; n/a           ; n/a             ; n/a         ;
; Disp2[6]        ; 2.5 V        ; 0 in              ; 0 H/in                  ; 0 F/in                  ; short         ; -                   ; open           ; open             ; open   ; 0 in             ; 0 H/in                 ; 0 F/in                 ; short        ; open          ; open            ; open  ; 0 V                 ; -                  ; n/a           ; n/a             ; n/a         ;
; Disp2[5]        ; 2.5 V        ; 0 in              ; 0 H/in                  ; 0 F/in                  ; short         ; -                   ; open           ; open             ; open   ; 0 in             ; 0 H/in                 ; 0 F/in                 ; short        ; open          ; open            ; open  ; 0 V                 ; -                  ; n/a           ; n/a             ; n/a         ;
; Disp2[4]        ; 2.5 V        ; 0 in              ; 0 H/in                  ; 0 F/in                  ; short         ; -                   ; open           ; open             ; open   ; 0 in             ; 0 H/in                 ; 0 F/in                 ; short        ; open          ; open            ; open  ; 0 V                 ; -                  ; n/a           ; n/a             ; n/a         ;
; Disp2[3]        ; 2.5 V        ; 0 in              ; 0 H/in                  ; 0 F/in                  ; short         ; -                   ; open           ; open             ; open   ; 0 in             ; 0 H/in                 ; 0 F/in                 ; short        ; open          ; open            ; open  ; 0 V                 ; -                  ; n/a           ; n/a             ; n/a         ;
; Disp2[2]        ; 2.5 V        ; 0 in              ; 0 H/in                  ; 0 F/in                  ; short         ; -                   ; open           ; open             ; open   ; 0 in             ; 0 H/in                 ; 0 F/in                 ; short        ; open          ; open            ; open  ; 0 V                 ; -                  ; n/a           ; n/a             ; n/a         ;
; Disp2[1]        ; 2.5 V        ; 0 in              ; 0 H/in                  ; 0 F/in                  ; short         ; -                   ; open           ; open             ; open   ; 0 in             ; 0 H/in                 ; 0 F/in                 ; short        ; open          ; open            ; open  ; 0 V                 ; -                  ; n/a           ; n/a             ; n/a         ;
; Disp2[0]        ; 2.5 V        ; 0 in              ; 0 H/in                  ; 0 F/in                  ; short         ; -                   ; open           ; open             ; open   ; 0 in             ; 0 H/in                 ; 0 F/in                 ; short        ; open          ; open            ; open  ; 0 V                 ; -                  ; n/a           ; n/a             ; n/a         ;
; Disp3[6]        ; 2.5 V        ; 0 in              ; 0 H/in                  ; 0 F/in                  ; short         ; -                   ; open           ; open             ; open   ; 0 in             ; 0 H/in                 ; 0 F/in                 ; short        ; open          ; open            ; open  ; 0 V                 ; -                  ; n/a           ; n/a             ; n/a         ;
; Disp3[5]        ; 2.5 V        ; 0 in              ; 0 H/in                  ; 0 F/in                  ; short         ; -                   ; open           ; open             ; open   ; 0 in             ; 0 H/in                 ; 0 F/in                 ; short        ; open          ; open            ; open  ; 0 V                 ; -                  ; n/a           ; n/a             ; n/a         ;
; Disp3[4]        ; 2.5 V        ; 0 in              ; 0 H/in                  ; 0 F/in                  ; short         ; -                   ; open           ; open             ; open   ; 0 in             ; 0 H/in                 ; 0 F/in                 ; short        ; open          ; open            ; open  ; 0 V                 ; -                  ; n/a           ; n/a             ; n/a         ;
; Disp3[3]        ; 2.5 V        ; 0 in              ; 0 H/in                  ; 0 F/in                  ; short         ; -                   ; open           ; open             ; open   ; 0 in             ; 0 H/in                 ; 0 F/in                 ; short        ; open          ; open            ; open  ; 0 V                 ; -                  ; n/a           ; n/a             ; n/a         ;
; Disp3[2]        ; 2.5 V        ; 0 in              ; 0 H/in                  ; 0 F/in                  ; short         ; -                   ; open           ; open             ; open   ; 0 in             ; 0 H/in                 ; 0 F/in                 ; short        ; open          ; open            ; open  ; 0 V                 ; -                  ; n/a           ; n/a             ; n/a         ;
; Disp3[1]        ; 2.5 V        ; 0 in              ; 0 H/in                  ; 0 F/in                  ; short         ; -                   ; open           ; open             ; open   ; 0 in             ; 0 H/in                 ; 0 F/in                 ; short        ; open          ; open            ; open  ; 0 V                 ; -                  ; n/a           ; n/a             ; n/a         ;
; Disp3[0]        ; 2.5 V        ; 0 in              ; 0 H/in                  ; 0 F/in                  ; short         ; -                   ; open           ; open             ; open   ; 0 in             ; 0 H/in                 ; 0 F/in                 ; short        ; open          ; open            ; open  ; 0 V                 ; -                  ; n/a           ; n/a             ; n/a         ;
; LED_acceso      ; 2.5 V        ; 0 in              ; 0 H/in                  ; 0 F/in                  ; short         ; -                   ; open           ; open             ; open   ; 0 in             ; 0 H/in                 ; 0 F/in                 ; short        ; open          ; open            ; open  ; 0 V                 ; -                  ; n/a           ; n/a             ; n/a         ;
; LED_clave       ; 2.5 V        ; 0 in              ; 0 H/in                  ; 0 F/in                  ; short         ; -                   ; open           ; open             ; open   ; 0 in             ; 0 H/in                 ; 0 F/in                 ; short        ; open          ; open            ; open  ; 0 V                 ; -                  ; n/a           ; n/a             ; n/a         ;
; LED_horario     ; 2.5 V        ; 0 in              ; 0 H/in                  ; 0 F/in                  ; short         ; -                   ; open           ; open             ; open   ; 0 in             ; 0 H/in                 ; 0 F/in                 ; short        ; open          ; open            ; open  ; 0 V                 ; -                  ; n/a           ; n/a             ; n/a         ;
; LED_intentos[0] ; 2.5 V        ; 0 in              ; 0 H/in                  ; 0 F/in                  ; short         ; -                   ; open           ; open             ; open   ; 0 in             ; 0 H/in                 ; 0 F/in                 ; short        ; open          ; open            ; open  ; 0 V                 ; -                  ; n/a           ; n/a             ; n/a         ;
; LED_intentos[1] ; 2.5 V        ; 0 in              ; 0 H/in                  ; 0 F/in                  ; short         ; -                   ; open           ; open             ; open   ; 0 in             ; 0 H/in                 ; 0 F/in                 ; short        ; open          ; open            ; open  ; 0 V                 ; -                  ; n/a           ; n/a             ; n/a         ;
; LED_alarma      ; 2.5 V        ; 0 in              ; 0 H/in                  ; 0 F/in                  ; short         ; -                   ; open           ; open             ; open   ; 0 in             ; 0 H/in                 ; 0 F/in                 ; short        ; open          ; open            ; open  ; 0 V                 ; -                  ; n/a           ; n/a             ; n/a         ;
; LED_load        ; 2.5 V        ; 0 in              ; 0 H/in                  ; 0 F/in                  ; short         ; -                   ; open           ; open             ; open   ; 0 in             ; 0 H/in                 ; 0 F/in                 ; short        ; open          ; open            ; open  ; 0 V                 ; -                  ; n/a           ; n/a             ; n/a         ;
; LED_clk_count   ; 2.5 V        ; 0 in              ; 0 H/in                  ; 0 F/in                  ; short         ; -                   ; open           ; open             ; open   ; 0 in             ; 0 H/in                 ; 0 F/in                 ; short        ; open          ; open            ; open  ; 0 V                 ; -                  ; n/a           ; n/a             ; n/a         ;
; ~ALTERA_DCLK~   ; 2.5 V        ; 0 in              ; 0 H/in                  ; 0 F/in                  ; short         ; -                   ; open           ; open             ; open   ; 0 in             ; 0 H/in                 ; 0 F/in                 ; short        ; open          ; open            ; open  ; 0 V                 ; -                  ; n/a           ; n/a             ; n/a         ;
; ~ALTERA_nCEO~   ; 2.5 V        ; 0 in              ; 0 H/in                  ; 0 F/in                  ; short         ; -                   ; open           ; open             ; open   ; 0 in             ; 0 H/in                 ; 0 F/in                 ; short        ; open          ; open            ; open  ; 0 V                 ; -                  ; n/a           ; n/a             ; n/a         ;
+-----------------+--------------+-------------------+-------------------------+-------------------------+---------------+---------------------+----------------+------------------+--------+------------------+------------------------+------------------------+--------------+---------------+-----------------+-------+---------------------+--------------------+---------------+-----------------+-------------+


+----------------------------------------------------------------------------+
; Input Transition Times                                                     ;
+-------------------------+--------------+-----------------+-----------------+
; Pin                     ; I/O Standard ; 10-90 Rise Time ; 90-10 Fall Time ;
+-------------------------+--------------+-----------------+-----------------+
; confirmar               ; 2.5 V        ; 2000 ps         ; 2000 ps         ;
; Clock_reg               ; 2.5 V        ; 2000 ps         ; 2000 ps         ;
; Reset                   ; 2.5 V        ; 2000 ps         ; 2000 ps         ;
; UP_DOWN                 ; 2.5 V        ; 2000 ps         ; 2000 ps         ;
; Din[3]                  ; 2.5 V        ; 2000 ps         ; 2000 ps         ;
; Din[1]                  ; 2.5 V        ; 2000 ps         ; 2000 ps         ;
; Din[0]                  ; 2.5 V        ; 2000 ps         ; 2000 ps         ;
; Din[2]                  ; 2.5 V        ; 2000 ps         ; 2000 ps         ;
; CLOCK_50                ; 2.5 V        ; 2000 ps         ; 2000 ps         ;
; ~ALTERA_ASDO_DATA1~     ; 2.5 V        ; 2000 ps         ; 2000 ps         ;
; ~ALTERA_FLASH_nCE_nCSO~ ; 2.5 V        ; 2000 ps         ; 2000 ps         ;
; ~ALTERA_DATA0~          ; 2.5 V        ; 2000 ps         ; 2000 ps         ;
+-------------------------+--------------+-----------------+-----------------+


+----------------------------------------------------------------------------------------------------------------------------------------------------------------------------------------------------------------------------------------------------------------------------------------------------------------------------------------------------------------------------------------------------------------------------------------------------------------------------------------------------------------------------------------------------------------------------------------------------------------------------------------------------------------------------------------------+
; Slow Corner Signal Integrity Metrics                                                                                                                                                                                                                                                                                                                                                                                                                                                                                                                                                                                                                                                         ;
+-----------------+--------------+---------------------+---------------------+------------------------------+------------------------------+---------------------+---------------------+--------------------------------------+--------------------------------------+-----------------------------+-----------------------------+----------------------------+----------------------------+-----------------------------+-----------------------------+--------------------+--------------------+-------------------------------------+-------------------------------------+----------------------------+----------------------------+---------------------------+---------------------------+
; Pin             ; I/O Standard ; Board Delay on Rise ; Board Delay on Fall ; Steady State Voh at FPGA Pin ; Steady State Vol at FPGA Pin ; Voh Max at FPGA Pin ; Vol Min at FPGA Pin ; Ringback Voltage on Rise at FPGA Pin ; Ringback Voltage on Fall at FPGA Pin ; 10-90 Rise Time at FPGA Pin ; 90-10 Fall Time at FPGA Pin ; Monotonic Rise at FPGA Pin ; Monotonic Fall at FPGA Pin ; Steady State Voh at Far-end ; Steady State Vol at Far-end ; Voh Max at Far-end ; Vol Min at Far-end ; Ringback Voltage on Rise at Far-end ; Ringback Voltage on Fall at Far-end ; 10-90 Rise Time at Far-end ; 90-10 Fall Time at Far-end ; Monotonic Rise at Far-end ; Monotonic Fall at Far-end ;
+-----------------+--------------+---------------------+---------------------+------------------------------+------------------------------+---------------------+---------------------+--------------------------------------+--------------------------------------+-----------------------------+-----------------------------+----------------------------+----------------------------+-----------------------------+-----------------------------+--------------------+--------------------+-------------------------------------+-------------------------------------+----------------------------+----------------------------+---------------------------+---------------------------+
; Disp0[6]        ; 2.5 V        ; 0 s                 ; 0 s                 ; 2.32 V                       ; 1.08e-06 V                   ; 2.36 V              ; -0.0113 V           ; 0.122 V                              ; 0.022 V                              ; 4.5e-10 s                   ; 4.45e-10 s                  ; Yes                        ; Yes                        ; 2.32 V                      ; 1.08e-06 V                  ; 2.36 V             ; -0.0113 V          ; 0.122 V                             ; 0.022 V                             ; 4.5e-10 s                  ; 4.45e-10 s                 ; Yes                       ; Yes                       ;
; Disp0[5]        ; 2.5 V        ; 0 s                 ; 0 s                 ; 2.32 V                       ; 1.08e-06 V                   ; 2.36 V              ; -0.0113 V           ; 0.122 V                              ; 0.022 V                              ; 4.5e-10 s                   ; 4.45e-10 s                  ; Yes                        ; Yes                        ; 2.32 V                      ; 1.08e-06 V                  ; 2.36 V             ; -0.0113 V          ; 0.122 V                             ; 0.022 V                             ; 4.5e-10 s                  ; 4.45e-10 s                 ; Yes                       ; Yes                       ;
; Disp0[4]        ; 2.5 V        ; 0 s                 ; 0 s                 ; 2.32 V                       ; 1.08e-06 V                   ; 2.36 V              ; -0.0113 V           ; 0.122 V                              ; 0.022 V                              ; 4.5e-10 s                   ; 4.45e-10 s                  ; Yes                        ; Yes                        ; 2.32 V                      ; 1.08e-06 V                  ; 2.36 V             ; -0.0113 V          ; 0.122 V                             ; 0.022 V                             ; 4.5e-10 s                  ; 4.45e-10 s                 ; Yes                       ; Yes                       ;
; Disp0[3]        ; 2.5 V        ; 0 s                 ; 0 s                 ; 2.32 V                       ; 1.08e-06 V                   ; 2.36 V              ; -0.0113 V           ; 0.122 V                              ; 0.022 V                              ; 4.5e-10 s                   ; 4.45e-10 s                  ; Yes                        ; Yes                        ; 2.32 V                      ; 1.08e-06 V                  ; 2.36 V             ; -0.0113 V          ; 0.122 V                             ; 0.022 V                             ; 4.5e-10 s                  ; 4.45e-10 s                 ; Yes                       ; Yes                       ;
; Disp0[2]        ; 2.5 V        ; 0 s                 ; 0 s                 ; 2.32 V                       ; 1.08e-06 V                   ; 2.36 V              ; -0.0113 V           ; 0.122 V                              ; 0.022 V                              ; 4.5e-10 s                   ; 4.45e-10 s                  ; Yes                        ; Yes                        ; 2.32 V                      ; 1.08e-06 V                  ; 2.36 V             ; -0.0113 V          ; 0.122 V                             ; 0.022 V                             ; 4.5e-10 s                  ; 4.45e-10 s                 ; Yes                       ; Yes                       ;
; Disp0[1]        ; 2.5 V        ; 0 s                 ; 0 s                 ; 2.32 V                       ; 1.08e-06 V                   ; 2.36 V              ; -0.0113 V           ; 0.122 V                              ; 0.022 V                              ; 4.5e-10 s                   ; 4.45e-10 s                  ; Yes                        ; Yes                        ; 2.32 V                      ; 1.08e-06 V                  ; 2.36 V             ; -0.0113 V          ; 0.122 V                             ; 0.022 V                             ; 4.5e-10 s                  ; 4.45e-10 s                 ; Yes                       ; Yes                       ;
; Disp0[0]        ; 2.5 V        ; 0 s                 ; 0 s                 ; 2.32 V                       ; 1.08e-06 V                   ; 2.36 V              ; -0.0113 V           ; 0.122 V                              ; 0.022 V                              ; 4.5e-10 s                   ; 4.45e-10 s                  ; Yes                        ; Yes                        ; 2.32 V                      ; 1.08e-06 V                  ; 2.36 V             ; -0.0113 V          ; 0.122 V                             ; 0.022 V                             ; 4.5e-10 s                  ; 4.45e-10 s                 ; Yes                       ; Yes                       ;
; Disp1[6]        ; 2.5 V        ; 0 s                 ; 0 s                 ; 2.32 V                       ; 1.08e-06 V                   ; 2.36 V              ; -0.0113 V           ; 0.122 V                              ; 0.022 V                              ; 4.5e-10 s                   ; 4.45e-10 s                  ; Yes                        ; Yes                        ; 2.32 V                      ; 1.08e-06 V                  ; 2.36 V             ; -0.0113 V          ; 0.122 V                             ; 0.022 V                             ; 4.5e-10 s                  ; 4.45e-10 s                 ; Yes                       ; Yes                       ;
; Disp1[5]        ; 2.5 V        ; 0 s                 ; 0 s                 ; 2.32 V                       ; 1.08e-06 V                   ; 2.36 V              ; -0.0113 V           ; 0.122 V                              ; 0.022 V                              ; 4.5e-10 s                   ; 4.45e-10 s                  ; Yes                        ; Yes                        ; 2.32 V                      ; 1.08e-06 V                  ; 2.36 V             ; -0.0113 V          ; 0.122 V                             ; 0.022 V                             ; 4.5e-10 s                  ; 4.45e-10 s                 ; Yes                       ; Yes                       ;
; Disp1[4]        ; 2.5 V        ; 0 s                 ; 0 s                 ; 2.32 V                       ; 1.08e-06 V                   ; 2.36 V              ; -0.0113 V           ; 0.122 V                              ; 0.022 V                              ; 4.5e-10 s                   ; 4.45e-10 s                  ; Yes                        ; Yes                        ; 2.32 V                      ; 1.08e-06 V                  ; 2.36 V             ; -0.0113 V          ; 0.122 V                             ; 0.022 V                             ; 4.5e-10 s                  ; 4.45e-10 s                 ; Yes                       ; Yes                       ;
; Disp1[3]        ; 2.5 V        ; 0 s                 ; 0 s                 ; 2.32 V                       ; 1.08e-06 V                   ; 2.36 V              ; -0.0113 V           ; 0.122 V                              ; 0.022 V                              ; 4.5e-10 s                   ; 4.45e-10 s                  ; Yes                        ; Yes                        ; 2.32 V                      ; 1.08e-06 V                  ; 2.36 V             ; -0.0113 V          ; 0.122 V                             ; 0.022 V                             ; 4.5e-10 s                  ; 4.45e-10 s                 ; Yes                       ; Yes                       ;
; Disp1[2]        ; 2.5 V        ; 0 s                 ; 0 s                 ; 2.32 V                       ; 1.08e-06 V                   ; 2.36 V              ; -0.0113 V           ; 0.122 V                              ; 0.022 V                              ; 4.5e-10 s                   ; 4.45e-10 s                  ; Yes                        ; Yes                        ; 2.32 V                      ; 1.08e-06 V                  ; 2.36 V             ; -0.0113 V          ; 0.122 V                             ; 0.022 V                             ; 4.5e-10 s                  ; 4.45e-10 s                 ; Yes                       ; Yes                       ;
; Disp1[1]        ; 2.5 V        ; 0 s                 ; 0 s                 ; 2.32 V                       ; 1.08e-06 V                   ; 2.36 V              ; -0.0113 V           ; 0.122 V                              ; 0.022 V                              ; 4.5e-10 s                   ; 4.45e-10 s                  ; Yes                        ; Yes                        ; 2.32 V                      ; 1.08e-06 V                  ; 2.36 V             ; -0.0113 V          ; 0.122 V                             ; 0.022 V                             ; 4.5e-10 s                  ; 4.45e-10 s                 ; Yes                       ; Yes                       ;
; Disp1[0]        ; 2.5 V        ; 0 s                 ; 0 s                 ; 2.32 V                       ; 1.08e-06 V                   ; 2.36 V              ; -0.0113 V           ; 0.122 V                              ; 0.022 V                              ; 4.5e-10 s                   ; 4.45e-10 s                  ; Yes                        ; Yes                        ; 2.32 V                      ; 1.08e-06 V                  ; 2.36 V             ; -0.0113 V          ; 0.122 V                             ; 0.022 V                             ; 4.5e-10 s                  ; 4.45e-10 s                 ; Yes                       ; Yes                       ;
; Disp2[6]        ; 2.5 V        ; 0 s                 ; 0 s                 ; 2.32 V                       ; 1.08e-06 V                   ; 2.36 V              ; -0.0113 V           ; 0.122 V                              ; 0.022 V                              ; 4.5e-10 s                   ; 4.45e-10 s                  ; Yes                        ; Yes                        ; 2.32 V                      ; 1.08e-06 V                  ; 2.36 V             ; -0.0113 V          ; 0.122 V                             ; 0.022 V                             ; 4.5e-10 s                  ; 4.45e-10 s                 ; Yes                       ; Yes                       ;
; Disp2[5]        ; 2.5 V        ; 0 s                 ; 0 s                 ; 2.32 V                       ; 1.08e-06 V                   ; 2.36 V              ; -0.0113 V           ; 0.122 V                              ; 0.022 V                              ; 4.5e-10 s                   ; 4.45e-10 s                  ; Yes                        ; Yes                        ; 2.32 V                      ; 1.08e-06 V                  ; 2.36 V             ; -0.0113 V          ; 0.122 V                             ; 0.022 V                             ; 4.5e-10 s                  ; 4.45e-10 s                 ; Yes                       ; Yes                       ;
; Disp2[4]        ; 2.5 V        ; 0 s                 ; 0 s                 ; 2.32 V                       ; 1.08e-06 V                   ; 2.36 V              ; -0.0113 V           ; 0.122 V                              ; 0.022 V                              ; 4.5e-10 s                   ; 4.45e-10 s                  ; Yes                        ; Yes                        ; 2.32 V                      ; 1.08e-06 V                  ; 2.36 V             ; -0.0113 V          ; 0.122 V                             ; 0.022 V                             ; 4.5e-10 s                  ; 4.45e-10 s                 ; Yes                       ; Yes                       ;
; Disp2[3]        ; 2.5 V        ; 0 s                 ; 0 s                 ; 2.32 V                       ; 1.08e-06 V                   ; 2.36 V              ; -0.0113 V           ; 0.122 V                              ; 0.022 V                              ; 4.5e-10 s                   ; 4.45e-10 s                  ; Yes                        ; Yes                        ; 2.32 V                      ; 1.08e-06 V                  ; 2.36 V             ; -0.0113 V          ; 0.122 V                             ; 0.022 V                             ; 4.5e-10 s                  ; 4.45e-10 s                 ; Yes                       ; Yes                       ;
; Disp2[2]        ; 2.5 V        ; 0 s                 ; 0 s                 ; 2.32 V                       ; 1.08e-06 V                   ; 2.36 V              ; -0.0113 V           ; 0.122 V                              ; 0.022 V                              ; 4.5e-10 s                   ; 4.45e-10 s                  ; Yes                        ; Yes                        ; 2.32 V                      ; 1.08e-06 V                  ; 2.36 V             ; -0.0113 V          ; 0.122 V                             ; 0.022 V                             ; 4.5e-10 s                  ; 4.45e-10 s                 ; Yes                       ; Yes                       ;
; Disp2[1]        ; 2.5 V        ; 0 s                 ; 0 s                 ; 2.32 V                       ; 1.08e-06 V                   ; 2.36 V              ; -0.0113 V           ; 0.122 V                              ; 0.022 V                              ; 4.5e-10 s                   ; 4.45e-10 s                  ; Yes                        ; Yes                        ; 2.32 V                      ; 1.08e-06 V                  ; 2.36 V             ; -0.0113 V          ; 0.122 V                             ; 0.022 V                             ; 4.5e-10 s                  ; 4.45e-10 s                 ; Yes                       ; Yes                       ;
; Disp2[0]        ; 2.5 V        ; 0 s                 ; 0 s                 ; 2.32 V                       ; 1.08e-06 V                   ; 2.36 V              ; -0.0113 V           ; 0.122 V                              ; 0.022 V                              ; 4.5e-10 s                   ; 4.45e-10 s                  ; Yes                        ; Yes                        ; 2.32 V                      ; 1.08e-06 V                  ; 2.36 V             ; -0.0113 V          ; 0.122 V                             ; 0.022 V                             ; 4.5e-10 s                  ; 4.45e-10 s                 ; Yes                       ; Yes                       ;
; Disp3[6]        ; 2.5 V        ; 0 s                 ; 0 s                 ; 2.32 V                       ; 1.08e-06 V                   ; 2.36 V              ; -0.0113 V           ; 0.122 V                              ; 0.022 V                              ; 4.5e-10 s                   ; 4.45e-10 s                  ; Yes                        ; Yes                        ; 2.32 V                      ; 1.08e-06 V                  ; 2.36 V             ; -0.0113 V          ; 0.122 V                             ; 0.022 V                             ; 4.5e-10 s                  ; 4.45e-10 s                 ; Yes                       ; Yes                       ;
; Disp3[5]        ; 2.5 V        ; 0 s                 ; 0 s                 ; 2.32 V                       ; 1.08e-06 V                   ; 2.36 V              ; -0.0113 V           ; 0.122 V                              ; 0.022 V                              ; 4.5e-10 s                   ; 4.45e-10 s                  ; Yes                        ; Yes                        ; 2.32 V                      ; 1.08e-06 V                  ; 2.36 V             ; -0.0113 V          ; 0.122 V                             ; 0.022 V                             ; 4.5e-10 s                  ; 4.45e-10 s                 ; Yes                       ; Yes                       ;
; Disp3[4]        ; 2.5 V        ; 0 s                 ; 0 s                 ; 2.32 V                       ; 1.08e-06 V                   ; 2.36 V              ; -0.0113 V           ; 0.122 V                              ; 0.022 V                              ; 4.5e-10 s                   ; 4.45e-10 s                  ; Yes                        ; Yes                        ; 2.32 V                      ; 1.08e-06 V                  ; 2.36 V             ; -0.0113 V          ; 0.122 V                             ; 0.022 V                             ; 4.5e-10 s                  ; 4.45e-10 s                 ; Yes                       ; Yes                       ;
; Disp3[3]        ; 2.5 V        ; 0 s                 ; 0 s                 ; 2.32 V                       ; 1.08e-06 V                   ; 2.36 V              ; -0.0113 V           ; 0.122 V                              ; 0.022 V                              ; 4.5e-10 s                   ; 4.45e-10 s                  ; Yes                        ; Yes                        ; 2.32 V                      ; 1.08e-06 V                  ; 2.36 V             ; -0.0113 V          ; 0.122 V                             ; 0.022 V                             ; 4.5e-10 s                  ; 4.45e-10 s                 ; Yes                       ; Yes                       ;
; Disp3[2]        ; 2.5 V        ; 0 s                 ; 0 s                 ; 2.32 V                       ; 1.08e-06 V                   ; 2.36 V              ; -0.0113 V           ; 0.122 V                              ; 0.022 V                              ; 4.5e-10 s                   ; 4.45e-10 s                  ; Yes                        ; Yes                        ; 2.32 V                      ; 1.08e-06 V                  ; 2.36 V             ; -0.0113 V          ; 0.122 V                             ; 0.022 V                             ; 4.5e-10 s                  ; 4.45e-10 s                 ; Yes                       ; Yes                       ;
; Disp3[1]        ; 2.5 V        ; 0 s                 ; 0 s                 ; 2.32 V                       ; 1.08e-06 V                   ; 2.36 V              ; -0.0113 V           ; 0.122 V                              ; 0.022 V                              ; 4.5e-10 s                   ; 4.45e-10 s                  ; Yes                        ; Yes                        ; 2.32 V                      ; 1.08e-06 V                  ; 2.36 V             ; -0.0113 V          ; 0.122 V                             ; 0.022 V                             ; 4.5e-10 s                  ; 4.45e-10 s                 ; Yes                       ; Yes                       ;
; Disp3[0]        ; 2.5 V        ; 0 s                 ; 0 s                 ; 2.32 V                       ; 1.08e-06 V                   ; 2.36 V              ; -0.0113 V           ; 0.122 V                              ; 0.022 V                              ; 4.5e-10 s                   ; 4.45e-10 s                  ; Yes                        ; Yes                        ; 2.32 V                      ; 1.08e-06 V                  ; 2.36 V             ; -0.0113 V          ; 0.122 V                             ; 0.022 V                             ; 4.5e-10 s                  ; 4.45e-10 s                 ; Yes                       ; Yes                       ;
; LED_acceso      ; 2.5 V        ; 0 s                 ; 0 s                 ; 2.32 V                       ; 7.25e-07 V                   ; 2.35 V              ; -0.0111 V           ; 0.113 V                              ; 0.035 V                              ; 7.76e-10 s                  ; 8.04e-10 s                  ; Yes                        ; Yes                        ; 2.32 V                      ; 7.25e-07 V                  ; 2.35 V             ; -0.0111 V          ; 0.113 V                             ; 0.035 V                             ; 7.76e-10 s                 ; 8.04e-10 s                 ; Yes                       ; Yes                       ;
; LED_clave       ; 2.5 V        ; 0 s                 ; 0 s                 ; 2.32 V                       ; 7.25e-07 V                   ; 2.33 V              ; -0.00317 V          ; 0.162 V                              ; 0.063 V                              ; 3.54e-09 s                  ; 3.41e-09 s                  ; Yes                        ; Yes                        ; 2.32 V                      ; 7.25e-07 V                  ; 2.33 V             ; -0.00317 V         ; 0.162 V                             ; 0.063 V                             ; 3.54e-09 s                 ; 3.41e-09 s                 ; Yes                       ; Yes                       ;
; LED_horario     ; 2.5 V        ; 0 s                 ; 0 s                 ; 2.32 V                       ; 7.25e-07 V                   ; 2.35 V              ; -0.0111 V           ; 0.113 V                              ; 0.035 V                              ; 7.76e-10 s                  ; 8.04e-10 s                  ; Yes                        ; Yes                        ; 2.32 V                      ; 7.25e-07 V                  ; 2.35 V             ; -0.0111 V          ; 0.113 V                             ; 0.035 V                             ; 7.76e-10 s                 ; 8.04e-10 s                 ; Yes                       ; Yes                       ;
; LED_intentos[0] ; 2.5 V        ; 0 s                 ; 0 s                 ; 2.32 V                       ; 7.25e-07 V                   ; 2.35 V              ; -0.0111 V           ; 0.113 V                              ; 0.035 V                              ; 7.76e-10 s                  ; 8.04e-10 s                  ; Yes                        ; Yes                        ; 2.32 V                      ; 7.25e-07 V                  ; 2.35 V             ; -0.0111 V          ; 0.113 V                             ; 0.035 V                             ; 7.76e-10 s                 ; 8.04e-10 s                 ; Yes                       ; Yes                       ;
; LED_intentos[1] ; 2.5 V        ; 0 s                 ; 0 s                 ; 2.32 V                       ; 7.25e-07 V                   ; 2.35 V              ; -0.0111 V           ; 0.113 V                              ; 0.035 V                              ; 7.76e-10 s                  ; 8.04e-10 s                  ; Yes                        ; Yes                        ; 2.32 V                      ; 7.25e-07 V                  ; 2.35 V             ; -0.0111 V          ; 0.113 V                             ; 0.035 V                             ; 7.76e-10 s                 ; 8.04e-10 s                 ; Yes                       ; Yes                       ;
; LED_alarma      ; 2.5 V        ; 0 s                 ; 0 s                 ; 2.32 V                       ; 7.25e-07 V                   ; 2.35 V              ; -0.0111 V           ; 0.113 V                              ; 0.035 V                              ; 7.76e-10 s                  ; 8.04e-10 s                  ; Yes                        ; Yes                        ; 2.32 V                      ; 7.25e-07 V                  ; 2.35 V             ; -0.0111 V          ; 0.113 V                             ; 0.035 V                             ; 7.76e-10 s                 ; 8.04e-10 s                 ; Yes                       ; Yes                       ;
; LED_load        ; 2.5 V        ; 0 s                 ; 0 s                 ; 2.32 V                       ; 7.25e-07 V                   ; 2.35 V              ; -0.0111 V           ; 0.113 V                              ; 0.035 V                              ; 7.76e-10 s                  ; 8.04e-10 s                  ; Yes                        ; Yes                        ; 2.32 V                      ; 7.25e-07 V                  ; 2.35 V             ; -0.0111 V          ; 0.113 V                             ; 0.035 V                             ; 7.76e-10 s                 ; 8.04e-10 s                 ; Yes                       ; Yes                       ;
; LED_clk_count   ; 2.5 V        ; 0 s                 ; 0 s                 ; 2.32 V                       ; 7.25e-07 V                   ; 2.35 V              ; -0.0111 V           ; 0.113 V                              ; 0.035 V                              ; 7.76e-10 s                  ; 8.04e-10 s                  ; Yes                        ; Yes                        ; 2.32 V                      ; 7.25e-07 V                  ; 2.35 V             ; -0.0111 V          ; 0.113 V                             ; 0.035 V                             ; 7.76e-10 s                 ; 8.04e-10 s                 ; Yes                       ; Yes                       ;
; ~ALTERA_DCLK~   ; 2.5 V        ; 0 s                 ; 0 s                 ; 2.32 V                       ; 5.68e-07 V                   ; 2.35 V              ; -0.0132 V           ; 0.2 V                                ; 0.027 V                              ; 5.26e-10 s                  ; 4.81e-10 s                  ; Yes                        ; Yes                        ; 2.32 V                      ; 5.68e-07 V                  ; 2.35 V             ; -0.0132 V          ; 0.2 V                               ; 0.027 V                             ; 5.26e-10 s                 ; 4.81e-10 s                 ; Yes                       ; Yes                       ;
; ~ALTERA_nCEO~   ; 2.5 V        ; 0 s                 ; 0 s                 ; 2.32 V                       ; 9.36e-07 V                   ; 2.35 V              ; -0.00444 V          ; 0.18 V                               ; 0.019 V                              ; 7.23e-10 s                  ; 9.82e-10 s                  ; Yes                        ; Yes                        ; 2.32 V                      ; 9.36e-07 V                  ; 2.35 V             ; -0.00444 V         ; 0.18 V                              ; 0.019 V                             ; 7.23e-10 s                 ; 9.82e-10 s                 ; Yes                       ; Yes                       ;
+-----------------+--------------+---------------------+---------------------+------------------------------+------------------------------+---------------------+---------------------+--------------------------------------+--------------------------------------+-----------------------------+-----------------------------+----------------------------+----------------------------+-----------------------------+-----------------------------+--------------------+--------------------+-------------------------------------+-------------------------------------+----------------------------+----------------------------+---------------------------+---------------------------+


+----------------------------------------------------------------------------------------------------------------------------------------------------------------------------------------------------------------------------------------------------------------------------------------------------------------------------------------------------------------------------------------------------------------------------------------------------------------------------------------------------------------------------------------------------------------------------------------------------------------------------------------------------------------------------------------------+
; Fast Corner Signal Integrity Metrics                                                                                                                                                                                                                                                                                                                                                                                                                                                                                                                                                                                                                                                         ;
+-----------------+--------------+---------------------+---------------------+------------------------------+------------------------------+---------------------+---------------------+--------------------------------------+--------------------------------------+-----------------------------+-----------------------------+----------------------------+----------------------------+-----------------------------+-----------------------------+--------------------+--------------------+-------------------------------------+-------------------------------------+----------------------------+----------------------------+---------------------------+---------------------------+
; Pin             ; I/O Standard ; Board Delay on Rise ; Board Delay on Fall ; Steady State Voh at FPGA Pin ; Steady State Vol at FPGA Pin ; Voh Max at FPGA Pin ; Vol Min at FPGA Pin ; Ringback Voltage on Rise at FPGA Pin ; Ringback Voltage on Fall at FPGA Pin ; 10-90 Rise Time at FPGA Pin ; 90-10 Fall Time at FPGA Pin ; Monotonic Rise at FPGA Pin ; Monotonic Fall at FPGA Pin ; Steady State Voh at Far-end ; Steady State Vol at Far-end ; Voh Max at Far-end ; Vol Min at Far-end ; Ringback Voltage on Rise at Far-end ; Ringback Voltage on Fall at Far-end ; 10-90 Rise Time at Far-end ; 90-10 Fall Time at Far-end ; Monotonic Rise at Far-end ; Monotonic Fall at Far-end ;
+-----------------+--------------+---------------------+---------------------+------------------------------+------------------------------+---------------------+---------------------+--------------------------------------+--------------------------------------+-----------------------------+-----------------------------+----------------------------+----------------------------+-----------------------------+-----------------------------+--------------------+--------------------+-------------------------------------+-------------------------------------+----------------------------+----------------------------+---------------------------+---------------------------+
; Disp0[6]        ; 2.5 V        ; 0 s                 ; 0 s                 ; 2.62 V                       ; 4.11e-08 V                   ; 2.73 V              ; -0.0566 V           ; 0.191 V                              ; 0.12 V                               ; 2.69e-10 s                  ; 2.76e-10 s                  ; Yes                        ; Yes                        ; 2.62 V                      ; 4.11e-08 V                  ; 2.73 V             ; -0.0566 V          ; 0.191 V                             ; 0.12 V                              ; 2.69e-10 s                 ; 2.76e-10 s                 ; Yes                       ; Yes                       ;
; Disp0[5]        ; 2.5 V        ; 0 s                 ; 0 s                 ; 2.62 V                       ; 4.11e-08 V                   ; 2.73 V              ; -0.0566 V           ; 0.191 V                              ; 0.12 V                               ; 2.69e-10 s                  ; 2.76e-10 s                  ; Yes                        ; Yes                        ; 2.62 V                      ; 4.11e-08 V                  ; 2.73 V             ; -0.0566 V          ; 0.191 V                             ; 0.12 V                              ; 2.69e-10 s                 ; 2.76e-10 s                 ; Yes                       ; Yes                       ;
; Disp0[4]        ; 2.5 V        ; 0 s                 ; 0 s                 ; 2.62 V                       ; 4.11e-08 V                   ; 2.73 V              ; -0.0566 V           ; 0.191 V                              ; 0.12 V                               ; 2.69e-10 s                  ; 2.76e-10 s                  ; Yes                        ; Yes                        ; 2.62 V                      ; 4.11e-08 V                  ; 2.73 V             ; -0.0566 V          ; 0.191 V                             ; 0.12 V                              ; 2.69e-10 s                 ; 2.76e-10 s                 ; Yes                       ; Yes                       ;
; Disp0[3]        ; 2.5 V        ; 0 s                 ; 0 s                 ; 2.62 V                       ; 4.11e-08 V                   ; 2.73 V              ; -0.0566 V           ; 0.191 V                              ; 0.12 V                               ; 2.69e-10 s                  ; 2.76e-10 s                  ; Yes                        ; Yes                        ; 2.62 V                      ; 4.11e-08 V                  ; 2.73 V             ; -0.0566 V          ; 0.191 V                             ; 0.12 V                              ; 2.69e-10 s                 ; 2.76e-10 s                 ; Yes                       ; Yes                       ;
; Disp0[2]        ; 2.5 V        ; 0 s                 ; 0 s                 ; 2.62 V                       ; 4.11e-08 V                   ; 2.73 V              ; -0.0566 V           ; 0.191 V                              ; 0.12 V                               ; 2.69e-10 s                  ; 2.76e-10 s                  ; Yes                        ; Yes                        ; 2.62 V                      ; 4.11e-08 V                  ; 2.73 V             ; -0.0566 V          ; 0.191 V                             ; 0.12 V                              ; 2.69e-10 s                 ; 2.76e-10 s                 ; Yes                       ; Yes                       ;
; Disp0[1]        ; 2.5 V        ; 0 s                 ; 0 s                 ; 2.62 V                       ; 4.11e-08 V                   ; 2.73 V              ; -0.0566 V           ; 0.191 V                              ; 0.12 V                               ; 2.69e-10 s                  ; 2.76e-10 s                  ; Yes                        ; Yes                        ; 2.62 V                      ; 4.11e-08 V                  ; 2.73 V             ; -0.0566 V          ; 0.191 V                             ; 0.12 V                              ; 2.69e-10 s                 ; 2.76e-10 s                 ; Yes                       ; Yes                       ;
; Disp0[0]        ; 2.5 V        ; 0 s                 ; 0 s                 ; 2.62 V                       ; 4.11e-08 V                   ; 2.73 V              ; -0.0566 V           ; 0.191 V                              ; 0.12 V                               ; 2.69e-10 s                  ; 2.76e-10 s                  ; Yes                        ; Yes                        ; 2.62 V                      ; 4.11e-08 V                  ; 2.73 V             ; -0.0566 V          ; 0.191 V                             ; 0.12 V                              ; 2.69e-10 s                 ; 2.76e-10 s                 ; Yes                       ; Yes                       ;
; Disp1[6]        ; 2.5 V        ; 0 s                 ; 0 s                 ; 2.62 V                       ; 4.11e-08 V                   ; 2.73 V              ; -0.0566 V           ; 0.191 V                              ; 0.12 V                               ; 2.69e-10 s                  ; 2.76e-10 s                  ; Yes                        ; Yes                        ; 2.62 V                      ; 4.11e-08 V                  ; 2.73 V             ; -0.0566 V          ; 0.191 V                             ; 0.12 V                              ; 2.69e-10 s                 ; 2.76e-10 s                 ; Yes                       ; Yes                       ;
; Disp1[5]        ; 2.5 V        ; 0 s                 ; 0 s                 ; 2.62 V                       ; 4.11e-08 V                   ; 2.73 V              ; -0.0566 V           ; 0.191 V                              ; 0.12 V                               ; 2.69e-10 s                  ; 2.76e-10 s                  ; Yes                        ; Yes                        ; 2.62 V                      ; 4.11e-08 V                  ; 2.73 V             ; -0.0566 V          ; 0.191 V                             ; 0.12 V                              ; 2.69e-10 s                 ; 2.76e-10 s                 ; Yes                       ; Yes                       ;
; Disp1[4]        ; 2.5 V        ; 0 s                 ; 0 s                 ; 2.62 V                       ; 4.11e-08 V                   ; 2.73 V              ; -0.0566 V           ; 0.191 V                              ; 0.12 V                               ; 2.69e-10 s                  ; 2.76e-10 s                  ; Yes                        ; Yes                        ; 2.62 V                      ; 4.11e-08 V                  ; 2.73 V             ; -0.0566 V          ; 0.191 V                             ; 0.12 V                              ; 2.69e-10 s                 ; 2.76e-10 s                 ; Yes                       ; Yes                       ;
; Disp1[3]        ; 2.5 V        ; 0 s                 ; 0 s                 ; 2.62 V                       ; 4.11e-08 V                   ; 2.73 V              ; -0.0566 V           ; 0.191 V                              ; 0.12 V                               ; 2.69e-10 s                  ; 2.76e-10 s                  ; Yes                        ; Yes                        ; 2.62 V                      ; 4.11e-08 V                  ; 2.73 V             ; -0.0566 V          ; 0.191 V                             ; 0.12 V                              ; 2.69e-10 s                 ; 2.76e-10 s                 ; Yes                       ; Yes                       ;
; Disp1[2]        ; 2.5 V        ; 0 s                 ; 0 s                 ; 2.62 V                       ; 4.11e-08 V                   ; 2.73 V              ; -0.0566 V           ; 0.191 V                              ; 0.12 V                               ; 2.69e-10 s                  ; 2.76e-10 s                  ; Yes                        ; Yes                        ; 2.62 V                      ; 4.11e-08 V                  ; 2.73 V             ; -0.0566 V          ; 0.191 V                             ; 0.12 V                              ; 2.69e-10 s                 ; 2.76e-10 s                 ; Yes                       ; Yes                       ;
; Disp1[1]        ; 2.5 V        ; 0 s                 ; 0 s                 ; 2.62 V                       ; 4.11e-08 V                   ; 2.73 V              ; -0.0566 V           ; 0.191 V                              ; 0.12 V                               ; 2.69e-10 s                  ; 2.76e-10 s                  ; Yes                        ; Yes                        ; 2.62 V                      ; 4.11e-08 V                  ; 2.73 V             ; -0.0566 V          ; 0.191 V                             ; 0.12 V                              ; 2.69e-10 s                 ; 2.76e-10 s                 ; Yes                       ; Yes                       ;
; Disp1[0]        ; 2.5 V        ; 0 s                 ; 0 s                 ; 2.62 V                       ; 4.11e-08 V                   ; 2.73 V              ; -0.0566 V           ; 0.191 V                              ; 0.12 V                               ; 2.69e-10 s                  ; 2.76e-10 s                  ; Yes                        ; Yes                        ; 2.62 V                      ; 4.11e-08 V                  ; 2.73 V             ; -0.0566 V          ; 0.191 V                             ; 0.12 V                              ; 2.69e-10 s                 ; 2.76e-10 s                 ; Yes                       ; Yes                       ;
; Disp2[6]        ; 2.5 V        ; 0 s                 ; 0 s                 ; 2.62 V                       ; 4.11e-08 V                   ; 2.73 V              ; -0.0566 V           ; 0.191 V                              ; 0.12 V                               ; 2.69e-10 s                  ; 2.76e-10 s                  ; Yes                        ; Yes                        ; 2.62 V                      ; 4.11e-08 V                  ; 2.73 V             ; -0.0566 V          ; 0.191 V                             ; 0.12 V                              ; 2.69e-10 s                 ; 2.76e-10 s                 ; Yes                       ; Yes                       ;
; Disp2[5]        ; 2.5 V        ; 0 s                 ; 0 s                 ; 2.62 V                       ; 4.11e-08 V                   ; 2.73 V              ; -0.0566 V           ; 0.191 V                              ; 0.12 V                               ; 2.69e-10 s                  ; 2.76e-10 s                  ; Yes                        ; Yes                        ; 2.62 V                      ; 4.11e-08 V                  ; 2.73 V             ; -0.0566 V          ; 0.191 V                             ; 0.12 V                              ; 2.69e-10 s                 ; 2.76e-10 s                 ; Yes                       ; Yes                       ;
; Disp2[4]        ; 2.5 V        ; 0 s                 ; 0 s                 ; 2.62 V                       ; 4.11e-08 V                   ; 2.73 V              ; -0.0566 V           ; 0.191 V                              ; 0.12 V                               ; 2.69e-10 s                  ; 2.76e-10 s                  ; Yes                        ; Yes                        ; 2.62 V                      ; 4.11e-08 V                  ; 2.73 V             ; -0.0566 V          ; 0.191 V                             ; 0.12 V                              ; 2.69e-10 s                 ; 2.76e-10 s                 ; Yes                       ; Yes                       ;
; Disp2[3]        ; 2.5 V        ; 0 s                 ; 0 s                 ; 2.62 V                       ; 4.11e-08 V                   ; 2.73 V              ; -0.0566 V           ; 0.191 V                              ; 0.12 V                               ; 2.69e-10 s                  ; 2.76e-10 s                  ; Yes                        ; Yes                        ; 2.62 V                      ; 4.11e-08 V                  ; 2.73 V             ; -0.0566 V          ; 0.191 V                             ; 0.12 V                              ; 2.69e-10 s                 ; 2.76e-10 s                 ; Yes                       ; Yes                       ;
; Disp2[2]        ; 2.5 V        ; 0 s                 ; 0 s                 ; 2.62 V                       ; 4.11e-08 V                   ; 2.73 V              ; -0.0566 V           ; 0.191 V                              ; 0.12 V                               ; 2.69e-10 s                  ; 2.76e-10 s                  ; Yes                        ; Yes                        ; 2.62 V                      ; 4.11e-08 V                  ; 2.73 V             ; -0.0566 V          ; 0.191 V                             ; 0.12 V                              ; 2.69e-10 s                 ; 2.76e-10 s                 ; Yes                       ; Yes                       ;
; Disp2[1]        ; 2.5 V        ; 0 s                 ; 0 s                 ; 2.62 V                       ; 4.11e-08 V                   ; 2.73 V              ; -0.0566 V           ; 0.191 V                              ; 0.12 V                               ; 2.69e-10 s                  ; 2.76e-10 s                  ; Yes                        ; Yes                        ; 2.62 V                      ; 4.11e-08 V                  ; 2.73 V             ; -0.0566 V          ; 0.191 V                             ; 0.12 V                              ; 2.69e-10 s                 ; 2.76e-10 s                 ; Yes                       ; Yes                       ;
; Disp2[0]        ; 2.5 V        ; 0 s                 ; 0 s                 ; 2.62 V                       ; 4.11e-08 V                   ; 2.73 V              ; -0.0566 V           ; 0.191 V                              ; 0.12 V                               ; 2.69e-10 s                  ; 2.76e-10 s                  ; Yes                        ; Yes                        ; 2.62 V                      ; 4.11e-08 V                  ; 2.73 V             ; -0.0566 V          ; 0.191 V                             ; 0.12 V                              ; 2.69e-10 s                 ; 2.76e-10 s                 ; Yes                       ; Yes                       ;
; Disp3[6]        ; 2.5 V        ; 0 s                 ; 0 s                 ; 2.62 V                       ; 4.11e-08 V                   ; 2.73 V              ; -0.0566 V           ; 0.191 V                              ; 0.12 V                               ; 2.69e-10 s                  ; 2.76e-10 s                  ; Yes                        ; Yes                        ; 2.62 V                      ; 4.11e-08 V                  ; 2.73 V             ; -0.0566 V          ; 0.191 V                             ; 0.12 V                              ; 2.69e-10 s                 ; 2.76e-10 s                 ; Yes                       ; Yes                       ;
; Disp3[5]        ; 2.5 V        ; 0 s                 ; 0 s                 ; 2.62 V                       ; 4.11e-08 V                   ; 2.73 V              ; -0.0566 V           ; 0.191 V                              ; 0.12 V                               ; 2.69e-10 s                  ; 2.76e-10 s                  ; Yes                        ; Yes                        ; 2.62 V                      ; 4.11e-08 V                  ; 2.73 V             ; -0.0566 V          ; 0.191 V                             ; 0.12 V                              ; 2.69e-10 s                 ; 2.76e-10 s                 ; Yes                       ; Yes                       ;
; Disp3[4]        ; 2.5 V        ; 0 s                 ; 0 s                 ; 2.62 V                       ; 4.11e-08 V                   ; 2.73 V              ; -0.0566 V           ; 0.191 V                              ; 0.12 V                               ; 2.69e-10 s                  ; 2.76e-10 s                  ; Yes                        ; Yes                        ; 2.62 V                      ; 4.11e-08 V                  ; 2.73 V             ; -0.0566 V          ; 0.191 V                             ; 0.12 V                              ; 2.69e-10 s                 ; 2.76e-10 s                 ; Yes                       ; Yes                       ;
; Disp3[3]        ; 2.5 V        ; 0 s                 ; 0 s                 ; 2.62 V                       ; 4.11e-08 V                   ; 2.73 V              ; -0.0566 V           ; 0.191 V                              ; 0.12 V                               ; 2.69e-10 s                  ; 2.76e-10 s                  ; Yes                        ; Yes                        ; 2.62 V                      ; 4.11e-08 V                  ; 2.73 V             ; -0.0566 V          ; 0.191 V                             ; 0.12 V                              ; 2.69e-10 s                 ; 2.76e-10 s                 ; Yes                       ; Yes                       ;
; Disp3[2]        ; 2.5 V        ; 0 s                 ; 0 s                 ; 2.62 V                       ; 4.11e-08 V                   ; 2.73 V              ; -0.0566 V           ; 0.191 V                              ; 0.12 V                               ; 2.69e-10 s                  ; 2.76e-10 s                  ; Yes                        ; Yes                        ; 2.62 V                      ; 4.11e-08 V                  ; 2.73 V             ; -0.0566 V          ; 0.191 V                             ; 0.12 V                              ; 2.69e-10 s                 ; 2.76e-10 s                 ; Yes                       ; Yes                       ;
; Disp3[1]        ; 2.5 V        ; 0 s                 ; 0 s                 ; 2.62 V                       ; 4.11e-08 V                   ; 2.73 V              ; -0.0566 V           ; 0.191 V                              ; 0.12 V                               ; 2.69e-10 s                  ; 2.76e-10 s                  ; Yes                        ; Yes                        ; 2.62 V                      ; 4.11e-08 V                  ; 2.73 V             ; -0.0566 V          ; 0.191 V                             ; 0.12 V                              ; 2.69e-10 s                 ; 2.76e-10 s                 ; Yes                       ; Yes                       ;
; Disp3[0]        ; 2.5 V        ; 0 s                 ; 0 s                 ; 2.62 V                       ; 4.11e-08 V                   ; 2.73 V              ; -0.0566 V           ; 0.191 V                              ; 0.12 V                               ; 2.69e-10 s                  ; 2.76e-10 s                  ; Yes                        ; Yes                        ; 2.62 V                      ; 4.11e-08 V                  ; 2.73 V             ; -0.0566 V          ; 0.191 V                             ; 0.12 V                              ; 2.69e-10 s                 ; 2.76e-10 s                 ; Yes                       ; Yes                       ;
; LED_acceso      ; 2.5 V        ; 0 s                 ; 0 s                 ; 2.62 V                       ; 2.78e-08 V                   ; 2.71 V              ; -0.0349 V           ; 0.253 V                              ; 0.069 V                              ; 4.96e-10 s                  ; 5.19e-10 s                  ; No                         ; Yes                        ; 2.62 V                      ; 2.78e-08 V                  ; 2.71 V             ; -0.0349 V          ; 0.253 V                             ; 0.069 V                             ; 4.96e-10 s                 ; 5.19e-10 s                 ; No                        ; Yes                       ;
; LED_clave       ; 2.5 V        ; 0 s                 ; 0 s                 ; 2.62 V                       ; 2.78e-08 V                   ; 2.64 V              ; -0.0109 V           ; 0.244 V                              ; 0.16 V                               ; 2.42e-09 s                  ; 2.37e-09 s                  ; No                         ; Yes                        ; 2.62 V                      ; 2.78e-08 V                  ; 2.64 V             ; -0.0109 V          ; 0.244 V                             ; 0.16 V                              ; 2.42e-09 s                 ; 2.37e-09 s                 ; No                        ; Yes                       ;
; LED_horario     ; 2.5 V        ; 0 s                 ; 0 s                 ; 2.62 V                       ; 2.78e-08 V                   ; 2.71 V              ; -0.0349 V           ; 0.253 V                              ; 0.069 V                              ; 4.96e-10 s                  ; 5.19e-10 s                  ; No                         ; Yes                        ; 2.62 V                      ; 2.78e-08 V                  ; 2.71 V             ; -0.0349 V          ; 0.253 V                             ; 0.069 V                             ; 4.96e-10 s                 ; 5.19e-10 s                 ; No                        ; Yes                       ;
; LED_intentos[0] ; 2.5 V        ; 0 s                 ; 0 s                 ; 2.62 V                       ; 2.78e-08 V                   ; 2.71 V              ; -0.0349 V           ; 0.253 V                              ; 0.069 V                              ; 4.96e-10 s                  ; 5.19e-10 s                  ; No                         ; Yes                        ; 2.62 V                      ; 2.78e-08 V                  ; 2.71 V             ; -0.0349 V          ; 0.253 V                             ; 0.069 V                             ; 4.96e-10 s                 ; 5.19e-10 s                 ; No                        ; Yes                       ;
; LED_intentos[1] ; 2.5 V        ; 0 s                 ; 0 s                 ; 2.62 V                       ; 2.78e-08 V                   ; 2.71 V              ; -0.0349 V           ; 0.253 V                              ; 0.069 V                              ; 4.96e-10 s                  ; 5.19e-10 s                  ; No                         ; Yes                        ; 2.62 V                      ; 2.78e-08 V                  ; 2.71 V             ; -0.0349 V          ; 0.253 V                             ; 0.069 V                             ; 4.96e-10 s                 ; 5.19e-10 s                 ; No                        ; Yes                       ;
; LED_alarma      ; 2.5 V        ; 0 s                 ; 0 s                 ; 2.62 V                       ; 2.78e-08 V                   ; 2.71 V              ; -0.0349 V           ; 0.253 V                              ; 0.069 V                              ; 4.96e-10 s                  ; 5.19e-10 s                  ; No                         ; Yes                        ; 2.62 V                      ; 2.78e-08 V                  ; 2.71 V             ; -0.0349 V          ; 0.253 V                             ; 0.069 V                             ; 4.96e-10 s                 ; 5.19e-10 s                 ; No                        ; Yes                       ;
; LED_load        ; 2.5 V        ; 0 s                 ; 0 s                 ; 2.62 V                       ; 2.78e-08 V                   ; 2.71 V              ; -0.0349 V           ; 0.253 V                              ; 0.069 V                              ; 4.96e-10 s                  ; 5.19e-10 s                  ; No                         ; Yes                        ; 2.62 V                      ; 2.78e-08 V                  ; 2.71 V             ; -0.0349 V          ; 0.253 V                             ; 0.069 V                             ; 4.96e-10 s                 ; 5.19e-10 s                 ; No                        ; Yes                       ;
; LED_clk_count   ; 2.5 V        ; 0 s                 ; 0 s                 ; 2.62 V                       ; 2.78e-08 V                   ; 2.71 V              ; -0.0349 V           ; 0.253 V                              ; 0.069 V                              ; 4.96e-10 s                  ; 5.19e-10 s                  ; No                         ; Yes                        ; 2.62 V                      ; 2.78e-08 V                  ; 2.71 V             ; -0.0349 V          ; 0.253 V                             ; 0.069 V                             ; 4.96e-10 s                 ; 5.19e-10 s                 ; No                        ; Yes                       ;
; ~ALTERA_DCLK~   ; 2.5 V        ; 0 s                 ; 0 s                 ; 2.62 V                       ; 2.22e-08 V                   ; 2.72 V              ; -0.0747 V           ; 0.28 V                               ; 0.169 V                              ; 3.1e-10 s                   ; 3.01e-10 s                  ; No                         ; Yes                        ; 2.62 V                      ; 2.22e-08 V                  ; 2.72 V             ; -0.0747 V          ; 0.28 V                              ; 0.169 V                             ; 3.1e-10 s                  ; 3.01e-10 s                 ; No                        ; Yes                       ;
; ~ALTERA_nCEO~   ; 2.5 V        ; 0 s                 ; 0 s                 ; 2.62 V                       ; 3.53e-08 V                   ; 2.7 V               ; -0.0212 V           ; 0.204 V                              ; 0.049 V                              ; 4.85e-10 s                  ; 6.73e-10 s                  ; No                         ; Yes                        ; 2.62 V                      ; 3.53e-08 V                  ; 2.7 V              ; -0.0212 V          ; 0.204 V                             ; 0.049 V                             ; 4.85e-10 s                 ; 6.73e-10 s                 ; No                        ; Yes                       ;
+-----------------+--------------+---------------------+---------------------+------------------------------+------------------------------+---------------------+---------------------+--------------------------------------+--------------------------------------+-----------------------------+-----------------------------+----------------------------+----------------------------+-----------------------------+-----------------------------+--------------------+--------------------+-------------------------------------+-------------------------------------+----------------------------+----------------------------+---------------------------+---------------------------+


+---------------------------------------------------------------------------------------+
; Setup Transfers                                                                       ;
+---------------------+---------------------+----------+----------+----------+----------+
; From Clock          ; To Clock            ; RR Paths ; FR Paths ; RF Paths ; FF Paths ;
+---------------------+---------------------+----------+----------+----------+----------+
; CLOCK_50            ; CLOCK_50            ; 650      ; 0        ; 0        ; 0        ;
; divisorfrec:U2|clk1 ; CLOCK_50            ; 1        ; 1        ; 0        ; 0        ;
; Clock_reg           ; Clock_reg           ; 0        ; 0        ; 0        ; 12       ;
; Clock_reg           ; confirmar           ; 0        ; 0        ; 0        ; 234      ;
; confirmar           ; confirmar           ; 0        ; 0        ; 0        ; 4        ;
; divisorfrec:U2|clk1 ; confirmar           ; 0        ; 0        ; 49       ; 0        ;
; Clock_reg           ; divisorfrec:U2|clk1 ; 0        ; 468      ; 0        ; 0        ;
; confirmar           ; divisorfrec:U2|clk1 ; 4        ; 12       ; 0        ; 0        ;
; divisorfrec:U2|clk1 ; divisorfrec:U2|clk1 ; 260      ; 0        ; 0        ; 0        ;
+---------------------+---------------------+----------+----------+----------+----------+
Entries labeled "false path" only account for clock-to-clock false paths and not path-based false paths. As a result, actual path counts may be lower than reported.


+---------------------------------------------------------------------------------------+
; Hold Transfers                                                                        ;
+---------------------+---------------------+----------+----------+----------+----------+
; From Clock          ; To Clock            ; RR Paths ; FR Paths ; RF Paths ; FF Paths ;
+---------------------+---------------------+----------+----------+----------+----------+
; CLOCK_50            ; CLOCK_50            ; 650      ; 0        ; 0        ; 0        ;
; divisorfrec:U2|clk1 ; CLOCK_50            ; 1        ; 1        ; 0        ; 0        ;
; Clock_reg           ; Clock_reg           ; 0        ; 0        ; 0        ; 12       ;
; Clock_reg           ; confirmar           ; 0        ; 0        ; 0        ; 234      ;
; confirmar           ; confirmar           ; 0        ; 0        ; 0        ; 4        ;
; divisorfrec:U2|clk1 ; confirmar           ; 0        ; 0        ; 49       ; 0        ;
; Clock_reg           ; divisorfrec:U2|clk1 ; 0        ; 468      ; 0        ; 0        ;
; confirmar           ; divisorfrec:U2|clk1 ; 4        ; 12       ; 0        ; 0        ;
; divisorfrec:U2|clk1 ; divisorfrec:U2|clk1 ; 260      ; 0        ; 0        ; 0        ;
+---------------------+---------------------+----------+----------+----------+----------+
Entries labeled "false path" only account for clock-to-clock false paths and not path-based false paths. As a result, actual path counts may be lower than reported.


---------------
; Report TCCS ;
---------------
No dedicated SERDES Transmitter circuitry present in device or used in design


---------------
; Report RSKM ;
---------------
No non-DPA dedicated SERDES Receiver circuitry present in device or used in design


+------------------------------------------------+
; Unconstrained Paths                            ;
+---------------------------------+-------+------+
; Property                        ; Setup ; Hold ;
+---------------------------------+-------+------+
; Illegal Clocks                  ; 0     ; 0    ;
; Unconstrained Clocks            ; 0     ; 0    ;
; Unconstrained Input Ports       ; 8     ; 8    ;
; Unconstrained Input Port Paths  ; 88    ; 88   ;
; Unconstrained Output Ports      ; 27    ; 27   ;
; Unconstrained Output Port Paths ; 434   ; 434  ;
+---------------------------------+-------+------+


+------------------------------------+
; TimeQuest Timing Analyzer Messages ;
+------------------------------------+
Info: *******************************************************************
Info: Running Quartus II 64-Bit TimeQuest Timing Analyzer
    Info: Version 13.1.0 Build 162 10/23/2013 SJ Web Edition
    Info: Processing started: Mon Apr 06 17:26:31 2026
Info: Command: quartus_sta top_cerradura -c top_cerradura
Info: qsta_default_script.tcl version: #1
Info (11104): Parallel Compilation has detected 8 hyper-threaded processors. However, the extra hyper-threaded processors will not be used by default. Parallel Compilation will use 4 of the 4 physical processors detected instead.
Info (21077): Core supply voltage is 1.2V
Info (21077): Low junction temperature is 0 degrees C
Info (21077): High junction temperature is 85 degrees C
Critical Warning (332012): Synopsys Design Constraints File file not found: 'top_cerradura.sdc'. A Synopsys Design Constraints File is required by the TimeQuest Timing Analyzer to get proper timing constraints. Without it, the Compiler will not properly optimize the design.
Info (332142): No user constrained base clocks found in the design. Calling "derive_clocks -period 1.0"
Info (332105): Deriving Clocks
    Info (332105): create_clock -period 1.000 -name divisorfrec:U2|clk1 divisorfrec:U2|clk1
    Info (332105): create_clock -period 1.000 -name CLOCK_50 CLOCK_50
    Info (332105): create_clock -period 1.000 -name confirmar confirmar
    Info (332105): create_clock -period 1.000 -name Clock_reg Clock_reg
Info (332143): No user constrained clock uncertainty found in the design. Calling "derive_clock_uncertainty"
Info (332123): Deriving Clock Uncertainty. Please refer to report_sdc in TimeQuest to see clock uncertainties.
Info: Found TIMEQUEST_REPORT_SCRIPT_INCLUDE_DEFAULT_ANALYSIS = ON
Info: Analyzing Slow 1200mV 85C Model
Critical Warning (332148): Timing requirements not met
    Info (11105): For recommendations on closing timing, run Report Timing Closure Recommendations in the TimeQuest Timing Analyzer.
Info (332146): Worst-case setup slack is -4.208
    Info (332119):     Slack       End Point TNS Clock 
    Info (332119): ========= =================== =====================
    Info (332119):    -4.208             -31.529 divisorfrec:U2|clk1 
    Info (332119):    -3.339              -6.606 confirmar 
    Info (332119):    -2.652             -37.899 CLOCK_50 
    Info (332119):    -0.246              -0.263 Clock_reg 
Info (332146): Worst-case hold slack is -0.374
    Info (332119):     Slack       End Point TNS Clock 
    Info (332119): ========= =================== =====================
    Info (332119):    -0.374              -0.374 divisorfrec:U2|clk1 
    Info (332119):    -0.125              -0.125 CLOCK_50 
    Info (332119):     0.381               0.000 confirmar 
    Info (332119):     0.396               0.000 Clock_reg 
Info (332140): No Recovery paths to report
Info (332140): No Removal paths to report
Info (332146): Worst-case minimum pulse width slack is -3.000
    Info (332119):     Slack       End Point TNS Clock 
    Info (332119): ========= =================== =====================
    Info (332119):    -3.000             -29.000 CLOCK_50 
    Info (332119):    -3.000             -19.000 Clock_reg 
    Info (332119):    -3.000              -5.000 confirmar 
    Info (332119):    -1.000             -12.000 divisorfrec:U2|clk1 
Info: Analyzing Slow 1200mV 0C Model
Info (334003): Started post-fitting delay annotation
Info (334004): Delay annotation completed successfully
Info (332123): Deriving Clock Uncertainty. Please refer to report_sdc in TimeQuest to see clock uncertainties.
Critical Warning (332148): Timing requirements not met
    Info (11105): For recommendations on closing timing, run Report Timing Closure Recommendations in the TimeQuest Timing Analyzer.
Info (332146): Worst-case setup slack is -3.838
    Info (332119):     Slack       End Point TNS Clock 
    Info (332119): ========= =================== =====================
    Info (332119):    -3.838             -27.486 divisorfrec:U2|clk1 
    Info (332119):    -2.892              -5.715 confirmar 
    Info (332119):    -2.284             -30.678 CLOCK_50 
    Info (332119):    -0.111              -0.111 Clock_reg 
Info (332146): Worst-case hold slack is -0.252
    Info (332119):     Slack       End Point TNS Clock 
    Info (332119): ========= =================== =====================
    Info (332119):    -0.252              -0.252 divisorfrec:U2|clk1 
    Info (332119):    -0.174              -0.174 CLOCK_50 
    Info (332119):     0.333               0.000 confirmar 
    Info (332119):     0.361               0.000 Clock_reg 
Info (332140): No Recovery paths to report
Info (332140): No Removal paths to report
Info (332146): Worst-case minimum pulse width slack is -3.000
    Info (332119):     Slack       End Point TNS Clock 
    Info (332119): ========= =================== =====================
    Info (332119):    -3.000             -29.000 CLOCK_50 
    Info (332119):    -3.000             -19.000 Clock_reg 
    Info (332119):    -3.000              -5.000 confirmar 
    Info (332119):    -1.000             -12.000 divisorfrec:U2|clk1 
Info: Analyzing Fast 1200mV 0C Model
Info (332123): Deriving Clock Uncertainty. Please refer to report_sdc in TimeQuest to see clock uncertainties.
Critical Warning (332148): Timing requirements not met
    Info (11105): For recommendations on closing timing, run Report Timing Closure Recommendations in the TimeQuest Timing Analyzer.
Info (332146): Worst-case setup slack is -2.384
    Info (332119):     Slack       End Point TNS Clock 
    Info (332119): ========= =================== =====================
    Info (332119):    -2.384             -14.433 divisorfrec:U2|clk1 
    Info (332119):    -1.346              -2.684 confirmar 
    Info (332119):    -1.059             -11.034 CLOCK_50 
    Info (332119):     0.312               0.000 Clock_reg 
Info (332146): Worst-case hold slack is -0.340
    Info (332119):     Slack       End Point TNS Clock 
    Info (332119): ========= =================== =====================
    Info (332119):    -0.340              -0.715 divisorfrec:U2|clk1 
    Info (332119):    -0.195              -0.195 CLOCK_50 
    Info (332119):     0.199               0.000 confirmar 
    Info (332119):     0.208               0.000 Clock_reg 
Info (332140): No Recovery paths to report
Info (332140): No Removal paths to report
Info (332146): Worst-case minimum pulse width slack is -3.000
    Info (332119):     Slack       End Point TNS Clock 
    Info (332119): ========= =================== =====================
    Info (332119):    -3.000             -30.442 CLOCK_50 
    Info (332119):    -3.000             -21.884 Clock_reg 
    Info (332119):    -3.000              -5.381 confirmar 
    Info (332119):    -1.000             -12.000 divisorfrec:U2|clk1 
Info (332102): Design is not fully constrained for setup requirements
Info (332102): Design is not fully constrained for hold requirements
Info: Quartus II 64-Bit TimeQuest Timing Analyzer was successful. 0 errors, 4 warnings
    Info: Peak virtual memory: 4694 megabytes
    Info: Processing ended: Mon Apr 06 17:26:34 2026
    Info: Elapsed time: 00:00:03
    Info: Total CPU time (on all processors): 00:00:03


